2026-03-26 00:48:55 [main] INFO  com.kojo.stack.KojoStackApplication - Starting KojoStackApplication v2026.1.0 using Java 21.0.10 with PID 498473 (/home/kojo/work/JojoAddisonDev/kojo-stack-api/target/kojo-stack-api-2026.1.0.jar started by kojo in /home/kojo/work/JojoAddisonDev/kojo-stack)
2026-03-26 00:48:55 [main] DEBUG com.kojo.stack.KojoStackApplication - Running with Spring Boot v3.2.0, Spring v6.1.1
2026-03-26 00:48:55 [main] INFO  com.kojo.stack.KojoStackApplication - The following 1 profile is active: "dev"
2026-03-26 00:49:05 [main] INFO  o.s.d.r.c.RepositoryConfigurationDelegate - Bootstrapping Spring Data MongoDB repositories in DEFAULT mode.
2026-03-26 00:49:06 [main] INFO  o.s.d.r.c.RepositoryConfigurationDelegate - Finished Spring Data repository scanning in 381 ms. Found 12 MongoDB repository interfaces.
2026-03-26 00:49:12 [main] INFO  o.s.b.w.e.tomcat.TomcatWebServer - Tomcat initialized with port 8085 (http)
2026-03-26 00:49:12 [main] INFO  o.a.catalina.core.StandardService - Starting service [Tomcat]
2026-03-26 00:49:12 [main] INFO  o.a.catalina.core.StandardEngine - Starting Servlet engine: [Apache Tomcat/10.1.16]
2026-03-26 00:49:12 [main] INFO  o.a.c.c.C.[Tomcat].[localhost].[/] - Initializing Spring embedded WebApplicationContext
2026-03-26 00:49:12 [main] INFO  o.s.b.w.s.c.ServletWebServerApplicationContext - Root WebApplicationContext: initialization completed in 16769 ms
2026-03-26 00:49:14 [main] DEBUG i.o.sdk.internal.JavaVersionSpecific - Using the APIs optimized for: Java 9+
2026-03-26 00:49:17 [main] INFO  org.mongodb.driver.client - MongoClient with metadata {"driver": {"name": "mongo-java-driver|sync|spring-boot", "version": "4.11.1"}, "os": {"type": "Linux", "name": "Linux", "architecture": "amd64", "version": "6.8.0-106-generic"}, "platform": "Java/Ubuntu/21.0.10+7-Ubuntu-124.04"} created with settings MongoClientSettings{readPreference=primary, writeConcern=WriteConcern{w=null, wTimeout=null ms, journal=null}, retryWrites=true, retryReads=true, readConcern=ReadConcern{level=null}, credential=null, transportSettings=null, streamFactoryFactory=null, commandListeners=[io.micrometer.core.instrument.binder.mongodb.MongoMetricsCommandListener@4331be30], codecRegistry=ProvidersCodecRegistry{codecProviders=[ValueCodecProvider{}, BsonValueCodecProvider{}, DBRefCodecProvider{}, DBObjectCodecProvider{}, DocumentCodecProvider{}, CollectionCodecProvider{}, IterableCodecProvider{}, MapCodecProvider{}, GeoJsonCodecProvider{}, GridFSFileCodecProvider{}, Jsr310CodecProvider{}, JsonObjectCodecProvider{}, BsonCodecProvider{}, EnumCodecProvider{}, com.mongodb.client.model.mql.ExpressionCodecProvider@5cd71ee2, com.mongodb.Jep395RecordCodecProvider@3dad535f, com.mongodb.KotlinCodecProvider@5f67181f]}, loggerSettings=LoggerSettings{maxDocumentLength=1000}, clusterSettings={hosts=[localhost:27017], srvServiceName=mongodb, mode=SINGLE, requiredClusterType=UNKNOWN, requiredReplicaSetName='null', serverSelector='null', clusterListeners='[]', serverSelectionTimeout='30000 ms', localThreshold='15 ms'}, socketSettings=SocketSettings{connectTimeoutMS=10000, readTimeoutMS=0, receiveBufferSize=0, proxySettings=ProxySettings{host=null, port=null, username=null, password=null}}, heartbeatSocketSettings=SocketSettings{connectTimeoutMS=10000, readTimeoutMS=10000, receiveBufferSize=0, proxySettings=ProxySettings{host=null, port=null, username=null, password=null}}, connectionPoolSettings=ConnectionPoolSettings{maxSize=100, minSize=0, maxWaitTimeMS=120000, maxConnectionLifeTimeMS=0, maxConnectionIdleTimeMS=0, maintenanceInitialDelayMS=0, maintenanceFrequencyMS=60000, connectionPoolListeners=[io.micrometer.core.instrument.binder.mongodb.MongoMetricsConnectionPoolListener@1169fdfd], maxConnecting=2}, serverSettings=ServerSettings{heartbeatFrequencyMS=10000, minHeartbeatFrequencyMS=500, serverListeners='[]', serverMonitorListeners='[]'}, sslSettings=SslSettings{enabled=false, invalidHostNameAllowed=false, context=null}, applicationName='null', compressorList=[], uuidRepresentation=JAVA_LEGACY, serverApi=null, autoEncryptionSettings=null, dnsClient=null, inetAddressResolver=null, contextProvider=null}
2026-03-26 00:49:17 [cluster-ClusterId{value='69c4747c7b33c079208cd8f2', description='null'}-localhost:27017] INFO  org.mongodb.driver.cluster - Monitor thread successfully connected to server with description ServerDescription{address=localhost:27017, type=STANDALONE, state=CONNECTED, ok=true, minWireVersion=0, maxWireVersion=21, maxDocumentSize=16777216, logicalSessionTimeoutMinutes=30, roundTripTimeNanos=169740195}
2026-03-26 00:49:19 [main] DEBUG o.s.d.m.c.i.MongoPersistentEntityIndexCreator - Analyzing class class com.kojo.stack.domain.model.Doc for index information
2026-03-26 00:49:19 [main] DEBUG o.s.d.m.c.i.MongoPersistentEntityIndexCreator - Analyzing class class com.kojo.stack.domain.model.Authority for index information
2026-03-26 00:49:19 [main] DEBUG o.s.d.m.c.i.MongoPersistentEntityIndexCreator - Analyzing class class com.kojo.stack.domain.model.Metric for index information
2026-03-26 00:49:19 [main] DEBUG o.s.d.m.c.i.MongoPersistentEntityIndexCreator - Analyzing class class com.kojo.stack.domain.model.Account for index information
2026-03-26 00:49:19 [main] DEBUG o.s.d.m.c.i.MongoPersistentEntityIndexCreator - Analyzing class class com.kojo.stack.domain.model.Profile for index information
2026-03-26 00:49:19 [main] DEBUG o.s.d.m.c.i.MongoPersistentEntityIndexCreator - Analyzing class class com.kojo.stack.domain.model.Education for index information
2026-03-26 00:49:19 [main] DEBUG o.s.d.m.c.i.MongoPersistentEntityIndexCreator - Analyzing class class com.kojo.stack.domain.model.Settings for index information
2026-03-26 00:49:19 [main] DEBUG o.s.d.m.c.i.MongoPersistentEntityIndexCreator - Analyzing class class com.kojo.stack.domain.model.Experience for index information
2026-03-26 00:49:19 [main] DEBUG o.s.d.m.c.i.MongoPersistentEntityIndexCreator - Analyzing class class com.kojo.stack.domain.model.Project for index information
2026-03-26 00:49:19 [main] DEBUG o.s.d.m.c.i.MongoPersistentEntityIndexCreator - Analyzing class class com.kojo.stack.domain.model.Inquiry for index information
2026-03-26 00:49:20 [main] DEBUG o.s.d.m.c.i.MongoPersistentEntityIndexCreator - Analyzing class class com.kojo.stack.domain.model.TechSkill for index information
2026-03-26 00:49:20 [main] DEBUG o.s.d.m.c.i.MongoPersistentEntityIndexCreator - Analyzing class class com.kojo.stack.domain.model.Experience$Metric for index information
2026-03-26 00:49:20 [main] DEBUG o.s.d.m.c.i.MongoPersistentEntityIndexCreator - Analyzing class class com.kojo.stack.domain.User for index information
2026-03-26 00:49:22 [main] DEBUG c.k.s.s.JwtAuthenticationFilter - Filter 'jwtAuthenticationFilter' configured for use
2026-03-26 00:49:22 [main] DEBUG o.s.w.f.ServerHttpObservationFilter - Filter 'webMvcObservationFilter' configured for use
2026-03-26 00:49:22 [main] DEBUG c.k.s.config.RequestLoggingFilter - Filter 'requestLoggingFilter' configured for use
2026-03-26 00:49:22 [main] DEBUG o.s.web.filter.CorsFilter - Filter 'corsFilter' configured for use
2026-03-26 00:49:33 [main] INFO  org.ehcache.core.EhcacheManager - Cache 'Account' created in EhcacheManager.
2026-03-26 00:49:33 [main] INFO  org.ehcache.core.EhcacheManager - Cache 'docsByType' created in EhcacheManager.
2026-03-26 00:49:33 [main] INFO  org.ehcache.core.EhcacheManager - Cache 'projects' created in EhcacheManager.
2026-03-26 00:49:33 [main] INFO  org.ehcache.core.EhcacheManager - Cache 'education' created in EhcacheManager.
2026-03-26 00:49:33 [main] INFO  org.ehcache.core.EhcacheManager - Cache 'activeProjects' created in EhcacheManager.
2026-03-26 00:49:33 [main] INFO  org.ehcache.core.EhcacheManager - Cache 'activeExperiences' created in EhcacheManager.
2026-03-26 00:49:33 [main] INFO  org.ehcache.core.EhcacheManager - Cache 'skills' created in EhcacheManager.
2026-03-26 00:49:33 [main] INFO  org.ehcache.core.EhcacheManager - Cache 'docs' created in EhcacheManager.
2026-03-26 00:49:33 [main] INFO  org.ehcache.core.EhcacheManager - Cache 'skillsByCategory' created in EhcacheManager.
2026-03-26 00:49:33 [main] INFO  org.ehcache.core.EhcacheManager - Cache 'settings' created in EhcacheManager.
2026-03-26 00:49:33 [main] INFO  org.ehcache.core.EhcacheManager - Cache 'profile' created in EhcacheManager.
2026-03-26 00:49:33 [main] INFO  org.ehcache.core.EhcacheManager - Cache 'profiles' created in EhcacheManager.
2026-03-26 00:49:33 [main] INFO  org.ehcache.core.EhcacheManager - Cache 'experiences' created in EhcacheManager.
2026-03-26 00:49:33 [main] INFO  org.ehcache.core.EhcacheManager - Cache 'authorities' created in EhcacheManager.
2026-03-26 00:49:33 [main] INFO  org.ehcache.core.EhcacheManager - Cache 'educationByType' created in EhcacheManager.
2026-03-26 00:49:33 [main] INFO  org.ehcache.core.EhcacheManager - Cache 'authority' created in EhcacheManager.
2026-03-26 00:49:33 [main] INFO  org.ehcache.core.EhcacheManager - Cache 'metricsByCategory' created in EhcacheManager.
2026-03-26 00:49:33 [main] INFO  org.ehcache.core.EhcacheManager - Cache 'metrics' created in EhcacheManager.
2026-03-26 00:49:33 [main] INFO  org.ehcache.core.EhcacheManager - Cache 'Accounts' created in EhcacheManager.
2026-03-26 00:49:34 [main] INFO  o.ehcache.jsr107.Eh107CacheManager - Registering Ehcache MBean javax.cache:type=CacheStatistics,CacheManager=jar.nested./home/kojo/work/JojoAddisonDev/kojo-stack-api/target/kojo-stack-api-2026.1.0.jar/!BOOT-INF/classes/!/ehcache.xml,Cache=Account
2026-03-26 00:49:34 [main] INFO  o.ehcache.jsr107.Eh107CacheManager - Registering Ehcache MBean javax.cache:type=CacheStatistics,CacheManager=jar.nested./home/kojo/work/JojoAddisonDev/kojo-stack-api/target/kojo-stack-api-2026.1.0.jar/!BOOT-INF/classes/!/ehcache.xml,Cache=docsByType
2026-03-26 00:49:34 [main] INFO  o.ehcache.jsr107.Eh107CacheManager - Registering Ehcache MBean javax.cache:type=CacheStatistics,CacheManager=jar.nested./home/kojo/work/JojoAddisonDev/kojo-stack-api/target/kojo-stack-api-2026.1.0.jar/!BOOT-INF/classes/!/ehcache.xml,Cache=projects
2026-03-26 00:49:34 [main] INFO  o.ehcache.jsr107.Eh107CacheManager - Registering Ehcache MBean javax.cache:type=CacheStatistics,CacheManager=jar.nested./home/kojo/work/JojoAddisonDev/kojo-stack-api/target/kojo-stack-api-2026.1.0.jar/!BOOT-INF/classes/!/ehcache.xml,Cache=education
2026-03-26 00:49:34 [main] INFO  o.ehcache.jsr107.Eh107CacheManager - Registering Ehcache MBean javax.cache:type=CacheStatistics,CacheManager=jar.nested./home/kojo/work/JojoAddisonDev/kojo-stack-api/target/kojo-stack-api-2026.1.0.jar/!BOOT-INF/classes/!/ehcache.xml,Cache=activeProjects
2026-03-26 00:49:34 [main] INFO  o.ehcache.jsr107.Eh107CacheManager - Registering Ehcache MBean javax.cache:type=CacheStatistics,CacheManager=jar.nested./home/kojo/work/JojoAddisonDev/kojo-stack-api/target/kojo-stack-api-2026.1.0.jar/!BOOT-INF/classes/!/ehcache.xml,Cache=activeExperiences
2026-03-26 00:49:34 [main] INFO  o.ehcache.jsr107.Eh107CacheManager - Registering Ehcache MBean javax.cache:type=CacheStatistics,CacheManager=jar.nested./home/kojo/work/JojoAddisonDev/kojo-stack-api/target/kojo-stack-api-2026.1.0.jar/!BOOT-INF/classes/!/ehcache.xml,Cache=skills
2026-03-26 00:49:34 [main] INFO  o.ehcache.jsr107.Eh107CacheManager - Registering Ehcache MBean javax.cache:type=CacheStatistics,CacheManager=jar.nested./home/kojo/work/JojoAddisonDev/kojo-stack-api/target/kojo-stack-api-2026.1.0.jar/!BOOT-INF/classes/!/ehcache.xml,Cache=docs
2026-03-26 00:49:34 [main] INFO  o.ehcache.jsr107.Eh107CacheManager - Registering Ehcache MBean javax.cache:type=CacheStatistics,CacheManager=jar.nested./home/kojo/work/JojoAddisonDev/kojo-stack-api/target/kojo-stack-api-2026.1.0.jar/!BOOT-INF/classes/!/ehcache.xml,Cache=skillsByCategory
2026-03-26 00:49:34 [main] INFO  o.ehcache.jsr107.Eh107CacheManager - Registering Ehcache MBean javax.cache:type=CacheStatistics,CacheManager=jar.nested./home/kojo/work/JojoAddisonDev/kojo-stack-api/target/kojo-stack-api-2026.1.0.jar/!BOOT-INF/classes/!/ehcache.xml,Cache=settings
2026-03-26 00:49:34 [main] INFO  o.ehcache.jsr107.Eh107CacheManager - Registering Ehcache MBean javax.cache:type=CacheStatistics,CacheManager=jar.nested./home/kojo/work/JojoAddisonDev/kojo-stack-api/target/kojo-stack-api-2026.1.0.jar/!BOOT-INF/classes/!/ehcache.xml,Cache=profile
2026-03-26 00:49:34 [main] INFO  o.ehcache.jsr107.Eh107CacheManager - Registering Ehcache MBean javax.cache:type=CacheStatistics,CacheManager=jar.nested./home/kojo/work/JojoAddisonDev/kojo-stack-api/target/kojo-stack-api-2026.1.0.jar/!BOOT-INF/classes/!/ehcache.xml,Cache=profiles
2026-03-26 00:49:34 [main] INFO  o.ehcache.jsr107.Eh107CacheManager - Registering Ehcache MBean javax.cache:type=CacheStatistics,CacheManager=jar.nested./home/kojo/work/JojoAddisonDev/kojo-stack-api/target/kojo-stack-api-2026.1.0.jar/!BOOT-INF/classes/!/ehcache.xml,Cache=experiences
2026-03-26 00:49:34 [main] INFO  o.ehcache.jsr107.Eh107CacheManager - Registering Ehcache MBean javax.cache:type=CacheStatistics,CacheManager=jar.nested./home/kojo/work/JojoAddisonDev/kojo-stack-api/target/kojo-stack-api-2026.1.0.jar/!BOOT-INF/classes/!/ehcache.xml,Cache=authorities
2026-03-26 00:49:34 [main] INFO  o.ehcache.jsr107.Eh107CacheManager - Registering Ehcache MBean javax.cache:type=CacheStatistics,CacheManager=jar.nested./home/kojo/work/JojoAddisonDev/kojo-stack-api/target/kojo-stack-api-2026.1.0.jar/!BOOT-INF/classes/!/ehcache.xml,Cache=educationByType
2026-03-26 00:49:34 [main] INFO  o.ehcache.jsr107.Eh107CacheManager - Registering Ehcache MBean javax.cache:type=CacheStatistics,CacheManager=jar.nested./home/kojo/work/JojoAddisonDev/kojo-stack-api/target/kojo-stack-api-2026.1.0.jar/!BOOT-INF/classes/!/ehcache.xml,Cache=authority
2026-03-26 00:49:34 [main] INFO  o.ehcache.jsr107.Eh107CacheManager - Registering Ehcache MBean javax.cache:type=CacheStatistics,CacheManager=jar.nested./home/kojo/work/JojoAddisonDev/kojo-stack-api/target/kojo-stack-api-2026.1.0.jar/!BOOT-INF/classes/!/ehcache.xml,Cache=metricsByCategory
2026-03-26 00:49:34 [main] INFO  o.ehcache.jsr107.Eh107CacheManager - Registering Ehcache MBean javax.cache:type=CacheStatistics,CacheManager=jar.nested./home/kojo/work/JojoAddisonDev/kojo-stack-api/target/kojo-stack-api-2026.1.0.jar/!BOOT-INF/classes/!/ehcache.xml,Cache=metrics
2026-03-26 00:49:34 [main] INFO  o.ehcache.jsr107.Eh107CacheManager - Registering Ehcache MBean javax.cache:type=CacheStatistics,CacheManager=jar.nested./home/kojo/work/JojoAddisonDev/kojo-stack-api/target/kojo-stack-api-2026.1.0.jar/!BOOT-INF/classes/!/ehcache.xml,Cache=Accounts
2026-03-26 00:49:34 [main] INFO  com.kojo.stack.config.CacheConfig - Ehcache in-memory cache manager initialized with config: jar:nested:/home/kojo/work/JojoAddisonDev/kojo-stack-api/target/kojo-stack-api-2026.1.0.jar/!BOOT-INF/classes/!/ehcache.xml
2026-03-26 00:49:35 [main] DEBUG o.s.w.s.m.m.a.RequestMappingHandlerMapping - 88 mappings in 'requestMappingHandlerMapping'
2026-03-26 00:49:36 [main] DEBUG o.s.w.s.h.SimpleUrlHandlerMapping - Patterns [/webjars/**, /**, /swagger-ui*/*swagger-initializer.js, /swagger-ui*/**] in 'resourceHandlerMapping'
2026-03-26 00:49:37 [main] INFO  o.s.b.a.e.web.EndpointLinksResolver - Exposing 5 endpoint(s) beneath base path '/actuator'
2026-03-26 00:49:37 [main] INFO  o.s.s.web.DefaultSecurityFilterChain - Will secure any request with [org.springframework.security.web.session.DisableEncodeUrlFilter@560e1459, org.springframework.security.web.context.request.async.WebAsyncManagerIntegrationFilter@6aa7d7a0, org.springframework.security.web.context.SecurityContextHolderFilter@14d7a962, org.springframework.security.web.header.HeaderWriterFilter@2df0a4c3, org.springframework.web.filter.CorsFilter@34b462e0, org.springframework.security.web.authentication.logout.LogoutFilter@6a4c4261, com.kojo.stack.security.JwtAuthenticationFilter@3921e96f, org.springframework.security.web.savedrequest.RequestCacheAwareFilter@525aadf2, org.springframework.security.web.servletapi.SecurityContextHolderAwareRequestFilter@59fa5a39, org.springframework.security.web.authentication.AnonymousAuthenticationFilter@4c3125ff, org.springframework.security.web.session.SessionManagementFilter@78c34153, org.springframework.security.web.access.ExceptionTranslationFilter@bedebe9, org.springframework.security.web.access.intercept.AuthorizationFilter@4a66949a]
2026-03-26 00:49:38 [main] DEBUG o.s.w.s.m.m.a.RequestMappingHandlerAdapter - ControllerAdvice beans: 0 @ModelAttribute, 0 @InitBinder, 1 RequestBodyAdvice, 1 ResponseBodyAdvice
2026-03-26 00:49:39 [main] DEBUG o.s.w.s.m.m.a.ExceptionHandlerExceptionResolver - ControllerAdvice beans: 2 @ExceptionHandler, 1 ResponseBodyAdvice
2026-03-26 00:49:41 [main] INFO  o.s.b.w.e.tomcat.TomcatWebServer - Tomcat started on port 8085 (http) with context path ''
2026-03-26 00:49:41 [main] INFO  com.kojo.stack.KojoStackApplication - Started KojoStackApplication in 49.327 seconds (process running for 52.21)
2026-03-26 00:49:41 [main] DEBUG o.s.data.mongodb.core.MongoTemplate - Executing count: {} in collection: authorities
2026-03-26 00:49:41 [main] DEBUG o.s.d.m.r.query.MongoQueryCreator - Created query Query: { "name" : "ROLE_ADMIN"}, Fields: {}, Sort: {}
2026-03-26 00:49:41 [main] DEBUG o.s.data.mongodb.core.MongoTemplate - find using query: { "name" : "ROLE_ADMIN"} fields: Document{{}} for class: class com.kojo.stack.domain.model.Authority in collection: authorities
2026-03-26 00:49:42 [main] DEBUG o.s.data.mongodb.core.MongoTemplate - Remove using query: {} in collection: user_logins.
2026-03-26 00:49:42 [main] DEBUG o.s.data.mongodb.core.MongoTemplate - Inserting Document containing fields: [login, email, password, activated, authorities, _class] in collection: user_logins
2026-03-26 00:49:42 [main] DEBUG o.s.data.mongodb.core.MongoTemplate - Executing count: {} in collection: experiences
2026-03-26 00:50:31 [http-nio-8085-exec-2] INFO  o.a.c.c.C.[Tomcat].[localhost].[/] - Initializing Spring DispatcherServlet 'dispatcherServlet'
2026-03-26 00:50:31 [http-nio-8085-exec-2] INFO  o.s.web.servlet.DispatcherServlet - Initializing Servlet 'dispatcherServlet'
2026-03-26 00:50:31 [http-nio-8085-exec-2] DEBUG o.s.web.servlet.DispatcherServlet - Detected StandardServletMultipartResolver
2026-03-26 00:50:31 [http-nio-8085-exec-2] DEBUG o.s.web.servlet.DispatcherServlet - Detected AcceptHeaderLocaleResolver
2026-03-26 00:50:31 [http-nio-8085-exec-2] DEBUG o.s.web.servlet.DispatcherServlet - Detected FixedThemeResolver
2026-03-26 00:50:31 [http-nio-8085-exec-2] DEBUG o.s.web.servlet.DispatcherServlet - Detected org.springframework.web.servlet.view.DefaultRequestToViewNameTranslator@69b6c59a
2026-03-26 00:50:31 [http-nio-8085-exec-2] DEBUG o.s.web.servlet.DispatcherServlet - Detected org.springframework.web.servlet.support.SessionFlashMapManager@bfc58e4
2026-03-26 00:50:31 [http-nio-8085-exec-2] DEBUG o.s.web.servlet.DispatcherServlet - enableLoggingRequestDetails='false': request parameters and headers will be masked to prevent unsafe logging of potentially sensitive data
2026-03-26 00:50:31 [http-nio-8085-exec-2] INFO  o.s.web.servlet.DispatcherServlet - Completed initialization in 12 ms
2026-03-26 00:50:31 [http-nio-8085-exec-1] DEBUG i.o.e.t.p.B3PropagatorExtractorMultipleHeaders - Invalid TraceId in B3 header: null'. Returning INVALID span context.
2026-03-26 00:50:31 [http-nio-8085-exec-1] DEBUG i.o.e.t.p.B3PropagatorExtractorMultipleHeaders - Invalid TraceId in B3 header: null'. Returning INVALID span context.
2026-03-26 00:50:31 [http-nio-8085-exec-2] DEBUG i.o.e.t.p.B3PropagatorExtractorMultipleHeaders - Invalid TraceId in B3 header: null'. Returning INVALID span context.
2026-03-26 00:50:31 [http-nio-8085-exec-2] DEBUG i.o.e.t.p.B3PropagatorExtractorMultipleHeaders - Invalid TraceId in B3 header: null'. Returning INVALID span context.
2026-03-26 00:50:31 [http-nio-8085-exec-2] DEBUG o.s.security.web.FilterChainProxy - Securing GET /api/v1/metrics
2026-03-26 00:50:31 [http-nio-8085-exec-1] DEBUG o.s.security.web.FilterChainProxy - Securing GET /api/v1/settings
2026-03-26 00:50:32 [http-nio-8085-exec-1] DEBUG o.s.s.w.a.AnonymousAuthenticationFilter - Set SecurityContextHolder to anonymous SecurityContext
2026-03-26 00:50:32 [http-nio-8085-exec-2] DEBUG o.s.s.w.a.AnonymousAuthenticationFilter - Set SecurityContextHolder to anonymous SecurityContext
2026-03-26 00:50:32 [http-nio-8085-exec-2] WARN  o.s.w.s.h.HandlerMappingIntrospector - Cache miss for REQUEST dispatch to '/api/v1/metrics' (previous null). Performing MatchableHandlerMapping lookup. This is logged once only at WARN level, and every time at TRACE.
2026-03-26 00:50:32 [http-nio-8085-exec-2] DEBUG o.s.security.web.FilterChainProxy - Secured GET /api/v1/metrics
2026-03-26 00:50:32 [http-nio-8085-exec-1] DEBUG o.s.security.web.FilterChainProxy - Secured GET /api/v1/settings
2026-03-26 00:50:32 [http-nio-8085-exec-1] INFO  c.k.s.config.RequestLoggingFilter - >>> Incoming Request: [GET] /api/v1/settings 200 | Trace-ID: 25144c96-d1a7-4d0d-b674-5d6ce1e7381d | Query: null
2026-03-26 00:50:32 [http-nio-8085-exec-2] INFO  c.k.s.config.RequestLoggingFilter - >>> Incoming Request: [GET] /api/v1/metrics 200 | Trace-ID: 22f35561-c5c4-4d4c-b52b-1184360c2a12 | Query: null
2026-03-26 00:50:32 [http-nio-8085-exec-1] DEBUG o.s.web.servlet.DispatcherServlet - GET "/api/v1/settings", parameters={}
2026-03-26 00:50:32 [http-nio-8085-exec-2] DEBUG o.s.web.servlet.DispatcherServlet - GET "/api/v1/metrics", parameters={}
2026-03-26 00:50:32 [http-nio-8085-exec-1] DEBUG o.s.w.s.m.m.a.RequestMappingHandlerMapping - Mapped to com.kojo.stack.api.controller.SettingsController#getAll()
2026-03-26 00:50:32 [http-nio-8085-exec-2] DEBUG o.s.w.s.m.m.a.RequestMappingHandlerMapping - Mapped to com.kojo.stack.api.controller.MetricController#getAll()
2026-03-26 00:50:32 [http-nio-8085-exec-2] INFO  c.kojo.stack.service.MetricService - Fetching all metrics
2026-03-26 00:50:32 [http-nio-8085-exec-1] INFO  c.kojo.stack.service.SettingsService - Fetching all settings
2026-03-26 00:50:32 [http-nio-8085-exec-2] DEBUG o.s.data.mongodb.core.MongoTemplate - find using query: {} fields: Document{{}} for class: class com.kojo.stack.domain.model.Metric in collection: metrics
2026-03-26 00:50:32 [http-nio-8085-exec-1] DEBUG o.s.data.mongodb.core.MongoTemplate - find using query: {} fields: Document{{}} for class: class com.kojo.stack.domain.model.Settings in collection: settings
2026-03-26 00:50:32 [http-nio-8085-exec-2] DEBUG o.s.w.s.m.m.a.HttpEntityMethodProcessor - Using 'application/json;q=0.8', given [text/html, application/xhtml+xml, image/avif, image/webp, image/apng, application/xml;q=0.9, */*;q=0.8, application/signed-exchange;v=b3;q=0.7] and supported [application/json, application/*+json]
2026-03-26 00:50:32 [http-nio-8085-exec-1] DEBUG o.s.w.s.m.m.a.HttpEntityMethodProcessor - Using 'application/json;q=0.8', given [text/html, application/xhtml+xml, image/avif, image/webp, image/apng, application/xml;q=0.9, */*;q=0.8, application/signed-exchange;v=b3;q=0.7] and supported [application/json, application/*+json]
2026-03-26 00:50:32 [http-nio-8085-exec-2] DEBUG o.s.w.s.m.m.a.HttpEntityMethodProcessor - Writing [[]]
2026-03-26 00:50:32 [http-nio-8085-exec-1] DEBUG o.s.w.s.m.m.a.HttpEntityMethodProcessor - Writing [[]]
2026-03-26 00:50:32 [http-nio-8085-exec-2] DEBUG o.s.web.servlet.DispatcherServlet - Completed 200 OK
2026-03-26 00:50:32 [http-nio-8085-exec-1] DEBUG o.s.web.servlet.DispatcherServlet - Completed 200 OK
2026-03-26 00:50:32 [http-nio-8085-exec-1] INFO  c.k.s.config.RequestLoggingFilter - <<< Response: [GET] /api/v1/settings | Status: 200 | Duration: 342ms | Trace-ID: 25144c96-d1a7-4d0d-b674-5d6ce1e7381d
2026-03-26 00:50:32 [http-nio-8085-exec-2] INFO  c.k.s.config.RequestLoggingFilter - <<< Response: [GET] /api/v1/metrics | Status: 200 | Duration: 342ms | Trace-ID: 22f35561-c5c4-4d4c-b52b-1184360c2a12
2026-03-26 00:52:35 [http-nio-8085-exec-5] DEBUG i.o.a.t.p.W3CTraceContextPropagator - Unparseable traceparent header. Returning INVALID span context.
2026-03-26 00:52:35 [http-nio-8085-exec-5] DEBUG o.s.security.web.FilterChainProxy - Securing GET /api/v1/profiles
2026-03-26 00:52:35 [http-nio-8085-exec-5] DEBUG o.s.s.w.a.AnonymousAuthenticationFilter - Set SecurityContextHolder to anonymous SecurityContext
2026-03-26 00:52:36 [http-nio-8085-exec-5] DEBUG o.s.security.web.FilterChainProxy - Secured GET /api/v1/profiles
2026-03-26 00:52:36 [http-nio-8085-exec-5] INFO  c.k.s.config.RequestLoggingFilter - >>> Incoming Request: [GET] /api/v1/profiles 200 | Trace-ID: 51fd7c9f-8042-4f64-87a4-ad790228c46a | Query: null
2026-03-26 00:52:36 [http-nio-8085-exec-5] DEBUG o.s.web.servlet.DispatcherServlet - GET "/api/v1/profiles", parameters={}
2026-03-26 00:52:36 [http-nio-8085-exec-5] DEBUG o.s.w.s.m.m.a.RequestMappingHandlerMapping - Mapped to com.kojo.stack.api.controller.ProfileController#getAll()
2026-03-26 00:52:36 [http-nio-8085-exec-5] INFO  c.kojo.stack.service.ProfileService - Fetching all profiles
2026-03-26 00:52:36 [http-nio-8085-exec-5] DEBUG o.s.data.mongodb.core.MongoTemplate - find using query: {} fields: Document{{}} for class: class com.kojo.stack.domain.model.Profile in collection: profiles
2026-03-26 00:52:36 [http-nio-8085-exec-5] DEBUG o.s.w.s.m.m.a.HttpEntityMethodProcessor - Using 'application/json', given [application/json, text/plain, */*] and supported [application/json, application/*+json]
2026-03-26 00:52:36 [http-nio-8085-exec-5] DEBUG o.s.w.s.m.m.a.HttpEntityMethodProcessor - Writing [[]]
2026-03-26 00:52:36 [http-nio-8085-exec-5] DEBUG o.s.web.servlet.DispatcherServlet - Completed 200 OK
2026-03-26 00:52:36 [http-nio-8085-exec-5] INFO  c.k.s.config.RequestLoggingFilter - <<< Response: [GET] /api/v1/profiles | Status: 200 | Duration: 85ms | Trace-ID: 51fd7c9f-8042-4f64-87a4-ad790228c46a
2026-03-26 00:52:36 [http-nio-8085-exec-6] DEBUG i.o.a.t.p.W3CTraceContextPropagator - Unparseable traceparent header. Returning INVALID span context.
2026-03-26 00:52:36 [http-nio-8085-exec-6] DEBUG o.s.security.web.FilterChainProxy - Securing GET /api/v1/profiles
2026-03-26 00:52:36 [http-nio-8085-exec-6] DEBUG o.s.s.w.a.AnonymousAuthenticationFilter - Set SecurityContextHolder to anonymous SecurityContext
2026-03-26 00:52:36 [http-nio-8085-exec-6] DEBUG o.s.security.web.FilterChainProxy - Secured GET /api/v1/profiles
2026-03-26 00:52:36 [http-nio-8085-exec-6] INFO  c.k.s.config.RequestLoggingFilter - >>> Incoming Request: [GET] /api/v1/profiles 200 | Trace-ID: f5f3dda0-16d8-44d9-afbb-f8ad19691033 | Query: null
2026-03-26 00:52:36 [http-nio-8085-exec-6] DEBUG o.s.web.servlet.DispatcherServlet - GET "/api/v1/profiles", parameters={}
2026-03-26 00:52:36 [http-nio-8085-exec-6] DEBUG o.s.w.s.m.m.a.RequestMappingHandlerMapping - Mapped to com.kojo.stack.api.controller.ProfileController#getAll()
2026-03-26 00:52:36 [http-nio-8085-exec-6] DEBUG o.s.w.s.m.m.a.HttpEntityMethodProcessor - Using 'application/json', given [application/json, text/plain, */*] and supported [application/json, application/*+json]
2026-03-26 00:52:36 [http-nio-8085-exec-6] DEBUG o.s.w.s.m.m.a.HttpEntityMethodProcessor - Writing [[]]
2026-03-26 00:52:36 [http-nio-8085-exec-6] DEBUG o.s.web.servlet.DispatcherServlet - Completed 200 OK
2026-03-26 00:52:36 [http-nio-8085-exec-6] INFO  c.k.s.config.RequestLoggingFilter - <<< Response: [GET] /api/v1/profiles | Status: 200 | Duration: 45ms | Trace-ID: f5f3dda0-16d8-44d9-afbb-f8ad19691033
2026-03-26 00:52:39 [http-nio-8085-exec-7] DEBUG i.o.a.t.p.W3CTraceContextPropagator - Unparseable traceparent header. Returning INVALID span context.
2026-03-26 00:52:39 [http-nio-8085-exec-7] DEBUG o.s.security.web.FilterChainProxy - Securing POST /api/v1/auth/login
2026-03-26 00:52:39 [http-nio-8085-exec-7] DEBUG o.s.s.w.a.AnonymousAuthenticationFilter - Set SecurityContextHolder to anonymous SecurityContext
2026-03-26 00:52:39 [http-nio-8085-exec-7] DEBUG o.s.security.web.FilterChainProxy - Secured POST /api/v1/auth/login
2026-03-26 00:52:39 [http-nio-8085-exec-7] INFO  c.k.s.config.RequestLoggingFilter - >>> Incoming Request: [POST] /api/v1/auth/login 200 | Trace-ID: 38b3e74a-b4b1-4e2f-b780-348a325ef287 | Query: null
2026-03-26 00:52:39 [http-nio-8085-exec-7] DEBUG o.s.web.servlet.DispatcherServlet - POST "/api/v1/auth/login", parameters={}
2026-03-26 00:52:39 [http-nio-8085-exec-7] DEBUG o.s.w.s.m.m.a.RequestMappingHandlerMapping - Mapped to com.kojo.stack.api.controller.AuthController#login(LoginRequest)
2026-03-26 00:52:39 [http-nio-8085-exec-7] DEBUG o.s.w.s.m.m.a.RequestResponseBodyMethodProcessor - Read "application/json;charset=UTF-8" to [AuthController.LoginRequest(username=kojo, password=***REMOVED-CREDENTIAL***)]
2026-03-26 00:52:39 [http-nio-8085-exec-7] INFO  c.k.s.api.controller.AuthController - Login attempt for user: kojo
2026-03-26 00:52:39 [http-nio-8085-exec-7] DEBUG c.k.s.s.CustomUserDetailsService - Loading user details for login: kojo
2026-03-26 00:52:39 [http-nio-8085-exec-7] DEBUG o.s.d.m.r.query.MongoQueryCreator - Created query Query: { "login" : "kojo"}, Fields: {}, Sort: {}
2026-03-26 00:52:39 [http-nio-8085-exec-7] DEBUG o.s.data.mongodb.core.MongoTemplate - find using query: { "login" : "kojo"} fields: Document{{}} for class: class com.kojo.stack.domain.model.Account in collection: user_logins
2026-03-26 00:52:39 [http-nio-8085-exec-7] DEBUG c.k.s.s.CustomUserDetailsService - User found with authorities: [ROLE_ADMIN]
2026-03-26 00:52:39 [http-nio-8085-exec-7] DEBUG o.s.s.a.d.DaoAuthenticationProvider - Authenticated user
2026-03-26 00:52:39 [http-nio-8085-exec-7] INFO  c.k.s.api.controller.AuthController - User logged in successfully: kojo
2026-03-26 00:52:40 [http-nio-8085-exec-7] DEBUG o.s.w.s.m.m.a.HttpEntityMethodProcessor - Using 'application/json', given [application/json, text/plain, */*] and supported [application/json, application/*+json]
2026-03-26 00:52:40 [http-nio-8085-exec-7] DEBUG o.s.w.s.m.m.a.HttpEntityMethodProcessor - Writing [AuthController.AuthResponse(token=eyJhbGciOiJIUzI1NiJ9.eyJzdWIiOiJrb2pvIiwiaWF0IjoxNzc0NDgyNzU5LCJle (truncated)...]
2026-03-26 00:52:40 [http-nio-8085-exec-7] DEBUG o.s.web.servlet.DispatcherServlet - Completed 200 OK
2026-03-26 00:52:40 [http-nio-8085-exec-7] INFO  c.k.s.config.RequestLoggingFilter - <<< Response: [POST] /api/v1/auth/login | Status: 200 | Duration: 796ms | Trace-ID: 38b3e74a-b4b1-4e2f-b780-348a325ef287
2026-03-26 00:52:40 [http-nio-8085-exec-8] DEBUG i.o.a.t.p.W3CTraceContextPropagator - Unparseable traceparent header. Returning INVALID span context.
2026-03-26 00:52:40 [http-nio-8085-exec-8] DEBUG o.s.security.web.FilterChainProxy - Securing GET /api/v1/account
2026-03-26 00:52:40 [http-nio-8085-exec-8] DEBUG c.k.s.s.JwtAuthenticationFilter - Set authentication for user: kojo
2026-03-26 00:52:40 [http-nio-8085-exec-8] DEBUG o.s.security.web.FilterChainProxy - Secured GET /api/v1/account
2026-03-26 00:52:40 [http-nio-8085-exec-8] INFO  c.k.s.config.RequestLoggingFilter - >>> Incoming Request: [GET] /api/v1/account 200 | Trace-ID: 4611fe2a-3620-4517-9f00-ccbf620cbad9 | Query: null
2026-03-26 00:52:40 [http-nio-8085-exec-8] DEBUG o.s.web.servlet.DispatcherServlet - GET "/api/v1/account", parameters={}
2026-03-26 00:52:40 [http-nio-8085-exec-8] DEBUG o.s.w.s.m.m.a.RequestMappingHandlerMapping - Mapped to com.kojo.stack.api.controller.AccountController#getCurrentUser(Authentication)
2026-03-26 00:52:40 [http-nio-8085-exec-8] INFO  c.kojo.stack.service.AccountService - Fetching user login by login: kojo
2026-03-26 00:52:40 [http-nio-8085-exec-8] DEBUG o.s.d.m.r.query.MongoQueryCreator - Created query Query: { "login" : "kojo"}, Fields: {}, Sort: {}
2026-03-26 00:52:40 [http-nio-8085-exec-8] DEBUG o.s.data.mongodb.core.MongoTemplate - find using query: { "login" : "kojo"} fields: Document{{}} for class: class com.kojo.stack.domain.model.Account in collection: user_logins
2026-03-26 00:52:40 [http-nio-8085-exec-8] DEBUG o.s.w.s.m.m.a.HttpEntityMethodProcessor - Using 'application/json', given [application/json, text/plain, */*] and supported [application/json, application/*+json]
2026-03-26 00:52:40 [http-nio-8085-exec-8] DEBUG o.s.w.s.m.m.a.HttpEntityMethodProcessor - Writing [AccountDTO(id=69c474967b33c079208cd8f3, login=kojo, email=kojo@jojoaddison.net, password=$2a$10$gyNJ (truncated)...]
2026-03-26 00:52:40 [http-nio-8085-exec-8] DEBUG o.s.web.servlet.DispatcherServlet - Completed 200 OK
2026-03-26 00:52:40 [http-nio-8085-exec-8] INFO  c.k.s.config.RequestLoggingFilter - <<< Response: [GET] /api/v1/account | Status: 200 | Duration: 97ms | Trace-ID: 4611fe2a-3620-4517-9f00-ccbf620cbad9
2026-03-26 00:52:52 [http-nio-8085-exec-9] DEBUG i.o.a.t.p.W3CTraceContextPropagator - Unparseable traceparent header. Returning INVALID span context.
2026-03-26 00:52:52 [http-nio-8085-exec-9] DEBUG o.s.security.web.FilterChainProxy - Securing GET /api/v1/profiles
2026-03-26 00:52:52 [http-nio-8085-exec-9] DEBUG c.k.s.s.JwtAuthenticationFilter - Set authentication for user: kojo
2026-03-26 00:52:52 [http-nio-8085-exec-9] DEBUG o.s.security.web.FilterChainProxy - Secured GET /api/v1/profiles
2026-03-26 00:52:52 [http-nio-8085-exec-9] INFO  c.k.s.config.RequestLoggingFilter - >>> Incoming Request: [GET] /api/v1/profiles 200 | Trace-ID: 83b06e26-4cf5-401c-8f7f-9bbef5617d79 | Query: null
2026-03-26 00:52:52 [http-nio-8085-exec-9] DEBUG o.s.web.servlet.DispatcherServlet - GET "/api/v1/profiles", parameters={}
2026-03-26 00:52:52 [http-nio-8085-exec-9] DEBUG o.s.w.s.m.m.a.RequestMappingHandlerMapping - Mapped to com.kojo.stack.api.controller.ProfileController#getAll()
2026-03-26 00:52:52 [http-nio-8085-exec-9] DEBUG o.s.w.s.m.m.a.HttpEntityMethodProcessor - Using 'application/json', given [application/json, text/plain, */*] and supported [application/json, application/*+json]
2026-03-26 00:52:52 [http-nio-8085-exec-9] DEBUG o.s.w.s.m.m.a.HttpEntityMethodProcessor - Writing [[]]
2026-03-26 00:52:52 [http-nio-8085-exec-9] DEBUG o.s.web.servlet.DispatcherServlet - Completed 200 OK
2026-03-26 00:52:52 [http-nio-8085-exec-9] INFO  c.k.s.config.RequestLoggingFilter - <<< Response: [GET] /api/v1/profiles | Status: 200 | Duration: 15ms | Trace-ID: 83b06e26-4cf5-401c-8f7f-9bbef5617d79
2026-03-26 00:52:56 [http-nio-8085-exec-10] DEBUG i.o.a.t.p.W3CTraceContextPropagator - Unparseable traceparent header. Returning INVALID span context.
2026-03-26 00:52:56 [http-nio-8085-exec-10] DEBUG o.s.security.web.FilterChainProxy - Securing GET /api/v1/metrics
2026-03-26 00:52:56 [http-nio-8085-exec-10] DEBUG c.k.s.s.JwtAuthenticationFilter - Set authentication for user: kojo
2026-03-26 00:52:56 [http-nio-8085-exec-10] DEBUG o.s.security.web.FilterChainProxy - Secured GET /api/v1/metrics
2026-03-26 00:52:56 [http-nio-8085-exec-10] INFO  c.k.s.config.RequestLoggingFilter - >>> Incoming Request: [GET] /api/v1/metrics 200 | Trace-ID: 8f81ff35-cb23-4bfd-b342-87d5042468f1 | Query: null
2026-03-26 00:52:56 [http-nio-8085-exec-10] DEBUG o.s.web.servlet.DispatcherServlet - GET "/api/v1/metrics", parameters={}
2026-03-26 00:52:56 [http-nio-8085-exec-10] DEBUG o.s.w.s.m.m.a.RequestMappingHandlerMapping - Mapped to com.kojo.stack.api.controller.MetricController#getAll()
2026-03-26 00:52:56 [http-nio-8085-exec-10] DEBUG o.s.w.s.m.m.a.HttpEntityMethodProcessor - Using 'application/json', given [application/json, text/plain, */*] and supported [application/json, application/*+json]
2026-03-26 00:52:56 [http-nio-8085-exec-10] DEBUG o.s.w.s.m.m.a.HttpEntityMethodProcessor - Writing [[]]
2026-03-26 00:52:56 [http-nio-8085-exec-10] DEBUG o.s.web.servlet.DispatcherServlet - Completed 200 OK
2026-03-26 00:52:56 [http-nio-8085-exec-10] INFO  c.k.s.config.RequestLoggingFilter - <<< Response: [GET] /api/v1/metrics | Status: 200 | Duration: 18ms | Trace-ID: 8f81ff35-cb23-4bfd-b342-87d5042468f1
2026-03-26 00:52:59 [http-nio-8085-exec-2] DEBUG i.o.a.t.p.W3CTraceContextPropagator - Unparseable traceparent header. Returning INVALID span context.
2026-03-26 00:52:59 [http-nio-8085-exec-2] DEBUG o.s.security.web.FilterChainProxy - Securing GET /api/v1/settings
2026-03-26 00:52:59 [http-nio-8085-exec-2] DEBUG c.k.s.s.JwtAuthenticationFilter - Set authentication for user: kojo
2026-03-26 00:52:59 [http-nio-8085-exec-2] DEBUG o.s.security.web.FilterChainProxy - Secured GET /api/v1/settings
2026-03-26 00:52:59 [http-nio-8085-exec-2] INFO  c.k.s.config.RequestLoggingFilter - >>> Incoming Request: [GET] /api/v1/settings 200 | Trace-ID: 2bd3a3c7-ebd3-4350-8e2e-a661397e183c | Query: null
2026-03-26 00:52:59 [http-nio-8085-exec-2] DEBUG o.s.web.servlet.DispatcherServlet - GET "/api/v1/settings", parameters={}
2026-03-26 00:52:59 [http-nio-8085-exec-2] DEBUG o.s.w.s.m.m.a.RequestMappingHandlerMapping - Mapped to com.kojo.stack.api.controller.SettingsController#getAll()
2026-03-26 00:52:59 [http-nio-8085-exec-2] DEBUG o.s.w.s.m.m.a.HttpEntityMethodProcessor - Using 'application/json', given [application/json, text/plain, */*] and supported [application/json, application/*+json]
2026-03-26 00:52:59 [http-nio-8085-exec-2] DEBUG o.s.w.s.m.m.a.HttpEntityMethodProcessor - Writing [[]]
2026-03-26 00:52:59 [http-nio-8085-exec-2] DEBUG o.s.web.servlet.DispatcherServlet - Completed 200 OK
2026-03-26 00:52:59 [http-nio-8085-exec-2] INFO  c.k.s.config.RequestLoggingFilter - <<< Response: [GET] /api/v1/settings | Status: 200 | Duration: 8ms | Trace-ID: 2bd3a3c7-ebd3-4350-8e2e-a661397e183c
2026-03-26 09:22:47 [http-nio-8085-exec-4] DEBUG i.o.e.t.p.B3PropagatorExtractorMultipleHeaders - Invalid TraceId in B3 header: null'. Returning INVALID span context.
2026-03-26 09:22:47 [http-nio-8085-exec-5] DEBUG i.o.e.t.p.B3PropagatorExtractorMultipleHeaders - Invalid TraceId in B3 header: null'. Returning INVALID span context.
2026-03-26 09:22:47 [http-nio-8085-exec-4] DEBUG i.o.e.t.p.B3PropagatorExtractorMultipleHeaders - Invalid TraceId in B3 header: null'. Returning INVALID span context.
2026-03-26 09:22:47 [http-nio-8085-exec-5] DEBUG i.o.e.t.p.B3PropagatorExtractorMultipleHeaders - Invalid TraceId in B3 header: null'. Returning INVALID span context.
2026-03-26 09:22:47 [http-nio-8085-exec-5] DEBUG o.s.security.web.FilterChainProxy - Securing OPTIONS /api/v1/profiles
2026-03-26 09:22:47 [http-nio-8085-exec-4] DEBUG o.s.security.web.FilterChainProxy - Securing OPTIONS /api/v1/profiles
2026-03-26 09:22:47 [http-nio-8085-exec-6] DEBUG i.o.e.t.p.B3PropagatorExtractorMultipleHeaders - Invalid TraceId in B3 header: null'. Returning INVALID span context.
2026-03-26 09:22:47 [http-nio-8085-exec-6] DEBUG i.o.e.t.p.B3PropagatorExtractorMultipleHeaders - Invalid TraceId in B3 header: null'. Returning INVALID span context.
2026-03-26 09:22:47 [http-nio-8085-exec-6] DEBUG o.s.security.web.FilterChainProxy - Securing OPTIONS /api/v1/account
2026-03-26 09:22:47 [http-nio-8085-exec-7] DEBUG i.o.a.t.p.W3CTraceContextPropagator - Unparseable traceparent header. Returning INVALID span context.
2026-03-26 09:22:47 [http-nio-8085-exec-7] DEBUG o.s.security.web.FilterChainProxy - Securing GET /api/v1/profiles
2026-03-26 09:22:48 [http-nio-8085-exec-8] DEBUG i.o.a.t.p.W3CTraceContextPropagator - Unparseable traceparent header. Returning INVALID span context.
2026-03-26 09:22:48 [http-nio-8085-exec-7] DEBUG c.k.s.s.JwtAuthenticationFilter - Set authentication for user: kojo
2026-03-26 09:22:48 [http-nio-8085-exec-8] DEBUG o.s.security.web.FilterChainProxy - Securing GET /api/v1/account
2026-03-26 09:22:48 [http-nio-8085-exec-7] DEBUG o.s.security.web.FilterChainProxy - Secured GET /api/v1/profiles
2026-03-26 09:22:48 [http-nio-8085-exec-7] INFO  c.k.s.config.RequestLoggingFilter - >>> Incoming Request: [GET] /api/v1/profiles 200 | Trace-ID: 79226374-3476-4ec2-a8bd-ac95c058cc93 | Query: null
2026-03-26 09:22:48 [http-nio-8085-exec-7] DEBUG o.s.web.servlet.DispatcherServlet - GET "/api/v1/profiles", parameters={}
2026-03-26 09:22:48 [http-nio-8085-exec-7] DEBUG o.s.w.s.m.m.a.RequestMappingHandlerMapping - Mapped to com.kojo.stack.api.controller.ProfileController#getAll()
2026-03-26 09:22:48 [http-nio-8085-exec-7] INFO  c.kojo.stack.service.ProfileService - Fetching all profiles
2026-03-26 09:22:48 [http-nio-8085-exec-8] DEBUG c.k.s.s.JwtAuthenticationFilter - Set authentication for user: kojo
2026-03-26 09:22:48 [http-nio-8085-exec-7] DEBUG o.s.data.mongodb.core.MongoTemplate - find using query: {} fields: Document{{}} for class: class com.kojo.stack.domain.model.Profile in collection: profiles
2026-03-26 09:22:48 [http-nio-8085-exec-8] DEBUG o.s.security.web.FilterChainProxy - Secured GET /api/v1/account
2026-03-26 09:22:48 [http-nio-8085-exec-8] INFO  c.k.s.config.RequestLoggingFilter - >>> Incoming Request: [GET] /api/v1/account 200 | Trace-ID: a50d74b4-5ec9-4f83-aff5-8e20b0d10c48 | Query: null
2026-03-26 09:22:48 [http-nio-8085-exec-8] DEBUG o.s.web.servlet.DispatcherServlet - GET "/api/v1/account", parameters={}
2026-03-26 09:22:48 [http-nio-8085-exec-8] DEBUG o.s.w.s.m.m.a.RequestMappingHandlerMapping - Mapped to com.kojo.stack.api.controller.AccountController#getCurrentUser(Authentication)
2026-03-26 09:22:48 [http-nio-8085-exec-8] INFO  c.kojo.stack.service.AccountService - Fetching user login by login: kojo
2026-03-26 09:22:48 [http-nio-8085-exec-8] DEBUG o.s.d.m.r.query.MongoQueryCreator - Created query Query: { "login" : "kojo"}, Fields: {}, Sort: {}
2026-03-26 09:22:48 [http-nio-8085-exec-7] DEBUG o.s.w.s.m.m.a.HttpEntityMethodProcessor - Using 'application/json', given [application/json, text/plain, */*] and supported [application/json, application/*+json]
2026-03-26 09:22:48 [http-nio-8085-exec-7] DEBUG o.s.w.s.m.m.a.HttpEntityMethodProcessor - Writing [[]]
2026-03-26 09:22:48 [http-nio-8085-exec-7] DEBUG o.s.web.servlet.DispatcherServlet - Completed 200 OK
2026-03-26 09:22:48 [http-nio-8085-exec-7] INFO  c.k.s.config.RequestLoggingFilter - <<< Response: [GET] /api/v1/profiles | Status: 200 | Duration: 119ms | Trace-ID: 79226374-3476-4ec2-a8bd-ac95c058cc93
2026-03-26 09:22:48 [http-nio-8085-exec-8] DEBUG o.s.data.mongodb.core.MongoTemplate - find using query: { "login" : "kojo"} fields: Document{{}} for class: class com.kojo.stack.domain.model.Account in collection: user_logins
2026-03-26 09:22:48 [http-nio-8085-exec-9] DEBUG i.o.a.t.p.W3CTraceContextPropagator - Unparseable traceparent header. Returning INVALID span context.
2026-03-26 09:22:48 [http-nio-8085-exec-9] DEBUG o.s.security.web.FilterChainProxy - Securing GET /api/v1/profiles
2026-03-26 09:22:48 [http-nio-8085-exec-8] DEBUG o.s.w.s.m.m.a.HttpEntityMethodProcessor - Using 'application/json', given [application/json, text/plain, */*] and supported [application/json, application/*+json]
2026-03-26 09:22:48 [http-nio-8085-exec-8] DEBUG o.s.w.s.m.m.a.HttpEntityMethodProcessor - Writing [AccountDTO(id=69c474967b33c079208cd8f3, login=kojo, email=kojo@jojoaddison.net, password=$2a$10$gyNJ (truncated)...]
2026-03-26 09:22:48 [http-nio-8085-exec-9] DEBUG c.k.s.s.JwtAuthenticationFilter - Set authentication for user: kojo
2026-03-26 09:22:48 [http-nio-8085-exec-8] DEBUG o.s.web.servlet.DispatcherServlet - Completed 200 OK
2026-03-26 09:22:48 [http-nio-8085-exec-8] INFO  c.k.s.config.RequestLoggingFilter - <<< Response: [GET] /api/v1/account | Status: 200 | Duration: 212ms | Trace-ID: a50d74b4-5ec9-4f83-aff5-8e20b0d10c48
2026-03-26 09:22:48 [http-nio-8085-exec-9] DEBUG o.s.security.web.FilterChainProxy - Secured GET /api/v1/profiles
2026-03-26 09:22:48 [http-nio-8085-exec-9] INFO  c.k.s.config.RequestLoggingFilter - >>> Incoming Request: [GET] /api/v1/profiles 200 | Trace-ID: 97ca26b7-30ca-4344-9579-889361c02e89 | Query: null
2026-03-26 09:22:48 [http-nio-8085-exec-9] DEBUG o.s.web.servlet.DispatcherServlet - GET "/api/v1/profiles", parameters={}
2026-03-26 09:22:48 [http-nio-8085-exec-9] DEBUG o.s.w.s.m.m.a.RequestMappingHandlerMapping - Mapped to com.kojo.stack.api.controller.ProfileController#getAll()
2026-03-26 09:22:48 [http-nio-8085-exec-9] DEBUG o.s.w.s.m.m.a.HttpEntityMethodProcessor - Using 'application/json', given [application/json, text/plain, */*] and supported [application/json, application/*+json]
2026-03-26 09:22:48 [http-nio-8085-exec-9] DEBUG o.s.w.s.m.m.a.HttpEntityMethodProcessor - Writing [[]]
2026-03-26 09:22:48 [http-nio-8085-exec-9] DEBUG o.s.web.servlet.DispatcherServlet - Completed 200 OK
2026-03-26 09:22:48 [http-nio-8085-exec-9] INFO  c.k.s.config.RequestLoggingFilter - <<< Response: [GET] /api/v1/profiles | Status: 200 | Duration: 36ms | Trace-ID: 97ca26b7-30ca-4344-9579-889361c02e89
2026-03-26 09:42:19 [http-nio-8085-exec-3] DEBUG i.o.e.t.p.B3PropagatorExtractorMultipleHeaders - Invalid TraceId in B3 header: null'. Returning INVALID span context.
2026-03-26 09:42:19 [http-nio-8085-exec-3] DEBUG i.o.e.t.p.B3PropagatorExtractorMultipleHeaders - Invalid TraceId in B3 header: null'. Returning INVALID span context.
2026-03-26 09:42:19 [http-nio-8085-exec-3] DEBUG o.s.security.web.FilterChainProxy - Securing OPTIONS /api/v1/projects
2026-03-26 09:42:19 [http-nio-8085-exec-4] DEBUG i.o.a.t.p.W3CTraceContextPropagator - Unparseable traceparent header. Returning INVALID span context.
2026-03-26 09:42:19 [http-nio-8085-exec-4] DEBUG o.s.security.web.FilterChainProxy - Securing GET /api/v1/projects
2026-03-26 09:42:19 [http-nio-8085-exec-4] DEBUG c.k.s.s.JwtAuthenticationFilter - Set authentication for user: kojo
2026-03-26 09:42:19 [http-nio-8085-exec-4] DEBUG o.s.security.web.FilterChainProxy - Secured GET /api/v1/projects
2026-03-26 09:42:19 [http-nio-8085-exec-4] INFO  c.k.s.config.RequestLoggingFilter - >>> Incoming Request: [GET] /api/v1/projects 200 | Trace-ID: 49c3b9e3-f2f1-4220-b9f8-7c2a311ba08e | Query: null
2026-03-26 09:42:19 [http-nio-8085-exec-4] DEBUG o.s.web.servlet.DispatcherServlet - GET "/api/v1/projects", parameters={}
2026-03-26 09:42:19 [http-nio-8085-exec-4] DEBUG o.s.w.s.m.m.a.RequestMappingHandlerMapping - Mapped to com.kojo.stack.api.controller.ProjectController#getAll()
2026-03-26 09:42:19 [http-nio-8085-exec-4] INFO  c.kojo.stack.service.ProjectService - Fetching all projects
2026-03-26 09:42:19 [http-nio-8085-exec-4] DEBUG o.s.data.mongodb.core.MongoTemplate - find using query: {} fields: Document{{}} for class: class com.kojo.stack.domain.model.Project in collection: projects
2026-03-26 09:42:19 [http-nio-8085-exec-4] DEBUG o.s.w.s.m.m.a.HttpEntityMethodProcessor - Using 'application/json', given [application/json, text/plain, */*] and supported [application/json, application/*+json]
2026-03-26 09:42:19 [http-nio-8085-exec-4] DEBUG o.s.w.s.m.m.a.HttpEntityMethodProcessor - Writing [[ProjectDTO(id=698f12ab10b62159b6f711d5, name=Health Brokerage Platform, client=Abofonsa Mobile Heal (truncated)...]
2026-03-26 09:42:19 [http-nio-8085-exec-4] DEBUG o.s.web.servlet.DispatcherServlet - Completed 200 OK
2026-03-26 09:42:19 [http-nio-8085-exec-4] INFO  c.k.s.config.RequestLoggingFilter - <<< Response: [GET] /api/v1/projects | Status: 200 | Duration: 153ms | Trace-ID: 49c3b9e3-f2f1-4220-b9f8-7c2a311ba08e
2026-03-26 09:42:24 [http-nio-8085-exec-5] DEBUG i.o.a.t.p.W3CTraceContextPropagator - Unparseable traceparent header. Returning INVALID span context.
2026-03-26 09:42:24 [http-nio-8085-exec-5] DEBUG o.s.security.web.FilterChainProxy - Securing GET /api/v1/profiles
2026-03-26 09:42:24 [http-nio-8085-exec-5] DEBUG c.k.s.s.JwtAuthenticationFilter - Set authentication for user: kojo
2026-03-26 09:42:24 [http-nio-8085-exec-5] DEBUG o.s.security.web.FilterChainProxy - Secured GET /api/v1/profiles
2026-03-26 09:42:24 [http-nio-8085-exec-5] INFO  c.k.s.config.RequestLoggingFilter - >>> Incoming Request: [GET] /api/v1/profiles 200 | Trace-ID: fc087d85-5f00-4ac3-9ba7-1f950e5cb9ad | Query: null
2026-03-26 09:42:24 [http-nio-8085-exec-5] DEBUG o.s.web.servlet.DispatcherServlet - GET "/api/v1/profiles", parameters={}
2026-03-26 09:42:24 [http-nio-8085-exec-5] DEBUG o.s.w.s.m.m.a.RequestMappingHandlerMapping - Mapped to com.kojo.stack.api.controller.ProfileController#getAll()
2026-03-26 09:42:24 [http-nio-8085-exec-5] DEBUG o.s.w.s.m.m.a.HttpEntityMethodProcessor - Using 'application/json', given [application/json, text/plain, */*] and supported [application/json, application/*+json]
2026-03-26 09:42:24 [http-nio-8085-exec-5] DEBUG o.s.w.s.m.m.a.HttpEntityMethodProcessor - Writing [[]]
2026-03-26 09:42:24 [http-nio-8085-exec-5] DEBUG o.s.web.servlet.DispatcherServlet - Completed 200 OK
2026-03-26 09:42:24 [http-nio-8085-exec-5] INFO  c.k.s.config.RequestLoggingFilter - <<< Response: [GET] /api/v1/profiles | Status: 200 | Duration: 16ms | Trace-ID: fc087d85-5f00-4ac3-9ba7-1f950e5cb9ad
2026-03-26 09:42:25 [http-nio-8085-exec-6] DEBUG i.o.a.t.p.W3CTraceContextPropagator - Unparseable traceparent header. Returning INVALID span context.
2026-03-26 09:42:25 [http-nio-8085-exec-6] DEBUG o.s.security.web.FilterChainProxy - Securing GET /api/v1/profiles
2026-03-26 09:42:25 [http-nio-8085-exec-6] DEBUG c.k.s.s.JwtAuthenticationFilter - Set authentication for user: kojo
2026-03-26 09:42:25 [http-nio-8085-exec-6] DEBUG o.s.security.web.FilterChainProxy - Secured GET /api/v1/profiles
2026-03-26 09:42:25 [http-nio-8085-exec-6] INFO  c.k.s.config.RequestLoggingFilter - >>> Incoming Request: [GET] /api/v1/profiles 200 | Trace-ID: 5a58b87c-5478-4065-bedb-02ed98e4fd40 | Query: null
2026-03-26 09:42:25 [http-nio-8085-exec-6] DEBUG o.s.web.servlet.DispatcherServlet - GET "/api/v1/profiles", parameters={}
2026-03-26 09:42:25 [http-nio-8085-exec-6] DEBUG o.s.w.s.m.m.a.RequestMappingHandlerMapping - Mapped to com.kojo.stack.api.controller.ProfileController#getAll()
2026-03-26 09:42:25 [http-nio-8085-exec-6] DEBUG o.s.w.s.m.m.a.HttpEntityMethodProcessor - Using 'application/json', given [application/json, text/plain, */*] and supported [application/json, application/*+json]
2026-03-26 09:42:25 [http-nio-8085-exec-6] DEBUG o.s.w.s.m.m.a.HttpEntityMethodProcessor - Writing [[]]
2026-03-26 09:42:25 [http-nio-8085-exec-6] DEBUG o.s.web.servlet.DispatcherServlet - Completed 200 OK
2026-03-26 09:42:25 [http-nio-8085-exec-6] INFO  c.k.s.config.RequestLoggingFilter - <<< Response: [GET] /api/v1/profiles | Status: 200 | Duration: 16ms | Trace-ID: 5a58b87c-5478-4065-bedb-02ed98e4fd40
2026-03-26 09:42:25 [http-nio-8085-exec-7] DEBUG i.o.a.t.p.W3CTraceContextPropagator - Unparseable traceparent header. Returning INVALID span context.
2026-03-26 09:42:25 [http-nio-8085-exec-7] DEBUG o.s.security.web.FilterChainProxy - Securing GET /api/v1/account
2026-03-26 09:42:25 [http-nio-8085-exec-7] DEBUG c.k.s.s.JwtAuthenticationFilter - Set authentication for user: kojo
2026-03-26 09:42:25 [http-nio-8085-exec-7] DEBUG o.s.security.web.FilterChainProxy - Secured GET /api/v1/account
2026-03-26 09:42:25 [http-nio-8085-exec-7] INFO  c.k.s.config.RequestLoggingFilter - >>> Incoming Request: [GET] /api/v1/account 200 | Trace-ID: e15d38af-84e6-4580-95bf-106caf94b899 | Query: null
2026-03-26 09:42:25 [http-nio-8085-exec-7] DEBUG o.s.web.servlet.DispatcherServlet - GET "/api/v1/account", parameters={}
2026-03-26 09:42:25 [http-nio-8085-exec-7] DEBUG o.s.w.s.m.m.a.RequestMappingHandlerMapping - Mapped to com.kojo.stack.api.controller.AccountController#getCurrentUser(Authentication)
2026-03-26 09:42:25 [http-nio-8085-exec-7] INFO  c.kojo.stack.service.AccountService - Fetching user login by login: kojo
2026-03-26 09:42:25 [http-nio-8085-exec-7] DEBUG o.s.d.m.r.query.MongoQueryCreator - Created query Query: { "login" : "kojo"}, Fields: {}, Sort: {}
2026-03-26 09:42:25 [http-nio-8085-exec-7] DEBUG o.s.data.mongodb.core.MongoTemplate - find using query: { "login" : "kojo"} fields: Document{{}} for class: class com.kojo.stack.domain.model.Account in collection: user_logins
2026-03-26 09:42:25 [http-nio-8085-exec-7] DEBUG o.s.w.s.m.m.a.HttpEntityMethodProcessor - Using 'application/json', given [application/json, text/plain, */*] and supported [application/json, application/*+json]
2026-03-26 09:42:25 [http-nio-8085-exec-7] DEBUG o.s.w.s.m.m.a.HttpEntityMethodProcessor - Writing [AccountDTO(id=69c474967b33c079208cd8f3, login=kojo, email=kojo@jojoaddison.net, password=$2a$10$gyNJ (truncated)...]
2026-03-26 09:42:25 [http-nio-8085-exec-7] DEBUG o.s.web.servlet.DispatcherServlet - Completed 200 OK
2026-03-26 09:42:25 [http-nio-8085-exec-7] INFO  c.k.s.config.RequestLoggingFilter - <<< Response: [GET] /api/v1/account | Status: 200 | Duration: 135ms | Trace-ID: e15d38af-84e6-4580-95bf-106caf94b899
2026-03-26 09:42:27 [http-nio-8085-exec-8] DEBUG i.o.a.t.p.W3CTraceContextPropagator - Unparseable traceparent header. Returning INVALID span context.
2026-03-26 09:42:27 [http-nio-8085-exec-8] DEBUG o.s.security.web.FilterChainProxy - Securing GET /api/v1/projects
2026-03-26 09:42:27 [http-nio-8085-exec-8] DEBUG c.k.s.s.JwtAuthenticationFilter - Set authentication for user: kojo
2026-03-26 09:42:27 [http-nio-8085-exec-8] DEBUG o.s.security.web.FilterChainProxy - Secured GET /api/v1/projects
2026-03-26 09:42:27 [http-nio-8085-exec-8] INFO  c.k.s.config.RequestLoggingFilter - >>> Incoming Request: [GET] /api/v1/projects 200 | Trace-ID: d02b4db2-f514-4c5c-ba42-c6a1dc9d3893 | Query: null
2026-03-26 09:42:27 [http-nio-8085-exec-8] DEBUG o.s.web.servlet.DispatcherServlet - GET "/api/v1/projects", parameters={}
2026-03-26 09:42:27 [http-nio-8085-exec-8] DEBUG o.s.w.s.m.m.a.RequestMappingHandlerMapping - Mapped to com.kojo.stack.api.controller.ProjectController#getAll()
2026-03-26 09:42:27 [http-nio-8085-exec-8] DEBUG o.s.w.s.m.m.a.HttpEntityMethodProcessor - Using 'application/json', given [application/json, text/plain, */*] and supported [application/json, application/*+json]
2026-03-26 09:42:27 [http-nio-8085-exec-8] DEBUG o.s.w.s.m.m.a.HttpEntityMethodProcessor - Writing [[ProjectDTO(id=698f12ab10b62159b6f711d5, name=Health Brokerage Platform, client=Abofonsa Mobile Heal (truncated)...]
2026-03-26 09:42:27 [http-nio-8085-exec-8] DEBUG o.s.web.servlet.DispatcherServlet - Completed 200 OK
2026-03-26 09:42:27 [http-nio-8085-exec-8] INFO  c.k.s.config.RequestLoggingFilter - <<< Response: [GET] /api/v1/projects | Status: 200 | Duration: 34ms | Trace-ID: d02b4db2-f514-4c5c-ba42-c6a1dc9d3893
2026-03-26 09:42:29 [http-nio-8085-exec-9] DEBUG i.o.e.t.p.B3PropagatorExtractorMultipleHeaders - Invalid TraceId in B3 header: null'. Returning INVALID span context.
2026-03-26 09:42:29 [http-nio-8085-exec-9] DEBUG i.o.e.t.p.B3PropagatorExtractorMultipleHeaders - Invalid TraceId in B3 header: null'. Returning INVALID span context.
2026-03-26 09:42:29 [http-nio-8085-exec-9] DEBUG o.s.security.web.FilterChainProxy - Securing OPTIONS /api/v1/docs
2026-03-26 09:42:29 [http-nio-8085-exec-10] DEBUG i.o.a.t.p.W3CTraceContextPropagator - Unparseable traceparent header. Returning INVALID span context.
2026-03-26 09:42:29 [http-nio-8085-exec-10] DEBUG o.s.security.web.FilterChainProxy - Securing GET /api/v1/docs
2026-03-26 09:42:29 [http-nio-8085-exec-10] DEBUG c.k.s.s.JwtAuthenticationFilter - Set authentication for user: kojo
2026-03-26 09:42:29 [http-nio-8085-exec-10] DEBUG o.s.security.web.FilterChainProxy - Secured GET /api/v1/docs
2026-03-26 09:42:29 [http-nio-8085-exec-10] INFO  c.k.s.config.RequestLoggingFilter - >>> Incoming Request: [GET] /api/v1/docs 200 | Trace-ID: e48af04a-d683-4f9f-ac63-4b786a5c12b9 | Query: null
2026-03-26 09:42:29 [http-nio-8085-exec-10] DEBUG o.s.web.servlet.DispatcherServlet - GET "/api/v1/docs", parameters={}
2026-03-26 09:42:29 [http-nio-8085-exec-10] DEBUG o.s.w.s.m.m.a.RequestMappingHandlerMapping - Mapped to com.kojo.stack.api.controller.DocumentationController#getAll()
2026-03-26 09:42:29 [http-nio-8085-exec-10] INFO  c.k.s.service.DocumentationService - Fetching all documentation
2026-03-26 09:42:29 [http-nio-8085-exec-10] DEBUG o.s.data.mongodb.core.MongoTemplate - find using query: {} fields: Document{{}} for class: class com.kojo.stack.domain.model.Doc in collection: documentation
2026-03-26 09:42:29 [http-nio-8085-exec-10] DEBUG o.s.w.s.m.m.a.HttpEntityMethodProcessor - Using 'application/json', given [application/json, text/plain, */*] and supported [application/json, application/*+json]
2026-03-26 09:42:29 [http-nio-8085-exec-10] DEBUG o.s.w.s.m.m.a.HttpEntityMethodProcessor - Writing [[DocDTO(id=ADR-2024-001, title=Event-Driven Architecture Strategy, type=ADR, tags=[Kafka, Microservi (truncated)...]
2026-03-26 09:42:29 [http-nio-8085-exec-10] DEBUG o.s.web.servlet.DispatcherServlet - Completed 200 OK
2026-03-26 09:42:29 [http-nio-8085-exec-10] INFO  c.k.s.config.RequestLoggingFilter - <<< Response: [GET] /api/v1/docs | Status: 200 | Duration: 88ms | Trace-ID: e48af04a-d683-4f9f-ac63-4b786a5c12b9
2026-03-26 09:42:31 [http-nio-8085-exec-2] DEBUG i.o.e.t.p.B3PropagatorExtractorMultipleHeaders - Invalid TraceId in B3 header: null'. Returning INVALID span context.
2026-03-26 09:42:31 [http-nio-8085-exec-2] DEBUG i.o.e.t.p.B3PropagatorExtractorMultipleHeaders - Invalid TraceId in B3 header: null'. Returning INVALID span context.
2026-03-26 09:42:31 [http-nio-8085-exec-2] DEBUG o.s.security.web.FilterChainProxy - Securing OPTIONS /api/v1/experiences
2026-03-26 09:42:31 [http-nio-8085-exec-1] DEBUG i.o.a.t.p.W3CTraceContextPropagator - Unparseable traceparent header. Returning INVALID span context.
2026-03-26 09:42:31 [http-nio-8085-exec-1] DEBUG o.s.security.web.FilterChainProxy - Securing GET /api/v1/experiences
2026-03-26 09:42:31 [http-nio-8085-exec-1] DEBUG c.k.s.s.JwtAuthenticationFilter - Set authentication for user: kojo
2026-03-26 09:42:31 [http-nio-8085-exec-1] DEBUG o.s.security.web.FilterChainProxy - Secured GET /api/v1/experiences
2026-03-26 09:42:31 [http-nio-8085-exec-1] INFO  c.k.s.config.RequestLoggingFilter - >>> Incoming Request: [GET] /api/v1/experiences 200 | Trace-ID: eeff0f6a-57cd-4aef-adad-6c68f06703c3 | Query: null
2026-03-26 09:42:31 [http-nio-8085-exec-1] DEBUG o.s.web.servlet.DispatcherServlet - GET "/api/v1/experiences", parameters={}
2026-03-26 09:42:31 [http-nio-8085-exec-1] DEBUG o.s.w.s.m.m.a.RequestMappingHandlerMapping - Mapped to com.kojo.stack.api.controller.ExperienceController#getAll()
2026-03-26 09:42:31 [http-nio-8085-exec-1] INFO  c.k.stack.service.ExperienceService - Fetching all experiences
2026-03-26 09:42:31 [http-nio-8085-exec-1] DEBUG o.s.data.mongodb.core.MongoTemplate - find using query: {} fields: Document{{}} for class: class com.kojo.stack.domain.model.Experience in collection: experiences
2026-03-26 09:42:31 [http-nio-8085-exec-1] DEBUG o.s.w.s.m.m.a.HttpEntityMethodProcessor - Using 'application/json', given [application/json, text/plain, */*] and supported [application/json, application/*+json]
2026-03-26 09:42:31 [http-nio-8085-exec-1] DEBUG o.s.w.s.m.m.a.HttpEntityMethodProcessor - Writing [[ExperienceDTO(id=698f12ab10b62159b6f711c2, company=Bundesrechenzentrum (BRZ), role=Software Develop (truncated)...]
2026-03-26 09:42:31 [http-nio-8085-exec-1] DEBUG o.s.web.servlet.DispatcherServlet - Completed 200 OK
2026-03-26 09:42:31 [http-nio-8085-exec-1] INFO  c.k.s.config.RequestLoggingFilter - <<< Response: [GET] /api/v1/experiences | Status: 200 | Duration: 118ms | Trace-ID: eeff0f6a-57cd-4aef-adad-6c68f06703c3
2026-03-26 09:42:33 [http-nio-8085-exec-3] DEBUG i.o.e.t.p.B3PropagatorExtractorMultipleHeaders - Invalid TraceId in B3 header: null'. Returning INVALID span context.
2026-03-26 09:42:33 [http-nio-8085-exec-3] DEBUG i.o.e.t.p.B3PropagatorExtractorMultipleHeaders - Invalid TraceId in B3 header: null'. Returning INVALID span context.
2026-03-26 09:42:33 [http-nio-8085-exec-3] DEBUG o.s.security.web.FilterChainProxy - Securing OPTIONS /api/v1/skills
2026-03-26 09:42:33 [http-nio-8085-exec-4] DEBUG i.o.a.t.p.W3CTraceContextPropagator - Unparseable traceparent header. Returning INVALID span context.
2026-03-26 09:42:33 [http-nio-8085-exec-4] DEBUG o.s.security.web.FilterChainProxy - Securing GET /api/v1/skills
2026-03-26 09:42:33 [http-nio-8085-exec-4] DEBUG c.k.s.s.JwtAuthenticationFilter - Set authentication for user: kojo
2026-03-26 09:42:33 [http-nio-8085-exec-4] DEBUG o.s.security.web.FilterChainProxy - Secured GET /api/v1/skills
2026-03-26 09:42:33 [http-nio-8085-exec-4] INFO  c.k.s.config.RequestLoggingFilter - >>> Incoming Request: [GET] /api/v1/skills 200 | Trace-ID: 5f081704-6af7-421c-b7eb-47135c520b4b | Query: null
2026-03-26 09:42:33 [http-nio-8085-exec-4] DEBUG o.s.web.servlet.DispatcherServlet - GET "/api/v1/skills", parameters={}
2026-03-26 09:42:33 [http-nio-8085-exec-4] DEBUG o.s.w.s.m.m.a.RequestMappingHandlerMapping - Mapped to com.kojo.stack.api.controller.SkillController#getAll()
2026-03-26 09:42:33 [http-nio-8085-exec-4] INFO  com.kojo.stack.service.SkillService - Fetching all skills
2026-03-26 09:42:33 [http-nio-8085-exec-4] DEBUG o.s.data.mongodb.core.MongoTemplate - find using query: {} fields: Document{{}} for class: class com.kojo.stack.domain.model.TechSkill in collection: tech_skills
2026-03-26 09:42:33 [http-nio-8085-exec-4] DEBUG o.s.w.s.m.m.a.HttpEntityMethodProcessor - Using 'application/json', given [application/json, text/plain, */*] and supported [application/json, application/*+json]
2026-03-26 09:42:33 [http-nio-8085-exec-4] DEBUG o.s.w.s.m.m.a.HttpEntityMethodProcessor - Writing [[TechSkillDTO(id=698f12ab10b62159b6f711c7, name=Java 8/11/17/21, category=Backend, level=100, icon=j (truncated)...]
2026-03-26 09:42:33 [http-nio-8085-exec-4] DEBUG o.s.web.servlet.DispatcherServlet - Completed 200 OK
2026-03-26 09:42:33 [http-nio-8085-exec-4] INFO  c.k.s.config.RequestLoggingFilter - <<< Response: [GET] /api/v1/skills | Status: 200 | Duration: 45ms | Trace-ID: 5f081704-6af7-421c-b7eb-47135c520b4b
2026-03-26 09:42:37 [http-nio-8085-exec-5] DEBUG i.o.e.t.p.B3PropagatorExtractorMultipleHeaders - Invalid TraceId in B3 header: null'. Returning INVALID span context.
2026-03-26 09:42:37 [http-nio-8085-exec-5] DEBUG i.o.e.t.p.B3PropagatorExtractorMultipleHeaders - Invalid TraceId in B3 header: null'. Returning INVALID span context.
2026-03-26 09:42:37 [http-nio-8085-exec-5] DEBUG o.s.security.web.FilterChainProxy - Securing OPTIONS /api/v1/inquiries
2026-03-26 09:42:37 [http-nio-8085-exec-6] DEBUG i.o.a.t.p.W3CTraceContextPropagator - Unparseable traceparent header. Returning INVALID span context.
2026-03-26 09:42:37 [http-nio-8085-exec-6] DEBUG o.s.security.web.FilterChainProxy - Securing GET /api/v1/inquiries
2026-03-26 09:42:37 [http-nio-8085-exec-6] DEBUG c.k.s.s.JwtAuthenticationFilter - Set authentication for user: kojo
2026-03-26 09:42:37 [http-nio-8085-exec-6] DEBUG o.s.security.web.FilterChainProxy - Secured GET /api/v1/inquiries
2026-03-26 09:42:37 [http-nio-8085-exec-6] INFO  c.k.s.config.RequestLoggingFilter - >>> Incoming Request: [GET] /api/v1/inquiries 200 | Trace-ID: 71795734-b371-4f2d-a4b6-ffb87f8601c3 | Query: null
2026-03-26 09:42:37 [http-nio-8085-exec-6] DEBUG o.s.web.servlet.DispatcherServlet - GET "/api/v1/inquiries", parameters={}
2026-03-26 09:42:37 [http-nio-8085-exec-6] DEBUG o.s.w.s.m.m.a.RequestMappingHandlerMapping - Mapped to com.kojo.stack.api.controller.InquiryController#getAll()
2026-03-26 09:42:37 [http-nio-8085-exec-6] INFO  c.kojo.stack.service.InquiryService - Fetching all inquiries
2026-03-26 09:42:37 [http-nio-8085-exec-6] DEBUG o.s.data.mongodb.core.MongoTemplate - find using query: {} fields: Document{{}} for class: class com.kojo.stack.domain.model.Inquiry in collection: inquiries
2026-03-26 09:42:37 [http-nio-8085-exec-6] DEBUG o.s.w.s.m.m.a.HttpEntityMethodProcessor - Using 'application/json', given [application/json, text/plain, */*] and supported [application/json, application/*+json]
2026-03-26 09:42:37 [http-nio-8085-exec-6] DEBUG o.s.w.s.m.m.a.HttpEntityMethodProcessor - Writing [[]]
2026-03-26 09:42:37 [http-nio-8085-exec-6] DEBUG o.s.web.servlet.DispatcherServlet - Completed 200 OK
2026-03-26 09:42:37 [http-nio-8085-exec-6] INFO  c.k.s.config.RequestLoggingFilter - <<< Response: [GET] /api/v1/inquiries | Status: 200 | Duration: 38ms | Trace-ID: 71795734-b371-4f2d-a4b6-ffb87f8601c3
2026-03-26 09:42:40 [http-nio-8085-exec-7] DEBUG i.o.e.t.p.B3PropagatorExtractorMultipleHeaders - Invalid TraceId in B3 header: null'. Returning INVALID span context.
2026-03-26 09:42:40 [http-nio-8085-exec-7] DEBUG i.o.e.t.p.B3PropagatorExtractorMultipleHeaders - Invalid TraceId in B3 header: null'. Returning INVALID span context.
2026-03-26 09:42:40 [http-nio-8085-exec-7] DEBUG o.s.security.web.FilterChainProxy - Securing OPTIONS /api/v1/education
2026-03-26 09:42:40 [http-nio-8085-exec-8] DEBUG i.o.a.t.p.W3CTraceContextPropagator - Unparseable traceparent header. Returning INVALID span context.
2026-03-26 09:42:40 [http-nio-8085-exec-8] DEBUG o.s.security.web.FilterChainProxy - Securing GET /api/v1/education
2026-03-26 09:42:40 [http-nio-8085-exec-8] DEBUG c.k.s.s.JwtAuthenticationFilter - Set authentication for user: kojo
2026-03-26 09:42:40 [http-nio-8085-exec-8] DEBUG o.s.security.web.FilterChainProxy - Secured GET /api/v1/education
2026-03-26 09:42:40 [http-nio-8085-exec-8] INFO  c.k.s.config.RequestLoggingFilter - >>> Incoming Request: [GET] /api/v1/education 200 | Trace-ID: ea47c8fa-0a29-4b49-97d7-6f4b42c1e584 | Query: null
2026-03-26 09:42:40 [http-nio-8085-exec-8] DEBUG o.s.web.servlet.DispatcherServlet - GET "/api/v1/education", parameters={}
2026-03-26 09:42:40 [http-nio-8085-exec-8] DEBUG o.s.w.s.m.m.a.RequestMappingHandlerMapping - Mapped to com.kojo.stack.api.controller.EducationController#getAll()
2026-03-26 09:42:40 [http-nio-8085-exec-8] INFO  c.k.stack.service.EducationService - Fetching all education records
2026-03-26 09:42:40 [http-nio-8085-exec-8] DEBUG o.s.data.mongodb.core.MongoTemplate - find using query: {} fields: Document{{}} for class: class com.kojo.stack.domain.model.Education in collection: education
2026-03-26 09:42:40 [http-nio-8085-exec-8] DEBUG o.s.w.s.m.m.a.HttpEntityMethodProcessor - Using 'application/json', given [application/json, text/plain, */*] and supported [application/json, application/*+json]
2026-03-26 09:42:40 [http-nio-8085-exec-8] DEBUG o.s.w.s.m.m.a.HttpEntityMethodProcessor - Writing [[EducationDTO(id=698f12ab10b62159b6f711db, institution=Computer, Munich - Germany, subjects=[Monitor (truncated)...]
2026-03-26 09:42:40 [http-nio-8085-exec-8] DEBUG o.s.web.servlet.DispatcherServlet - Completed 200 OK
2026-03-26 09:42:40 [http-nio-8085-exec-8] INFO  c.k.s.config.RequestLoggingFilter - <<< Response: [GET] /api/v1/education | Status: 200 | Duration: 112ms | Trace-ID: ea47c8fa-0a29-4b49-97d7-6f4b42c1e584
2026-03-26 09:42:42 [http-nio-8085-exec-9] DEBUG i.o.a.t.p.W3CTraceContextPropagator - Unparseable traceparent header. Returning INVALID span context.
2026-03-26 09:42:42 [http-nio-8085-exec-9] DEBUG o.s.security.web.FilterChainProxy - Securing GET /api/v1/profiles
2026-03-26 09:42:42 [http-nio-8085-exec-9] DEBUG c.k.s.s.JwtAuthenticationFilter - Set authentication for user: kojo
2026-03-26 09:42:42 [http-nio-8085-exec-9] DEBUG o.s.security.web.FilterChainProxy - Secured GET /api/v1/profiles
2026-03-26 09:42:42 [http-nio-8085-exec-9] INFO  c.k.s.config.RequestLoggingFilter - >>> Incoming Request: [GET] /api/v1/profiles 200 | Trace-ID: 2369ef3f-8885-492b-9a58-e18480c16d04 | Query: null
2026-03-26 09:42:42 [http-nio-8085-exec-9] DEBUG o.s.web.servlet.DispatcherServlet - GET "/api/v1/profiles", parameters={}
2026-03-26 09:42:42 [http-nio-8085-exec-9] DEBUG o.s.w.s.m.m.a.RequestMappingHandlerMapping - Mapped to com.kojo.stack.api.controller.ProfileController#getAll()
2026-03-26 09:42:42 [http-nio-8085-exec-9] DEBUG o.s.w.s.m.m.a.HttpEntityMethodProcessor - Using 'application/json', given [application/json, text/plain, */*] and supported [application/json, application/*+json]
2026-03-26 09:42:42 [http-nio-8085-exec-9] DEBUG o.s.w.s.m.m.a.HttpEntityMethodProcessor - Writing [[]]
2026-03-26 09:42:42 [http-nio-8085-exec-9] DEBUG o.s.web.servlet.DispatcherServlet - Completed 200 OK
2026-03-26 09:42:42 [http-nio-8085-exec-9] INFO  c.k.s.config.RequestLoggingFilter - <<< Response: [GET] /api/v1/profiles | Status: 200 | Duration: 17ms | Trace-ID: 2369ef3f-8885-492b-9a58-e18480c16d04
2026-03-26 09:42:44 [http-nio-8085-exec-10] DEBUG i.o.e.t.p.B3PropagatorExtractorMultipleHeaders - Invalid TraceId in B3 header: null'. Returning INVALID span context.
2026-03-26 09:42:44 [http-nio-8085-exec-10] DEBUG i.o.e.t.p.B3PropagatorExtractorMultipleHeaders - Invalid TraceId in B3 header: null'. Returning INVALID span context.
2026-03-26 09:42:44 [http-nio-8085-exec-10] DEBUG o.s.security.web.FilterChainProxy - Securing OPTIONS /api/v1/settings
2026-03-26 09:42:44 [http-nio-8085-exec-2] DEBUG i.o.a.t.p.W3CTraceContextPropagator - Unparseable traceparent header. Returning INVALID span context.
2026-03-26 09:42:44 [http-nio-8085-exec-2] DEBUG o.s.security.web.FilterChainProxy - Securing GET /api/v1/settings
2026-03-26 09:42:44 [http-nio-8085-exec-2] DEBUG c.k.s.s.JwtAuthenticationFilter - Set authentication for user: kojo
2026-03-26 09:42:44 [http-nio-8085-exec-2] DEBUG o.s.security.web.FilterChainProxy - Secured GET /api/v1/settings
2026-03-26 09:42:44 [http-nio-8085-exec-2] INFO  c.k.s.config.RequestLoggingFilter - >>> Incoming Request: [GET] /api/v1/settings 200 | Trace-ID: 0753a3dc-4e99-4a71-ac72-9dc1452b6cf2 | Query: null
2026-03-26 09:42:44 [http-nio-8085-exec-2] DEBUG o.s.web.servlet.DispatcherServlet - GET "/api/v1/settings", parameters={}
2026-03-26 09:42:44 [http-nio-8085-exec-2] DEBUG o.s.w.s.m.m.a.RequestMappingHandlerMapping - Mapped to com.kojo.stack.api.controller.SettingsController#getAll()
2026-03-26 09:42:44 [http-nio-8085-exec-2] INFO  c.kojo.stack.service.SettingsService - Fetching all settings
2026-03-26 09:42:44 [http-nio-8085-exec-2] DEBUG o.s.data.mongodb.core.MongoTemplate - find using query: {} fields: Document{{}} for class: class com.kojo.stack.domain.model.Settings in collection: settings
2026-03-26 09:42:44 [http-nio-8085-exec-2] DEBUG o.s.w.s.m.m.a.HttpEntityMethodProcessor - Using 'application/json', given [application/json, text/plain, */*] and supported [application/json, application/*+json]
2026-03-26 09:42:44 [http-nio-8085-exec-2] DEBUG o.s.w.s.m.m.a.HttpEntityMethodProcessor - Writing [[]]
2026-03-26 09:42:44 [http-nio-8085-exec-2] DEBUG o.s.web.servlet.DispatcherServlet - Completed 200 OK
2026-03-26 09:42:44 [http-nio-8085-exec-2] INFO  c.k.s.config.RequestLoggingFilter - <<< Response: [GET] /api/v1/settings | Status: 200 | Duration: 23ms | Trace-ID: 0753a3dc-4e99-4a71-ac72-9dc1452b6cf2
2026-03-26 09:42:46 [http-nio-8085-exec-1] DEBUG i.o.e.t.p.B3PropagatorExtractorMultipleHeaders - Invalid TraceId in B3 header: null'. Returning INVALID span context.
2026-03-26 09:42:46 [http-nio-8085-exec-1] DEBUG i.o.e.t.p.B3PropagatorExtractorMultipleHeaders - Invalid TraceId in B3 header: null'. Returning INVALID span context.
2026-03-26 09:42:46 [http-nio-8085-exec-1] DEBUG o.s.security.web.FilterChainProxy - Securing OPTIONS /api/v1/metrics
2026-03-26 09:42:46 [http-nio-8085-exec-3] DEBUG i.o.a.t.p.W3CTraceContextPropagator - Unparseable traceparent header. Returning INVALID span context.
2026-03-26 09:42:46 [http-nio-8085-exec-3] DEBUG o.s.security.web.FilterChainProxy - Securing GET /api/v1/metrics
2026-03-26 09:42:46 [http-nio-8085-exec-3] DEBUG c.k.s.s.JwtAuthenticationFilter - Set authentication for user: kojo
2026-03-26 09:42:46 [http-nio-8085-exec-3] DEBUG o.s.security.web.FilterChainProxy - Secured GET /api/v1/metrics
2026-03-26 09:42:46 [http-nio-8085-exec-3] INFO  c.k.s.config.RequestLoggingFilter - >>> Incoming Request: [GET] /api/v1/metrics 200 | Trace-ID: c21a2e6c-854b-41fe-87a6-91b296bd44ff | Query: null
2026-03-26 09:42:46 [http-nio-8085-exec-3] DEBUG o.s.web.servlet.DispatcherServlet - GET "/api/v1/metrics", parameters={}
2026-03-26 09:42:46 [http-nio-8085-exec-3] DEBUG o.s.w.s.m.m.a.RequestMappingHandlerMapping - Mapped to com.kojo.stack.api.controller.MetricController#getAll()
2026-03-26 09:42:46 [http-nio-8085-exec-3] INFO  c.kojo.stack.service.MetricService - Fetching all metrics
2026-03-26 09:42:46 [http-nio-8085-exec-3] DEBUG o.s.data.mongodb.core.MongoTemplate - find using query: {} fields: Document{{}} for class: class com.kojo.stack.domain.model.Metric in collection: metrics
2026-03-26 09:42:46 [http-nio-8085-exec-3] DEBUG o.s.w.s.m.m.a.HttpEntityMethodProcessor - Using 'application/json', given [application/json, text/plain, */*] and supported [application/json, application/*+json]
2026-03-26 09:42:46 [http-nio-8085-exec-3] DEBUG o.s.w.s.m.m.a.HttpEntityMethodProcessor - Writing [[]]
2026-03-26 09:42:46 [http-nio-8085-exec-3] DEBUG o.s.web.servlet.DispatcherServlet - Completed 200 OK
2026-03-26 09:42:46 [http-nio-8085-exec-3] INFO  c.k.s.config.RequestLoggingFilter - <<< Response: [GET] /api/v1/metrics | Status: 200 | Duration: 30ms | Trace-ID: c21a2e6c-854b-41fe-87a6-91b296bd44ff
2026-03-26 09:45:48 [http-nio-8085-exec-7] DEBUG i.o.e.t.p.B3PropagatorExtractorMultipleHeaders - Invalid TraceId in B3 header: null'. Returning INVALID span context.
2026-03-26 09:45:48 [http-nio-8085-exec-7] DEBUG i.o.e.t.p.B3PropagatorExtractorMultipleHeaders - Invalid TraceId in B3 header: null'. Returning INVALID span context.
2026-03-26 09:45:48 [http-nio-8085-exec-7] DEBUG o.s.security.web.FilterChainProxy - Securing OPTIONS /api/v1/profiles
2026-03-26 09:45:48 [http-nio-8085-exec-6] DEBUG i.o.e.t.p.B3PropagatorExtractorMultipleHeaders - Invalid TraceId in B3 header: null'. Returning INVALID span context.
2026-03-26 09:45:48 [http-nio-8085-exec-6] DEBUG i.o.e.t.p.B3PropagatorExtractorMultipleHeaders - Invalid TraceId in B3 header: null'. Returning INVALID span context.
2026-03-26 09:45:48 [http-nio-8085-exec-6] DEBUG o.s.security.web.FilterChainProxy - Securing OPTIONS /api/v1/profiles
2026-03-26 09:45:48 [http-nio-8085-exec-8] DEBUG i.o.a.t.p.W3CTraceContextPropagator - Unparseable traceparent header. Returning INVALID span context.
2026-03-26 09:45:48 [http-nio-8085-exec-8] DEBUG o.s.security.web.FilterChainProxy - Securing GET /api/v1/profiles
2026-03-26 09:45:48 [http-nio-8085-exec-9] DEBUG i.o.a.t.p.W3CTraceContextPropagator - Unparseable traceparent header. Returning INVALID span context.
2026-03-26 09:45:48 [http-nio-8085-exec-9] DEBUG o.s.security.web.FilterChainProxy - Securing GET /api/v1/profiles
2026-03-26 09:45:48 [http-nio-8085-exec-8] DEBUG c.k.s.s.JwtAuthenticationFilter - Set authentication for user: kojo
2026-03-26 09:45:48 [http-nio-8085-exec-9] DEBUG c.k.s.s.JwtAuthenticationFilter - Set authentication for user: kojo
2026-03-26 09:45:48 [http-nio-8085-exec-8] DEBUG o.s.security.web.FilterChainProxy - Secured GET /api/v1/profiles
2026-03-26 09:45:48 [http-nio-8085-exec-8] INFO  c.k.s.config.RequestLoggingFilter - >>> Incoming Request: [GET] /api/v1/profiles 200 | Trace-ID: a8f93520-313c-483f-833e-fea34e245656 | Query: null
2026-03-26 09:45:48 [http-nio-8085-exec-8] DEBUG o.s.web.servlet.DispatcherServlet - GET "/api/v1/profiles", parameters={}
2026-03-26 09:45:48 [http-nio-8085-exec-9] DEBUG o.s.security.web.FilterChainProxy - Secured GET /api/v1/profiles
2026-03-26 09:45:48 [http-nio-8085-exec-9] INFO  c.k.s.config.RequestLoggingFilter - >>> Incoming Request: [GET] /api/v1/profiles 200 | Trace-ID: 4f9315f5-ee3d-4917-a45e-e9ff9fbadb17 | Query: null
2026-03-26 09:45:48 [http-nio-8085-exec-9] DEBUG o.s.web.servlet.DispatcherServlet - GET "/api/v1/profiles", parameters={}
2026-03-26 09:45:48 [http-nio-8085-exec-8] DEBUG o.s.w.s.m.m.a.RequestMappingHandlerMapping - Mapped to com.kojo.stack.api.controller.ProfileController#getAll()
2026-03-26 09:45:48 [http-nio-8085-exec-9] DEBUG o.s.w.s.m.m.a.RequestMappingHandlerMapping - Mapped to com.kojo.stack.api.controller.ProfileController#getAll()
2026-03-26 09:45:48 [http-nio-8085-exec-8] DEBUG o.s.w.s.m.m.a.HttpEntityMethodProcessor - Using 'application/json', given [application/json, text/plain, */*] and supported [application/json, application/*+json]
2026-03-26 09:45:48 [http-nio-8085-exec-8] DEBUG o.s.w.s.m.m.a.HttpEntityMethodProcessor - Writing [[]]
2026-03-26 09:45:48 [http-nio-8085-exec-9] DEBUG o.s.w.s.m.m.a.HttpEntityMethodProcessor - Using 'application/json', given [application/json, text/plain, */*] and supported [application/json, application/*+json]
2026-03-26 09:45:48 [http-nio-8085-exec-10] DEBUG i.o.e.t.p.B3PropagatorExtractorMultipleHeaders - Invalid TraceId in B3 header: null'. Returning INVALID span context.
2026-03-26 09:45:48 [http-nio-8085-exec-10] DEBUG i.o.e.t.p.B3PropagatorExtractorMultipleHeaders - Invalid TraceId in B3 header: null'. Returning INVALID span context.
2026-03-26 09:45:48 [http-nio-8085-exec-10] DEBUG o.s.security.web.FilterChainProxy - Securing OPTIONS /api/v1/account
2026-03-26 09:45:48 [http-nio-8085-exec-8] DEBUG o.s.web.servlet.DispatcherServlet - Completed 200 OK
2026-03-26 09:45:48 [http-nio-8085-exec-8] INFO  c.k.s.config.RequestLoggingFilter - <<< Response: [GET] /api/v1/profiles | Status: 200 | Duration: 33ms | Trace-ID: a8f93520-313c-483f-833e-fea34e245656
2026-03-26 09:45:48 [http-nio-8085-exec-9] DEBUG o.s.w.s.m.m.a.HttpEntityMethodProcessor - Writing [[]]
2026-03-26 09:45:48 [http-nio-8085-exec-9] DEBUG o.s.web.servlet.DispatcherServlet - Completed 200 OK
2026-03-26 09:45:48 [http-nio-8085-exec-9] INFO  c.k.s.config.RequestLoggingFilter - <<< Response: [GET] /api/v1/profiles | Status: 200 | Duration: 30ms | Trace-ID: 4f9315f5-ee3d-4917-a45e-e9ff9fbadb17
2026-03-26 09:45:48 [http-nio-8085-exec-2] DEBUG i.o.a.t.p.W3CTraceContextPropagator - Unparseable traceparent header. Returning INVALID span context.
2026-03-26 09:45:48 [http-nio-8085-exec-2] DEBUG o.s.security.web.FilterChainProxy - Securing GET /api/v1/account
2026-03-26 09:45:48 [http-nio-8085-exec-2] DEBUG c.k.s.s.JwtAuthenticationFilter - Set authentication for user: kojo
2026-03-26 09:45:48 [http-nio-8085-exec-2] DEBUG o.s.security.web.FilterChainProxy - Secured GET /api/v1/account
2026-03-26 09:45:48 [http-nio-8085-exec-2] INFO  c.k.s.config.RequestLoggingFilter - >>> Incoming Request: [GET] /api/v1/account 200 | Trace-ID: 26172ca9-b124-4c96-bab8-ea2f8d1adf66 | Query: null
2026-03-26 09:45:48 [http-nio-8085-exec-2] DEBUG o.s.web.servlet.DispatcherServlet - GET "/api/v1/account", parameters={}
2026-03-26 09:45:48 [http-nio-8085-exec-2] DEBUG o.s.w.s.m.m.a.RequestMappingHandlerMapping - Mapped to com.kojo.stack.api.controller.AccountController#getCurrentUser(Authentication)
2026-03-26 09:45:48 [http-nio-8085-exec-2] INFO  c.kojo.stack.service.AccountService - Fetching user login by login: kojo
2026-03-26 09:45:48 [http-nio-8085-exec-2] DEBUG o.s.d.m.r.query.MongoQueryCreator - Created query Query: { "login" : "kojo"}, Fields: {}, Sort: {}
2026-03-26 09:45:48 [http-nio-8085-exec-2] DEBUG o.s.data.mongodb.core.MongoTemplate - find using query: { "login" : "kojo"} fields: Document{{}} for class: class com.kojo.stack.domain.model.Account in collection: user_logins
2026-03-26 09:45:48 [http-nio-8085-exec-2] DEBUG o.s.w.s.m.m.a.HttpEntityMethodProcessor - Using 'application/json', given [application/json, text/plain, */*] and supported [application/json, application/*+json]
2026-03-26 09:45:48 [http-nio-8085-exec-2] DEBUG o.s.w.s.m.m.a.HttpEntityMethodProcessor - Writing [AccountDTO(id=69c474967b33c079208cd8f3, login=kojo, email=kojo@jojoaddison.net, password=$2a$10$gyNJ (truncated)...]
2026-03-26 09:45:48 [http-nio-8085-exec-2] DEBUG o.s.web.servlet.DispatcherServlet - Completed 200 OK
2026-03-26 09:45:48 [http-nio-8085-exec-2] INFO  c.k.s.config.RequestLoggingFilter - <<< Response: [GET] /api/v1/account | Status: 200 | Duration: 73ms | Trace-ID: 26172ca9-b124-4c96-bab8-ea2f8d1adf66
2026-03-26 09:46:21 [http-nio-8085-exec-1] DEBUG i.o.a.t.p.W3CTraceContextPropagator - Unparseable traceparent header. Returning INVALID span context.
2026-03-26 09:46:21 [http-nio-8085-exec-1] DEBUG o.s.security.web.FilterChainProxy - Securing GET /api/v1/docs
2026-03-26 09:46:21 [http-nio-8085-exec-1] DEBUG c.k.s.s.JwtAuthenticationFilter - Set authentication for user: kojo
2026-03-26 09:46:21 [http-nio-8085-exec-1] DEBUG o.s.security.web.FilterChainProxy - Secured GET /api/v1/docs
2026-03-26 09:46:21 [http-nio-8085-exec-1] INFO  c.k.s.config.RequestLoggingFilter - >>> Incoming Request: [GET] /api/v1/docs 200 | Trace-ID: 1f4f4ed3-bc8c-4d21-9695-d12d5201f4d7 | Query: null
2026-03-26 09:46:21 [http-nio-8085-exec-1] DEBUG o.s.web.servlet.DispatcherServlet - GET "/api/v1/docs", parameters={}
2026-03-26 09:46:21 [http-nio-8085-exec-1] DEBUG o.s.w.s.m.m.a.RequestMappingHandlerMapping - Mapped to com.kojo.stack.api.controller.DocumentationController#getAll()
2026-03-26 09:46:21 [http-nio-8085-exec-1] DEBUG o.s.w.s.m.m.a.HttpEntityMethodProcessor - Using 'application/json', given [application/json, text/plain, */*] and supported [application/json, application/*+json]
2026-03-26 09:46:21 [http-nio-8085-exec-1] DEBUG o.s.w.s.m.m.a.HttpEntityMethodProcessor - Writing [[DocDTO(id=ADR-2024-001, title=Event-Driven Architecture Strategy, type=ADR, tags=[Kafka, Microservi (truncated)...]
2026-03-26 09:46:21 [http-nio-8085-exec-1] DEBUG o.s.web.servlet.DispatcherServlet - Completed 200 OK
2026-03-26 09:46:21 [http-nio-8085-exec-1] INFO  c.k.s.config.RequestLoggingFilter - <<< Response: [GET] /api/v1/docs | Status: 200 | Duration: 32ms | Trace-ID: 1f4f4ed3-bc8c-4d21-9695-d12d5201f4d7
2026-03-26 10:48:24 [http-nio-8085-exec-7] DEBUG i.o.e.t.p.B3PropagatorExtractorMultipleHeaders - Invalid TraceId in B3 header: null'. Returning INVALID span context.
2026-03-26 10:48:24 [http-nio-8085-exec-7] DEBUG i.o.e.t.p.B3PropagatorExtractorMultipleHeaders - Invalid TraceId in B3 header: null'. Returning INVALID span context.
2026-03-26 10:48:24 [http-nio-8085-exec-7] DEBUG o.s.security.web.FilterChainProxy - Securing OPTIONS /api/v1/profiles
2026-03-26 10:48:24 [http-nio-8085-exec-6] DEBUG i.o.e.t.p.B3PropagatorExtractorMultipleHeaders - Invalid TraceId in B3 header: null'. Returning INVALID span context.
2026-03-26 10:48:24 [http-nio-8085-exec-6] DEBUG i.o.e.t.p.B3PropagatorExtractorMultipleHeaders - Invalid TraceId in B3 header: null'. Returning INVALID span context.
2026-03-26 10:48:24 [http-nio-8085-exec-6] DEBUG o.s.security.web.FilterChainProxy - Securing OPTIONS /api/v1/profiles
2026-03-26 10:48:24 [http-nio-8085-exec-8] DEBUG i.o.a.t.p.W3CTraceContextPropagator - Unparseable traceparent header. Returning INVALID span context.
2026-03-26 10:48:24 [http-nio-8085-exec-8] DEBUG o.s.security.web.FilterChainProxy - Securing GET /api/v1/profiles
2026-03-26 10:48:25 [http-nio-8085-exec-8] DEBUG c.k.s.s.JwtAuthenticationFilter - Set authentication for user: kojo
2026-03-26 10:48:25 [http-nio-8085-exec-8] DEBUG o.s.security.web.FilterChainProxy - Secured GET /api/v1/profiles
2026-03-26 10:48:25 [http-nio-8085-exec-8] INFO  c.k.s.config.RequestLoggingFilter - >>> Incoming Request: [GET] /api/v1/profiles 200 | Trace-ID: e9f6e321-ef9c-40f9-8ba0-7041fb065d33 | Query: null
2026-03-26 10:48:25 [http-nio-8085-exec-8] DEBUG o.s.web.servlet.DispatcherServlet - GET "/api/v1/profiles", parameters={}
2026-03-26 10:48:25 [http-nio-8085-exec-8] DEBUG o.s.w.s.m.m.a.RequestMappingHandlerMapping - Mapped to com.kojo.stack.api.controller.ProfileController#getAll()
2026-03-26 10:48:25 [http-nio-8085-exec-8] INFO  c.kojo.stack.service.ProfileService - Fetching all profiles
2026-03-26 10:48:25 [http-nio-8085-exec-8] DEBUG o.s.data.mongodb.core.MongoTemplate - find using query: {} fields: Document{{}} for class: class com.kojo.stack.domain.model.Profile in collection: profiles
2026-03-26 10:48:25 [http-nio-8085-exec-8] DEBUG o.s.w.s.m.m.a.HttpEntityMethodProcessor - Using 'application/json', given [application/json, text/plain, */*] and supported [application/json, application/*+json]
2026-03-26 10:48:25 [http-nio-8085-exec-8] DEBUG o.s.w.s.m.m.a.HttpEntityMethodProcessor - Writing [[]]
2026-03-26 10:48:25 [http-nio-8085-exec-8] DEBUG o.s.web.servlet.DispatcherServlet - Completed 200 OK
2026-03-26 10:48:25 [http-nio-8085-exec-8] INFO  c.k.s.config.RequestLoggingFilter - <<< Response: [GET] /api/v1/profiles | Status: 200 | Duration: 24ms | Trace-ID: e9f6e321-ef9c-40f9-8ba0-7041fb065d33
2026-03-26 10:48:25 [http-nio-8085-exec-9] DEBUG i.o.a.t.p.W3CTraceContextPropagator - Unparseable traceparent header. Returning INVALID span context.
2026-03-26 10:48:25 [http-nio-8085-exec-9] DEBUG o.s.security.web.FilterChainProxy - Securing GET /api/v1/profiles
2026-03-26 10:48:25 [http-nio-8085-exec-10] DEBUG i.o.e.t.p.B3PropagatorExtractorMultipleHeaders - Invalid TraceId in B3 header: null'. Returning INVALID span context.
2026-03-26 10:48:25 [http-nio-8085-exec-10] DEBUG i.o.e.t.p.B3PropagatorExtractorMultipleHeaders - Invalid TraceId in B3 header: null'. Returning INVALID span context.
2026-03-26 10:48:25 [http-nio-8085-exec-10] DEBUG o.s.security.web.FilterChainProxy - Securing OPTIONS /api/v1/account
2026-03-26 10:48:25 [http-nio-8085-exec-9] DEBUG c.k.s.s.JwtAuthenticationFilter - Set authentication for user: kojo
2026-03-26 10:48:25 [http-nio-8085-exec-9] DEBUG o.s.security.web.FilterChainProxy - Secured GET /api/v1/profiles
2026-03-26 10:48:25 [http-nio-8085-exec-9] INFO  c.k.s.config.RequestLoggingFilter - >>> Incoming Request: [GET] /api/v1/profiles 200 | Trace-ID: 48203afb-2bb8-4424-be45-9120c9e73a17 | Query: null
2026-03-26 10:48:25 [http-nio-8085-exec-9] DEBUG o.s.web.servlet.DispatcherServlet - GET "/api/v1/profiles", parameters={}
2026-03-26 10:48:25 [http-nio-8085-exec-9] DEBUG o.s.w.s.m.m.a.RequestMappingHandlerMapping - Mapped to com.kojo.stack.api.controller.ProfileController#getAll()
2026-03-26 10:48:25 [http-nio-8085-exec-9] DEBUG o.s.w.s.m.m.a.HttpEntityMethodProcessor - Using 'application/json', given [application/json, text/plain, */*] and supported [application/json, application/*+json]
2026-03-26 10:48:25 [http-nio-8085-exec-9] DEBUG o.s.w.s.m.m.a.HttpEntityMethodProcessor - Writing [[]]
2026-03-26 10:48:25 [http-nio-8085-exec-9] DEBUG o.s.web.servlet.DispatcherServlet - Completed 200 OK
2026-03-26 10:48:25 [http-nio-8085-exec-9] INFO  c.k.s.config.RequestLoggingFilter - <<< Response: [GET] /api/v1/profiles | Status: 200 | Duration: 12ms | Trace-ID: 48203afb-2bb8-4424-be45-9120c9e73a17
2026-03-26 10:48:25 [http-nio-8085-exec-2] DEBUG i.o.a.t.p.W3CTraceContextPropagator - Unparseable traceparent header. Returning INVALID span context.
2026-03-26 10:48:25 [http-nio-8085-exec-2] DEBUG o.s.security.web.FilterChainProxy - Securing GET /api/v1/account
2026-03-26 10:48:25 [http-nio-8085-exec-2] DEBUG c.k.s.s.JwtAuthenticationFilter - Set authentication for user: kojo
2026-03-26 10:48:25 [http-nio-8085-exec-2] DEBUG o.s.security.web.FilterChainProxy - Secured GET /api/v1/account
2026-03-26 10:48:25 [http-nio-8085-exec-2] INFO  c.k.s.config.RequestLoggingFilter - >>> Incoming Request: [GET] /api/v1/account 200 | Trace-ID: 8a418942-7a65-4286-bc41-177c43449891 | Query: null
2026-03-26 10:48:25 [http-nio-8085-exec-2] DEBUG o.s.web.servlet.DispatcherServlet - GET "/api/v1/account", parameters={}
2026-03-26 10:48:25 [http-nio-8085-exec-2] DEBUG o.s.w.s.m.m.a.RequestMappingHandlerMapping - Mapped to com.kojo.stack.api.controller.AccountController#getCurrentUser(Authentication)
2026-03-26 10:48:25 [http-nio-8085-exec-2] INFO  c.kojo.stack.service.AccountService - Fetching user login by login: kojo
2026-03-26 10:48:25 [http-nio-8085-exec-2] DEBUG o.s.d.m.r.query.MongoQueryCreator - Created query Query: { "login" : "kojo"}, Fields: {}, Sort: {}
2026-03-26 10:48:25 [http-nio-8085-exec-2] DEBUG o.s.data.mongodb.core.MongoTemplate - find using query: { "login" : "kojo"} fields: Document{{}} for class: class com.kojo.stack.domain.model.Account in collection: user_logins
2026-03-26 10:48:25 [http-nio-8085-exec-2] DEBUG o.s.w.s.m.m.a.HttpEntityMethodProcessor - Using 'application/json', given [application/json, text/plain, */*] and supported [application/json, application/*+json]
2026-03-26 10:48:25 [http-nio-8085-exec-2] DEBUG o.s.w.s.m.m.a.HttpEntityMethodProcessor - Writing [AccountDTO(id=69c474967b33c079208cd8f3, login=kojo, email=kojo@jojoaddison.net, password=$2a$10$gyNJ (truncated)...]
2026-03-26 10:48:25 [http-nio-8085-exec-2] DEBUG o.s.web.servlet.DispatcherServlet - Completed 200 OK
2026-03-26 10:48:25 [http-nio-8085-exec-2] INFO  c.k.s.config.RequestLoggingFilter - <<< Response: [GET] /api/v1/account | Status: 200 | Duration: 60ms | Trace-ID: 8a418942-7a65-4286-bc41-177c43449891
2026-03-26 10:48:34 [http-nio-8085-exec-1] DEBUG i.o.e.t.p.B3PropagatorExtractorMultipleHeaders - Invalid TraceId in B3 header: null'. Returning INVALID span context.
2026-03-26 10:48:34 [http-nio-8085-exec-1] DEBUG i.o.e.t.p.B3PropagatorExtractorMultipleHeaders - Invalid TraceId in B3 header: null'. Returning INVALID span context.
2026-03-26 10:48:34 [http-nio-8085-exec-1] DEBUG o.s.security.web.FilterChainProxy - Securing OPTIONS /api/v1/docs
2026-03-26 10:48:34 [http-nio-8085-exec-4] DEBUG i.o.a.t.p.W3CTraceContextPropagator - Unparseable traceparent header. Returning INVALID span context.
2026-03-26 10:48:34 [http-nio-8085-exec-4] DEBUG o.s.security.web.FilterChainProxy - Securing GET /api/v1/docs
2026-03-26 10:48:34 [http-nio-8085-exec-4] DEBUG c.k.s.s.JwtAuthenticationFilter - Set authentication for user: kojo
2026-03-26 10:48:34 [http-nio-8085-exec-4] DEBUG o.s.security.web.FilterChainProxy - Secured GET /api/v1/docs
2026-03-26 10:48:34 [http-nio-8085-exec-4] INFO  c.k.s.config.RequestLoggingFilter - >>> Incoming Request: [GET] /api/v1/docs 200 | Trace-ID: da9a8020-6b80-496c-94aa-7f94396a3626 | Query: null
2026-03-26 10:48:34 [http-nio-8085-exec-4] DEBUG o.s.web.servlet.DispatcherServlet - GET "/api/v1/docs", parameters={}
2026-03-26 10:48:34 [http-nio-8085-exec-4] DEBUG o.s.w.s.m.m.a.RequestMappingHandlerMapping - Mapped to com.kojo.stack.api.controller.DocumentationController#getAll()
2026-03-26 10:48:34 [http-nio-8085-exec-4] INFO  c.k.s.service.DocumentationService - Fetching all documentation
2026-03-26 10:48:34 [http-nio-8085-exec-4] DEBUG o.s.data.mongodb.core.MongoTemplate - find using query: {} fields: Document{{}} for class: class com.kojo.stack.domain.model.Doc in collection: documentation
2026-03-26 10:48:34 [http-nio-8085-exec-4] DEBUG o.s.w.s.m.m.a.HttpEntityMethodProcessor - Using 'application/json', given [application/json, text/plain, */*] and supported [application/json, application/*+json]
2026-03-26 10:48:34 [http-nio-8085-exec-4] DEBUG o.s.w.s.m.m.a.HttpEntityMethodProcessor - Writing [[DocDTO(id=ADR-2024-001, title=Event-Driven Architecture Strategy, type=ADR, tags=[Kafka, Microservi (truncated)...]
2026-03-26 10:48:34 [http-nio-8085-exec-4] DEBUG o.s.web.servlet.DispatcherServlet - Completed 200 OK
2026-03-26 10:48:34 [http-nio-8085-exec-4] INFO  c.k.s.config.RequestLoggingFilter - <<< Response: [GET] /api/v1/docs | Status: 200 | Duration: 42ms | Trace-ID: da9a8020-6b80-496c-94aa-7f94396a3626
2026-03-26 10:50:21 [http-nio-8085-exec-7] DEBUG i.o.a.t.p.W3CTraceContextPropagator - Unparseable traceparent header. Returning INVALID span context.
2026-03-26 10:50:21 [http-nio-8085-exec-7] DEBUG o.s.security.web.FilterChainProxy - Securing GET /api/v1/docs
2026-03-26 10:50:21 [http-nio-8085-exec-7] DEBUG c.k.s.s.JwtAuthenticationFilter - Set authentication for user: kojo
2026-03-26 10:50:21 [http-nio-8085-exec-7] DEBUG o.s.security.web.FilterChainProxy - Secured GET /api/v1/docs
2026-03-26 10:50:21 [http-nio-8085-exec-7] INFO  c.k.s.config.RequestLoggingFilter - >>> Incoming Request: [GET] /api/v1/docs 200 | Trace-ID: 769018d1-d143-4d31-99bb-9fb24f497f05 | Query: null
2026-03-26 10:50:21 [http-nio-8085-exec-7] DEBUG o.s.web.servlet.DispatcherServlet - GET "/api/v1/docs", parameters={}
2026-03-26 10:50:21 [http-nio-8085-exec-7] DEBUG o.s.w.s.m.m.a.RequestMappingHandlerMapping - Mapped to com.kojo.stack.api.controller.DocumentationController#getAll()
2026-03-26 10:50:21 [http-nio-8085-exec-7] DEBUG o.s.w.s.m.m.a.HttpEntityMethodProcessor - Using 'application/json', given [application/json, text/plain, */*] and supported [application/json, application/*+json]
2026-03-26 10:50:21 [http-nio-8085-exec-7] DEBUG o.s.w.s.m.m.a.HttpEntityMethodProcessor - Writing [[DocDTO(id=ADR-2024-001, title=Event-Driven Architecture Strategy, type=ADR, tags=[Kafka, Microservi (truncated)...]
2026-03-26 10:50:21 [http-nio-8085-exec-7] DEBUG o.s.web.servlet.DispatcherServlet - Completed 200 OK
2026-03-26 10:50:21 [http-nio-8085-exec-7] INFO  c.k.s.config.RequestLoggingFilter - <<< Response: [GET] /api/v1/docs | Status: 200 | Duration: 29ms | Trace-ID: 769018d1-d143-4d31-99bb-9fb24f497f05
2026-03-26 10:51:43 [http-nio-8085-exec-8] DEBUG i.o.a.t.p.W3CTraceContextPropagator - Unparseable traceparent header. Returning INVALID span context.
2026-03-26 10:51:43 [http-nio-8085-exec-8] DEBUG o.s.security.web.FilterChainProxy - Securing GET /api/v1/profiles
2026-03-26 10:51:43 [http-nio-8085-exec-8] DEBUG c.k.s.s.JwtAuthenticationFilter - Set authentication for user: kojo
2026-03-26 10:51:43 [http-nio-8085-exec-10] DEBUG i.o.a.t.p.W3CTraceContextPropagator - Unparseable traceparent header. Returning INVALID span context.
2026-03-26 10:51:43 [http-nio-8085-exec-10] DEBUG o.s.security.web.FilterChainProxy - Securing GET /api/v1/account
2026-03-26 10:51:43 [http-nio-8085-exec-8] DEBUG o.s.security.web.FilterChainProxy - Secured GET /api/v1/profiles
2026-03-26 10:51:43 [http-nio-8085-exec-8] INFO  c.k.s.config.RequestLoggingFilter - >>> Incoming Request: [GET] /api/v1/profiles 200 | Trace-ID: f94472ec-fa24-4560-9e01-6d99e1274ee1 | Query: null
2026-03-26 10:51:43 [http-nio-8085-exec-8] DEBUG o.s.web.servlet.DispatcherServlet - GET "/api/v1/profiles", parameters={}
2026-03-26 10:51:43 [http-nio-8085-exec-8] DEBUG o.s.w.s.m.m.a.RequestMappingHandlerMapping - Mapped to com.kojo.stack.api.controller.ProfileController#getAll()
2026-03-26 10:51:43 [http-nio-8085-exec-8] DEBUG o.s.w.s.m.m.a.HttpEntityMethodProcessor - Using 'application/json', given [application/json, text/plain, */*] and supported [application/json, application/*+json]
2026-03-26 10:51:43 [http-nio-8085-exec-8] DEBUG o.s.w.s.m.m.a.HttpEntityMethodProcessor - Writing [[]]
2026-03-26 10:51:43 [http-nio-8085-exec-10] DEBUG c.k.s.s.JwtAuthenticationFilter - Set authentication for user: kojo
2026-03-26 10:51:43 [http-nio-8085-exec-8] DEBUG o.s.web.servlet.DispatcherServlet - Completed 200 OK
2026-03-26 10:51:43 [http-nio-8085-exec-8] INFO  c.k.s.config.RequestLoggingFilter - <<< Response: [GET] /api/v1/profiles | Status: 200 | Duration: 28ms | Trace-ID: f94472ec-fa24-4560-9e01-6d99e1274ee1
2026-03-26 10:51:43 [http-nio-8085-exec-10] DEBUG o.s.security.web.FilterChainProxy - Secured GET /api/v1/account
2026-03-26 10:51:43 [http-nio-8085-exec-10] INFO  c.k.s.config.RequestLoggingFilter - >>> Incoming Request: [GET] /api/v1/account 200 | Trace-ID: 08248521-2f4f-4946-8927-f4866237c219 | Query: null
2026-03-26 10:51:43 [http-nio-8085-exec-10] DEBUG o.s.web.servlet.DispatcherServlet - GET "/api/v1/account", parameters={}
2026-03-26 10:51:43 [http-nio-8085-exec-9] DEBUG i.o.a.t.p.W3CTraceContextPropagator - Unparseable traceparent header. Returning INVALID span context.
2026-03-26 10:51:43 [http-nio-8085-exec-10] DEBUG o.s.w.s.m.m.a.RequestMappingHandlerMapping - Mapped to com.kojo.stack.api.controller.AccountController#getCurrentUser(Authentication)
2026-03-26 10:51:43 [http-nio-8085-exec-9] DEBUG o.s.security.web.FilterChainProxy - Securing GET /api/v1/profiles
2026-03-26 10:51:43 [http-nio-8085-exec-10] INFO  c.kojo.stack.service.AccountService - Fetching user login by login: kojo
2026-03-26 10:51:43 [http-nio-8085-exec-10] DEBUG o.s.d.m.r.query.MongoQueryCreator - Created query Query: { "login" : "kojo"}, Fields: {}, Sort: {}
2026-03-26 10:51:43 [http-nio-8085-exec-10] DEBUG o.s.data.mongodb.core.MongoTemplate - find using query: { "login" : "kojo"} fields: Document{{}} for class: class com.kojo.stack.domain.model.Account in collection: user_logins
2026-03-26 10:51:44 [http-nio-8085-exec-9] DEBUG c.k.s.s.JwtAuthenticationFilter - Set authentication for user: kojo
2026-03-26 10:51:44 [http-nio-8085-exec-10] DEBUG o.s.w.s.m.m.a.HttpEntityMethodProcessor - Using 'application/json', given [application/json, text/plain, */*] and supported [application/json, application/*+json]
2026-03-26 10:51:44 [http-nio-8085-exec-10] DEBUG o.s.w.s.m.m.a.HttpEntityMethodProcessor - Writing [AccountDTO(id=69c474967b33c079208cd8f3, login=kojo, email=kojo@jojoaddison.net, password=$2a$10$gyNJ (truncated)...]
2026-03-26 10:51:44 [http-nio-8085-exec-10] DEBUG o.s.web.servlet.DispatcherServlet - Completed 200 OK
2026-03-26 10:51:44 [http-nio-8085-exec-10] INFO  c.k.s.config.RequestLoggingFilter - <<< Response: [GET] /api/v1/account | Status: 200 | Duration: 71ms | Trace-ID: 08248521-2f4f-4946-8927-f4866237c219
2026-03-26 10:51:44 [http-nio-8085-exec-9] DEBUG o.s.security.web.FilterChainProxy - Secured GET /api/v1/profiles
2026-03-26 10:51:44 [http-nio-8085-exec-9] INFO  c.k.s.config.RequestLoggingFilter - >>> Incoming Request: [GET] /api/v1/profiles 200 | Trace-ID: 4ab34fb6-4350-4fa9-9c4a-13d634cab5f3 | Query: null
2026-03-26 10:51:44 [http-nio-8085-exec-9] DEBUG o.s.web.servlet.DispatcherServlet - GET "/api/v1/profiles", parameters={}
2026-03-26 10:51:44 [http-nio-8085-exec-9] DEBUG o.s.w.s.m.m.a.RequestMappingHandlerMapping - Mapped to com.kojo.stack.api.controller.ProfileController#getAll()
2026-03-26 10:51:44 [http-nio-8085-exec-9] DEBUG o.s.w.s.m.m.a.HttpEntityMethodProcessor - Using 'application/json', given [application/json, text/plain, */*] and supported [application/json, application/*+json]
2026-03-26 10:51:44 [http-nio-8085-exec-9] DEBUG o.s.w.s.m.m.a.HttpEntityMethodProcessor - Writing [[]]
2026-03-26 10:51:44 [http-nio-8085-exec-9] DEBUG o.s.web.servlet.DispatcherServlet - Completed 200 OK
2026-03-26 10:51:44 [http-nio-8085-exec-9] INFO  c.k.s.config.RequestLoggingFilter - <<< Response: [GET] /api/v1/profiles | Status: 200 | Duration: 25ms | Trace-ID: 4ab34fb6-4350-4fa9-9c4a-13d634cab5f3
2026-03-26 10:51:44 [http-nio-8085-exec-2] DEBUG i.o.a.t.p.W3CTraceContextPropagator - Unparseable traceparent header. Returning INVALID span context.
2026-03-26 10:51:44 [http-nio-8085-exec-2] DEBUG o.s.security.web.FilterChainProxy - Securing GET /api/v1/docs
2026-03-26 10:51:44 [http-nio-8085-exec-2] DEBUG c.k.s.s.JwtAuthenticationFilter - Set authentication for user: kojo
2026-03-26 10:51:44 [http-nio-8085-exec-2] DEBUG o.s.security.web.FilterChainProxy - Secured GET /api/v1/docs
2026-03-26 10:51:44 [http-nio-8085-exec-2] INFO  c.k.s.config.RequestLoggingFilter - >>> Incoming Request: [GET] /api/v1/docs 200 | Trace-ID: af10784c-8306-49b9-9128-2b36526b1102 | Query: null
2026-03-26 10:51:44 [http-nio-8085-exec-2] DEBUG o.s.web.servlet.DispatcherServlet - GET "/api/v1/docs", parameters={}
2026-03-26 10:51:44 [http-nio-8085-exec-2] DEBUG o.s.w.s.m.m.a.RequestMappingHandlerMapping - Mapped to com.kojo.stack.api.controller.DocumentationController#getAll()
2026-03-26 10:51:44 [http-nio-8085-exec-2] DEBUG o.s.w.s.m.m.a.HttpEntityMethodProcessor - Using 'application/json', given [application/json, text/plain, */*] and supported [application/json, application/*+json]
2026-03-26 10:51:44 [http-nio-8085-exec-2] DEBUG o.s.w.s.m.m.a.HttpEntityMethodProcessor - Writing [[DocDTO(id=ADR-2024-001, title=Event-Driven Architecture Strategy, type=ADR, tags=[Kafka, Microservi (truncated)...]
2026-03-26 10:51:44 [http-nio-8085-exec-2] DEBUG o.s.web.servlet.DispatcherServlet - Completed 200 OK
2026-03-26 10:51:44 [http-nio-8085-exec-2] INFO  c.k.s.config.RequestLoggingFilter - <<< Response: [GET] /api/v1/docs | Status: 200 | Duration: 17ms | Trace-ID: af10784c-8306-49b9-9128-2b36526b1102
2026-03-26 10:57:13 [http-nio-8085-exec-5] DEBUG i.o.a.t.p.W3CTraceContextPropagator - Unparseable traceparent header. Returning INVALID span context.
2026-03-26 10:57:13 [http-nio-8085-exec-5] DEBUG o.s.security.web.FilterChainProxy - Securing GET /api/v1/profiles
2026-03-26 10:57:13 [http-nio-8085-exec-5] DEBUG c.k.s.s.JwtAuthenticationFilter - Set authentication for user: kojo
2026-03-26 10:57:13 [http-nio-8085-exec-5] DEBUG o.s.security.web.FilterChainProxy - Secured GET /api/v1/profiles
2026-03-26 10:57:13 [http-nio-8085-exec-5] INFO  c.k.s.config.RequestLoggingFilter - >>> Incoming Request: [GET] /api/v1/profiles 200 | Trace-ID: dc450607-b9be-47d2-ad78-aee81687813f | Query: null
2026-03-26 10:57:13 [http-nio-8085-exec-5] DEBUG o.s.web.servlet.DispatcherServlet - GET "/api/v1/profiles", parameters={}
2026-03-26 10:57:13 [http-nio-8085-exec-5] DEBUG o.s.w.s.m.m.a.RequestMappingHandlerMapping - Mapped to com.kojo.stack.api.controller.ProfileController#getAll()
2026-03-26 10:57:13 [http-nio-8085-exec-5] DEBUG o.s.w.s.m.m.a.HttpEntityMethodProcessor - Using 'application/json', given [application/json, text/plain, */*] and supported [application/json, application/*+json]
2026-03-26 10:57:13 [http-nio-8085-exec-5] DEBUG o.s.w.s.m.m.a.HttpEntityMethodProcessor - Writing [[]]
2026-03-26 10:57:13 [http-nio-8085-exec-5] DEBUG o.s.web.servlet.DispatcherServlet - Completed 200 OK
2026-03-26 10:57:13 [http-nio-8085-exec-5] INFO  c.k.s.config.RequestLoggingFilter - <<< Response: [GET] /api/v1/profiles | Status: 200 | Duration: 16ms | Trace-ID: dc450607-b9be-47d2-ad78-aee81687813f
2026-03-26 10:57:13 [http-nio-8085-exec-7] DEBUG i.o.a.t.p.W3CTraceContextPropagator - Unparseable traceparent header. Returning INVALID span context.
2026-03-26 10:57:13 [http-nio-8085-exec-6] DEBUG i.o.a.t.p.W3CTraceContextPropagator - Unparseable traceparent header. Returning INVALID span context.
2026-03-26 10:57:13 [http-nio-8085-exec-6] DEBUG o.s.security.web.FilterChainProxy - Securing GET /api/v1/account
2026-03-26 10:57:13 [http-nio-8085-exec-7] DEBUG o.s.security.web.FilterChainProxy - Securing GET /api/v1/profiles
2026-03-26 10:57:13 [http-nio-8085-exec-7] DEBUG c.k.s.s.JwtAuthenticationFilter - Set authentication for user: kojo
2026-03-26 10:57:13 [http-nio-8085-exec-6] DEBUG c.k.s.s.JwtAuthenticationFilter - Set authentication for user: kojo
2026-03-26 10:57:13 [http-nio-8085-exec-6] DEBUG o.s.security.web.FilterChainProxy - Secured GET /api/v1/account
2026-03-26 10:57:13 [http-nio-8085-exec-6] INFO  c.k.s.config.RequestLoggingFilter - >>> Incoming Request: [GET] /api/v1/account 200 | Trace-ID: a718f0ac-52e0-4e4c-b2d5-3c2bcd162b9f | Query: null
2026-03-26 10:57:13 [http-nio-8085-exec-7] DEBUG o.s.security.web.FilterChainProxy - Secured GET /api/v1/profiles
2026-03-26 10:57:13 [http-nio-8085-exec-6] DEBUG o.s.web.servlet.DispatcherServlet - GET "/api/v1/account", parameters={}
2026-03-26 10:57:13 [http-nio-8085-exec-6] DEBUG o.s.w.s.m.m.a.RequestMappingHandlerMapping - Mapped to com.kojo.stack.api.controller.AccountController#getCurrentUser(Authentication)
2026-03-26 10:57:13 [http-nio-8085-exec-6] INFO  c.kojo.stack.service.AccountService - Fetching user login by login: kojo
2026-03-26 10:57:13 [http-nio-8085-exec-7] INFO  c.k.s.config.RequestLoggingFilter - >>> Incoming Request: [GET] /api/v1/profiles 200 | Trace-ID: 8a4a5cbe-10a0-4fa9-9ac2-ba5519691b38 | Query: null
2026-03-26 10:57:13 [http-nio-8085-exec-7] DEBUG o.s.web.servlet.DispatcherServlet - GET "/api/v1/profiles", parameters={}
2026-03-26 10:57:13 [http-nio-8085-exec-7] DEBUG o.s.w.s.m.m.a.RequestMappingHandlerMapping - Mapped to com.kojo.stack.api.controller.ProfileController#getAll()
2026-03-26 10:57:13 [http-nio-8085-exec-7] DEBUG o.s.w.s.m.m.a.HttpEntityMethodProcessor - Using 'application/json', given [application/json, text/plain, */*] and supported [application/json, application/*+json]
2026-03-26 10:57:13 [http-nio-8085-exec-7] DEBUG o.s.w.s.m.m.a.HttpEntityMethodProcessor - Writing [[]]
2026-03-26 10:57:13 [http-nio-8085-exec-7] DEBUG o.s.web.servlet.DispatcherServlet - Completed 200 OK
2026-03-26 10:57:13 [http-nio-8085-exec-7] INFO  c.k.s.config.RequestLoggingFilter - <<< Response: [GET] /api/v1/profiles | Status: 200 | Duration: 44ms | Trace-ID: 8a4a5cbe-10a0-4fa9-9ac2-ba5519691b38
2026-03-26 10:57:13 [http-nio-8085-exec-6] DEBUG o.s.d.m.r.query.MongoQueryCreator - Created query Query: { "login" : "kojo"}, Fields: {}, Sort: {}
2026-03-26 10:57:13 [http-nio-8085-exec-6] DEBUG o.s.data.mongodb.core.MongoTemplate - find using query: { "login" : "kojo"} fields: Document{{}} for class: class com.kojo.stack.domain.model.Account in collection: user_logins
2026-03-26 10:57:13 [http-nio-8085-exec-6] DEBUG o.s.w.s.m.m.a.HttpEntityMethodProcessor - Using 'application/json', given [application/json, text/plain, */*] and supported [application/json, application/*+json]
2026-03-26 10:57:13 [http-nio-8085-exec-6] DEBUG o.s.w.s.m.m.a.HttpEntityMethodProcessor - Writing [AccountDTO(id=69c474967b33c079208cd8f3, login=kojo, email=kojo@jojoaddison.net, password=$2a$10$gyNJ (truncated)...]
2026-03-26 10:57:13 [http-nio-8085-exec-6] DEBUG o.s.web.servlet.DispatcherServlet - Completed 200 OK
2026-03-26 10:57:13 [http-nio-8085-exec-6] INFO  c.k.s.config.RequestLoggingFilter - <<< Response: [GET] /api/v1/account | Status: 200 | Duration: 132ms | Trace-ID: a718f0ac-52e0-4e4c-b2d5-3c2bcd162b9f
2026-03-26 10:57:13 [http-nio-8085-exec-8] DEBUG i.o.a.t.p.W3CTraceContextPropagator - Unparseable traceparent header. Returning INVALID span context.
2026-03-26 10:57:13 [http-nio-8085-exec-8] DEBUG o.s.security.web.FilterChainProxy - Securing GET /api/v1/docs
2026-03-26 10:57:13 [http-nio-8085-exec-8] DEBUG c.k.s.s.JwtAuthenticationFilter - Set authentication for user: kojo
2026-03-26 10:57:13 [http-nio-8085-exec-8] DEBUG o.s.security.web.FilterChainProxy - Secured GET /api/v1/docs
2026-03-26 10:57:13 [http-nio-8085-exec-8] INFO  c.k.s.config.RequestLoggingFilter - >>> Incoming Request: [GET] /api/v1/docs 200 | Trace-ID: 5ea8bf5b-2435-4d6b-826f-88cf6d4bd784 | Query: null
2026-03-26 10:57:13 [http-nio-8085-exec-8] DEBUG o.s.web.servlet.DispatcherServlet - GET "/api/v1/docs", parameters={}
2026-03-26 10:57:13 [http-nio-8085-exec-8] DEBUG o.s.w.s.m.m.a.RequestMappingHandlerMapping - Mapped to com.kojo.stack.api.controller.DocumentationController#getAll()
2026-03-26 10:57:13 [http-nio-8085-exec-8] DEBUG o.s.w.s.m.m.a.HttpEntityMethodProcessor - Using 'application/json', given [application/json, text/plain, */*] and supported [application/json, application/*+json]
2026-03-26 10:57:13 [http-nio-8085-exec-8] DEBUG o.s.w.s.m.m.a.HttpEntityMethodProcessor - Writing [[DocDTO(id=ADR-2024-001, title=Event-Driven Architecture Strategy, type=ADR, tags=[Kafka, Microservi (truncated)...]
2026-03-26 10:57:13 [http-nio-8085-exec-8] DEBUG o.s.web.servlet.DispatcherServlet - Completed 200 OK
2026-03-26 10:57:13 [http-nio-8085-exec-8] INFO  c.k.s.config.RequestLoggingFilter - <<< Response: [GET] /api/v1/docs | Status: 200 | Duration: 17ms | Trace-ID: 5ea8bf5b-2435-4d6b-826f-88cf6d4bd784
2026-03-26 10:58:18 [http-nio-8085-exec-2] DEBUG i.o.a.t.p.W3CTraceContextPropagator - Unparseable traceparent header. Returning INVALID span context.
2026-03-26 10:58:18 [http-nio-8085-exec-2] DEBUG o.s.security.web.FilterChainProxy - Securing GET /api/v1/profiles
2026-03-26 10:58:18 [http-nio-8085-exec-2] DEBUG c.k.s.s.JwtAuthenticationFilter - Set authentication for user: kojo
2026-03-26 10:58:18 [http-nio-8085-exec-2] DEBUG o.s.security.web.FilterChainProxy - Secured GET /api/v1/profiles
2026-03-26 10:58:18 [http-nio-8085-exec-2] INFO  c.k.s.config.RequestLoggingFilter - >>> Incoming Request: [GET] /api/v1/profiles 200 | Trace-ID: 67bfb192-5e72-4808-9e1f-ee18252b8ebc | Query: null
2026-03-26 10:58:18 [http-nio-8085-exec-2] DEBUG o.s.web.servlet.DispatcherServlet - GET "/api/v1/profiles", parameters={}
2026-03-26 10:58:18 [http-nio-8085-exec-2] DEBUG o.s.w.s.m.m.a.RequestMappingHandlerMapping - Mapped to com.kojo.stack.api.controller.ProfileController#getAll()
2026-03-26 10:58:18 [http-nio-8085-exec-2] DEBUG o.s.w.s.m.m.a.HttpEntityMethodProcessor - Using 'application/json', given [application/json, text/plain, */*] and supported [application/json, application/*+json]
2026-03-26 10:58:18 [http-nio-8085-exec-2] DEBUG o.s.w.s.m.m.a.HttpEntityMethodProcessor - Writing [[]]
2026-03-26 10:58:18 [http-nio-8085-exec-2] DEBUG o.s.web.servlet.DispatcherServlet - Completed 200 OK
2026-03-26 10:58:18 [http-nio-8085-exec-2] INFO  c.k.s.config.RequestLoggingFilter - <<< Response: [GET] /api/v1/profiles | Status: 200 | Duration: 33ms | Trace-ID: 67bfb192-5e72-4808-9e1f-ee18252b8ebc
2026-03-26 10:58:18 [http-nio-8085-exec-2] DEBUG i.o.a.t.p.W3CTraceContextPropagator - Unparseable traceparent header. Returning INVALID span context.
2026-03-26 10:58:18 [http-nio-8085-exec-2] DEBUG o.s.security.web.FilterChainProxy - Securing GET /api/v1/profiles
2026-03-26 10:58:18 [http-nio-8085-exec-4] DEBUG i.o.a.t.p.W3CTraceContextPropagator - Unparseable traceparent header. Returning INVALID span context.
2026-03-26 10:58:18 [http-nio-8085-exec-4] DEBUG o.s.security.web.FilterChainProxy - Securing GET /api/v1/account
2026-03-26 10:58:18 [http-nio-8085-exec-2] DEBUG c.k.s.s.JwtAuthenticationFilter - Set authentication for user: kojo
2026-03-26 10:58:18 [http-nio-8085-exec-4] DEBUG c.k.s.s.JwtAuthenticationFilter - Set authentication for user: kojo
2026-03-26 10:58:18 [http-nio-8085-exec-4] DEBUG o.s.security.web.FilterChainProxy - Secured GET /api/v1/account
2026-03-26 10:58:18 [http-nio-8085-exec-2] DEBUG o.s.security.web.FilterChainProxy - Secured GET /api/v1/profiles
2026-03-26 10:58:18 [http-nio-8085-exec-2] INFO  c.k.s.config.RequestLoggingFilter - >>> Incoming Request: [GET] /api/v1/profiles 200 | Trace-ID: 9f09da72-6c50-488f-9220-cd5483ba8e00 | Query: null
2026-03-26 10:58:18 [http-nio-8085-exec-2] DEBUG o.s.web.servlet.DispatcherServlet - GET "/api/v1/profiles", parameters={}
2026-03-26 10:58:18 [http-nio-8085-exec-2] DEBUG o.s.w.s.m.m.a.RequestMappingHandlerMapping - Mapped to com.kojo.stack.api.controller.ProfileController#getAll()
2026-03-26 10:58:18 [http-nio-8085-exec-4] INFO  c.k.s.config.RequestLoggingFilter - >>> Incoming Request: [GET] /api/v1/account 200 | Trace-ID: 95d85e2e-80b5-4c7e-ae8c-a70ca61a4fea | Query: null
2026-03-26 10:58:18 [http-nio-8085-exec-4] DEBUG o.s.web.servlet.DispatcherServlet - GET "/api/v1/account", parameters={}
2026-03-26 10:58:18 [http-nio-8085-exec-4] DEBUG o.s.w.s.m.m.a.RequestMappingHandlerMapping - Mapped to com.kojo.stack.api.controller.AccountController#getCurrentUser(Authentication)
2026-03-26 10:58:18 [http-nio-8085-exec-4] INFO  c.kojo.stack.service.AccountService - Fetching user login by login: kojo
2026-03-26 10:58:18 [http-nio-8085-exec-4] DEBUG o.s.d.m.r.query.MongoQueryCreator - Created query Query: { "login" : "kojo"}, Fields: {}, Sort: {}
2026-03-26 10:58:18 [http-nio-8085-exec-4] DEBUG o.s.data.mongodb.core.MongoTemplate - find using query: { "login" : "kojo"} fields: Document{{}} for class: class com.kojo.stack.domain.model.Account in collection: user_logins
2026-03-26 10:58:18 [http-nio-8085-exec-2] DEBUG o.s.w.s.m.m.a.HttpEntityMethodProcessor - Using 'application/json', given [application/json, text/plain, */*] and supported [application/json, application/*+json]
2026-03-26 10:58:18 [http-nio-8085-exec-2] DEBUG o.s.w.s.m.m.a.HttpEntityMethodProcessor - Writing [[]]
2026-03-26 10:58:18 [http-nio-8085-exec-2] DEBUG o.s.web.servlet.DispatcherServlet - Completed 200 OK
2026-03-26 10:58:18 [http-nio-8085-exec-2] INFO  c.k.s.config.RequestLoggingFilter - <<< Response: [GET] /api/v1/profiles | Status: 200 | Duration: 22ms | Trace-ID: 9f09da72-6c50-488f-9220-cd5483ba8e00
2026-03-26 10:58:18 [http-nio-8085-exec-4] DEBUG o.s.w.s.m.m.a.HttpEntityMethodProcessor - Using 'application/json', given [application/json, text/plain, */*] and supported [application/json, application/*+json]
2026-03-26 10:58:18 [http-nio-8085-exec-4] DEBUG o.s.w.s.m.m.a.HttpEntityMethodProcessor - Writing [AccountDTO(id=69c474967b33c079208cd8f3, login=kojo, email=kojo@jojoaddison.net, password=$2a$10$gyNJ (truncated)...]
2026-03-26 10:58:18 [http-nio-8085-exec-4] DEBUG o.s.web.servlet.DispatcherServlet - Completed 200 OK
2026-03-26 10:58:18 [http-nio-8085-exec-4] INFO  c.k.s.config.RequestLoggingFilter - <<< Response: [GET] /api/v1/account | Status: 200 | Duration: 33ms | Trace-ID: 95d85e2e-80b5-4c7e-ae8c-a70ca61a4fea
2026-03-26 10:58:19 [http-nio-8085-exec-1] DEBUG i.o.a.t.p.W3CTraceContextPropagator - Unparseable traceparent header. Returning INVALID span context.
2026-03-26 10:58:19 [http-nio-8085-exec-1] DEBUG o.s.security.web.FilterChainProxy - Securing GET /api/v1/docs
2026-03-26 10:58:19 [http-nio-8085-exec-1] DEBUG c.k.s.s.JwtAuthenticationFilter - Set authentication for user: kojo
2026-03-26 10:58:19 [http-nio-8085-exec-1] DEBUG o.s.security.web.FilterChainProxy - Secured GET /api/v1/docs
2026-03-26 10:58:19 [http-nio-8085-exec-1] INFO  c.k.s.config.RequestLoggingFilter - >>> Incoming Request: [GET] /api/v1/docs 200 | Trace-ID: 2f30c3a9-c392-4fb4-bf4d-fc8482fb60a4 | Query: null
2026-03-26 10:58:19 [http-nio-8085-exec-1] DEBUG o.s.web.servlet.DispatcherServlet - GET "/api/v1/docs", parameters={}
2026-03-26 10:58:19 [http-nio-8085-exec-1] DEBUG o.s.w.s.m.m.a.RequestMappingHandlerMapping - Mapped to com.kojo.stack.api.controller.DocumentationController#getAll()
2026-03-26 10:58:19 [http-nio-8085-exec-1] DEBUG o.s.w.s.m.m.a.HttpEntityMethodProcessor - Using 'application/json', given [application/json, text/plain, */*] and supported [application/json, application/*+json]
2026-03-26 10:58:19 [http-nio-8085-exec-1] DEBUG o.s.w.s.m.m.a.HttpEntityMethodProcessor - Writing [[DocDTO(id=ADR-2024-001, title=Event-Driven Architecture Strategy, type=ADR, tags=[Kafka, Microservi (truncated)...]
2026-03-26 10:58:19 [http-nio-8085-exec-1] DEBUG o.s.web.servlet.DispatcherServlet - Completed 200 OK
2026-03-26 10:58:19 [http-nio-8085-exec-1] INFO  c.k.s.config.RequestLoggingFilter - <<< Response: [GET] /api/v1/docs | Status: 200 | Duration: 27ms | Trace-ID: 2f30c3a9-c392-4fb4-bf4d-fc8482fb60a4
2026-03-26 10:58:43 [http-nio-8085-exec-5] DEBUG i.o.a.t.p.W3CTraceContextPropagator - Unparseable traceparent header. Returning INVALID span context.
2026-03-26 10:58:43 [http-nio-8085-exec-5] DEBUG o.s.security.web.FilterChainProxy - Securing GET /api/v1/profiles
2026-03-26 10:58:43 [http-nio-8085-exec-5] DEBUG c.k.s.s.JwtAuthenticationFilter - Set authentication for user: kojo
2026-03-26 10:58:43 [http-nio-8085-exec-5] DEBUG o.s.security.web.FilterChainProxy - Secured GET /api/v1/profiles
2026-03-26 10:58:43 [http-nio-8085-exec-5] INFO  c.k.s.config.RequestLoggingFilter - >>> Incoming Request: [GET] /api/v1/profiles 200 | Trace-ID: bb4a4b2d-fcc2-4d38-a706-0679b8b92130 | Query: null
2026-03-26 10:58:43 [http-nio-8085-exec-7] DEBUG i.o.a.t.p.W3CTraceContextPropagator - Unparseable traceparent header. Returning INVALID span context.
2026-03-26 10:58:43 [http-nio-8085-exec-7] DEBUG o.s.security.web.FilterChainProxy - Securing GET /api/v1/account
2026-03-26 10:58:43 [http-nio-8085-exec-5] DEBUG o.s.web.servlet.DispatcherServlet - GET "/api/v1/profiles", parameters={}
2026-03-26 10:58:43 [http-nio-8085-exec-5] DEBUG o.s.w.s.m.m.a.RequestMappingHandlerMapping - Mapped to com.kojo.stack.api.controller.ProfileController#getAll()
2026-03-26 10:58:43 [http-nio-8085-exec-5] DEBUG o.s.w.s.m.m.a.HttpEntityMethodProcessor - Using 'application/json', given [application/json, text/plain, */*] and supported [application/json, application/*+json]
2026-03-26 10:58:43 [http-nio-8085-exec-5] DEBUG o.s.w.s.m.m.a.HttpEntityMethodProcessor - Writing [[]]
2026-03-26 10:58:43 [http-nio-8085-exec-5] DEBUG o.s.web.servlet.DispatcherServlet - Completed 200 OK
2026-03-26 10:58:43 [http-nio-8085-exec-5] INFO  c.k.s.config.RequestLoggingFilter - <<< Response: [GET] /api/v1/profiles | Status: 200 | Duration: 30ms | Trace-ID: bb4a4b2d-fcc2-4d38-a706-0679b8b92130
2026-03-26 10:58:43 [http-nio-8085-exec-7] DEBUG c.k.s.s.JwtAuthenticationFilter - Set authentication for user: kojo
2026-03-26 10:58:43 [http-nio-8085-exec-7] DEBUG o.s.security.web.FilterChainProxy - Secured GET /api/v1/account
2026-03-26 10:58:43 [http-nio-8085-exec-7] INFO  c.k.s.config.RequestLoggingFilter - >>> Incoming Request: [GET] /api/v1/account 200 | Trace-ID: 61b86e03-453a-493d-b471-6f714dda579e | Query: null
2026-03-26 10:58:43 [http-nio-8085-exec-7] DEBUG o.s.web.servlet.DispatcherServlet - GET "/api/v1/account", parameters={}
2026-03-26 10:58:43 [http-nio-8085-exec-7] DEBUG o.s.w.s.m.m.a.RequestMappingHandlerMapping - Mapped to com.kojo.stack.api.controller.AccountController#getCurrentUser(Authentication)
2026-03-26 10:58:43 [http-nio-8085-exec-7] INFO  c.kojo.stack.service.AccountService - Fetching user login by login: kojo
2026-03-26 10:58:43 [http-nio-8085-exec-7] DEBUG o.s.d.m.r.query.MongoQueryCreator - Created query Query: { "login" : "kojo"}, Fields: {}, Sort: {}
2026-03-26 10:58:43 [http-nio-8085-exec-7] DEBUG o.s.data.mongodb.core.MongoTemplate - find using query: { "login" : "kojo"} fields: Document{{}} for class: class com.kojo.stack.domain.model.Account in collection: user_logins
2026-03-26 10:58:43 [http-nio-8085-exec-6] DEBUG i.o.a.t.p.W3CTraceContextPropagator - Unparseable traceparent header. Returning INVALID span context.
2026-03-26 10:58:43 [http-nio-8085-exec-6] DEBUG o.s.security.web.FilterChainProxy - Securing GET /api/v1/profiles
2026-03-26 10:58:43 [http-nio-8085-exec-6] DEBUG c.k.s.s.JwtAuthenticationFilter - Set authentication for user: kojo
2026-03-26 10:58:43 [http-nio-8085-exec-6] DEBUG o.s.security.web.FilterChainProxy - Secured GET /api/v1/profiles
2026-03-26 10:58:43 [http-nio-8085-exec-6] INFO  c.k.s.config.RequestLoggingFilter - >>> Incoming Request: [GET] /api/v1/profiles 200 | Trace-ID: f84777e3-2065-48cc-9883-01ef2118f6a4 | Query: null
2026-03-26 10:58:43 [http-nio-8085-exec-6] DEBUG o.s.web.servlet.DispatcherServlet - GET "/api/v1/profiles", parameters={}
2026-03-26 10:58:43 [http-nio-8085-exec-6] DEBUG o.s.w.s.m.m.a.RequestMappingHandlerMapping - Mapped to com.kojo.stack.api.controller.ProfileController#getAll()
2026-03-26 10:58:43 [http-nio-8085-exec-6] DEBUG o.s.w.s.m.m.a.HttpEntityMethodProcessor - Using 'application/json', given [application/json, text/plain, */*] and supported [application/json, application/*+json]
2026-03-26 10:58:43 [http-nio-8085-exec-6] DEBUG o.s.w.s.m.m.a.HttpEntityMethodProcessor - Writing [[]]
2026-03-26 10:58:43 [http-nio-8085-exec-7] DEBUG o.s.w.s.m.m.a.HttpEntityMethodProcessor - Using 'application/json', given [application/json, text/plain, */*] and supported [application/json, application/*+json]
2026-03-26 10:58:43 [http-nio-8085-exec-7] DEBUG o.s.w.s.m.m.a.HttpEntityMethodProcessor - Writing [AccountDTO(id=69c474967b33c079208cd8f3, login=kojo, email=kojo@jojoaddison.net, password=$2a$10$gyNJ (truncated)...]
2026-03-26 10:58:43 [http-nio-8085-exec-7] DEBUG o.s.web.servlet.DispatcherServlet - Completed 200 OK
2026-03-26 10:58:43 [http-nio-8085-exec-7] INFO  c.k.s.config.RequestLoggingFilter - <<< Response: [GET] /api/v1/account | Status: 200 | Duration: 66ms | Trace-ID: 61b86e03-453a-493d-b471-6f714dda579e
2026-03-26 10:58:43 [http-nio-8085-exec-6] DEBUG o.s.web.servlet.DispatcherServlet - Completed 200 OK
2026-03-26 10:58:43 [http-nio-8085-exec-6] INFO  c.k.s.config.RequestLoggingFilter - <<< Response: [GET] /api/v1/profiles | Status: 200 | Duration: 23ms | Trace-ID: f84777e3-2065-48cc-9883-01ef2118f6a4
2026-03-26 10:58:43 [http-nio-8085-exec-8] DEBUG i.o.a.t.p.W3CTraceContextPropagator - Unparseable traceparent header. Returning INVALID span context.
2026-03-26 10:58:43 [http-nio-8085-exec-8] DEBUG o.s.security.web.FilterChainProxy - Securing GET /api/v1/docs
2026-03-26 10:58:43 [http-nio-8085-exec-8] DEBUG c.k.s.s.JwtAuthenticationFilter - Set authentication for user: kojo
2026-03-26 10:58:43 [http-nio-8085-exec-8] DEBUG o.s.security.web.FilterChainProxy - Secured GET /api/v1/docs
2026-03-26 10:58:43 [http-nio-8085-exec-8] INFO  c.k.s.config.RequestLoggingFilter - >>> Incoming Request: [GET] /api/v1/docs 200 | Trace-ID: 3acba00d-3066-4a0c-ba61-bb84675af320 | Query: null
2026-03-26 10:58:43 [http-nio-8085-exec-8] DEBUG o.s.web.servlet.DispatcherServlet - GET "/api/v1/docs", parameters={}
2026-03-26 10:58:43 [http-nio-8085-exec-8] DEBUG o.s.w.s.m.m.a.RequestMappingHandlerMapping - Mapped to com.kojo.stack.api.controller.DocumentationController#getAll()
2026-03-26 10:58:43 [http-nio-8085-exec-8] DEBUG o.s.w.s.m.m.a.HttpEntityMethodProcessor - Using 'application/json', given [application/json, text/plain, */*] and supported [application/json, application/*+json]
2026-03-26 10:58:43 [http-nio-8085-exec-8] DEBUG o.s.w.s.m.m.a.HttpEntityMethodProcessor - Writing [[DocDTO(id=ADR-2024-001, title=Event-Driven Architecture Strategy, type=ADR, tags=[Kafka, Microservi (truncated)...]
2026-03-26 10:58:43 [http-nio-8085-exec-8] DEBUG o.s.web.servlet.DispatcherServlet - Completed 200 OK
2026-03-26 10:58:43 [http-nio-8085-exec-8] INFO  c.k.s.config.RequestLoggingFilter - <<< Response: [GET] /api/v1/docs | Status: 200 | Duration: 31ms | Trace-ID: 3acba00d-3066-4a0c-ba61-bb84675af320
2026-03-26 11:01:37 [http-nio-8085-exec-4] DEBUG i.o.a.t.p.W3CTraceContextPropagator - Unparseable traceparent header. Returning INVALID span context.
2026-03-26 11:01:37 [http-nio-8085-exec-4] DEBUG o.s.security.web.FilterChainProxy - Securing GET /api/v1/profiles
2026-03-26 11:01:37 [http-nio-8085-exec-4] DEBUG c.k.s.s.JwtAuthenticationFilter - Set authentication for user: kojo
2026-03-26 11:01:37 [http-nio-8085-exec-2] DEBUG i.o.a.t.p.W3CTraceContextPropagator - Unparseable traceparent header. Returning INVALID span context.
2026-03-26 11:01:37 [http-nio-8085-exec-4] DEBUG o.s.security.web.FilterChainProxy - Secured GET /api/v1/profiles
2026-03-26 11:01:37 [http-nio-8085-exec-4] INFO  c.k.s.config.RequestLoggingFilter - >>> Incoming Request: [GET] /api/v1/profiles 200 | Trace-ID: 3da79bd0-b633-4eda-a648-e007493444c6 | Query: null
2026-03-26 11:01:37 [http-nio-8085-exec-4] DEBUG o.s.web.servlet.DispatcherServlet - GET "/api/v1/profiles", parameters={}
2026-03-26 11:01:37 [http-nio-8085-exec-4] DEBUG o.s.w.s.m.m.a.RequestMappingHandlerMapping - Mapped to com.kojo.stack.api.controller.ProfileController#getAll()
2026-03-26 11:01:37 [http-nio-8085-exec-2] DEBUG o.s.security.web.FilterChainProxy - Securing GET /api/v1/account
2026-03-26 11:01:37 [http-nio-8085-exec-4] DEBUG o.s.w.s.m.m.a.HttpEntityMethodProcessor - Using 'application/json', given [application/json, text/plain, */*] and supported [application/json, application/*+json]
2026-03-26 11:01:37 [http-nio-8085-exec-4] DEBUG o.s.w.s.m.m.a.HttpEntityMethodProcessor - Writing [[]]
2026-03-26 11:01:37 [http-nio-8085-exec-2] DEBUG c.k.s.s.JwtAuthenticationFilter - Set authentication for user: kojo
2026-03-26 11:01:37 [http-nio-8085-exec-4] DEBUG o.s.web.servlet.DispatcherServlet - Completed 200 OK
2026-03-26 11:01:37 [http-nio-8085-exec-4] INFO  c.k.s.config.RequestLoggingFilter - <<< Response: [GET] /api/v1/profiles | Status: 200 | Duration: 19ms | Trace-ID: 3da79bd0-b633-4eda-a648-e007493444c6
2026-03-26 11:01:37 [http-nio-8085-exec-2] DEBUG o.s.security.web.FilterChainProxy - Secured GET /api/v1/account
2026-03-26 11:01:37 [http-nio-8085-exec-2] INFO  c.k.s.config.RequestLoggingFilter - >>> Incoming Request: [GET] /api/v1/account 200 | Trace-ID: de83328e-d38f-40d6-b07b-dd917111fdf4 | Query: null
2026-03-26 11:01:37 [http-nio-8085-exec-2] DEBUG o.s.web.servlet.DispatcherServlet - GET "/api/v1/account", parameters={}
2026-03-26 11:01:37 [http-nio-8085-exec-2] DEBUG o.s.w.s.m.m.a.RequestMappingHandlerMapping - Mapped to com.kojo.stack.api.controller.AccountController#getCurrentUser(Authentication)
2026-03-26 11:01:37 [http-nio-8085-exec-1] DEBUG i.o.a.t.p.W3CTraceContextPropagator - Unparseable traceparent header. Returning INVALID span context.
2026-03-26 11:01:37 [http-nio-8085-exec-1] DEBUG o.s.security.web.FilterChainProxy - Securing GET /api/v1/profiles
2026-03-26 11:01:37 [http-nio-8085-exec-2] INFO  c.kojo.stack.service.AccountService - Fetching user login by login: kojo
2026-03-26 11:01:37 [http-nio-8085-exec-2] DEBUG o.s.d.m.r.query.MongoQueryCreator - Created query Query: { "login" : "kojo"}, Fields: {}, Sort: {}
2026-03-26 11:01:37 [http-nio-8085-exec-2] DEBUG o.s.data.mongodb.core.MongoTemplate - find using query: { "login" : "kojo"} fields: Document{{}} for class: class com.kojo.stack.domain.model.Account in collection: user_logins
2026-03-26 11:01:37 [http-nio-8085-exec-1] DEBUG c.k.s.s.JwtAuthenticationFilter - Set authentication for user: kojo
2026-03-26 11:01:37 [http-nio-8085-exec-1] DEBUG o.s.security.web.FilterChainProxy - Secured GET /api/v1/profiles
2026-03-26 11:01:37 [http-nio-8085-exec-1] INFO  c.k.s.config.RequestLoggingFilter - >>> Incoming Request: [GET] /api/v1/profiles 200 | Trace-ID: 14716377-8294-45b5-977a-869e184e368f | Query: null
2026-03-26 11:01:37 [http-nio-8085-exec-1] DEBUG o.s.web.servlet.DispatcherServlet - GET "/api/v1/profiles", parameters={}
2026-03-26 11:01:37 [http-nio-8085-exec-1] DEBUG o.s.w.s.m.m.a.RequestMappingHandlerMapping - Mapped to com.kojo.stack.api.controller.ProfileController#getAll()
2026-03-26 11:01:37 [http-nio-8085-exec-1] DEBUG o.s.w.s.m.m.a.HttpEntityMethodProcessor - Using 'application/json', given [application/json, text/plain, */*] and supported [application/json, application/*+json]
2026-03-26 11:01:37 [http-nio-8085-exec-1] DEBUG o.s.w.s.m.m.a.HttpEntityMethodProcessor - Writing [[]]
2026-03-26 11:01:37 [http-nio-8085-exec-1] DEBUG o.s.web.servlet.DispatcherServlet - Completed 200 OK
2026-03-26 11:01:37 [http-nio-8085-exec-1] INFO  c.k.s.config.RequestLoggingFilter - <<< Response: [GET] /api/v1/profiles | Status: 200 | Duration: 12ms | Trace-ID: 14716377-8294-45b5-977a-869e184e368f
2026-03-26 11:01:37 [http-nio-8085-exec-2] DEBUG o.s.w.s.m.m.a.HttpEntityMethodProcessor - Using 'application/json', given [application/json, text/plain, */*] and supported [application/json, application/*+json]
2026-03-26 11:01:37 [http-nio-8085-exec-2] DEBUG o.s.w.s.m.m.a.HttpEntityMethodProcessor - Writing [AccountDTO(id=69c474967b33c079208cd8f3, login=kojo, email=kojo@jojoaddison.net, password=$2a$10$gyNJ (truncated)...]
2026-03-26 11:01:37 [http-nio-8085-exec-2] DEBUG o.s.web.servlet.DispatcherServlet - Completed 200 OK
2026-03-26 11:01:37 [http-nio-8085-exec-2] INFO  c.k.s.config.RequestLoggingFilter - <<< Response: [GET] /api/v1/account | Status: 200 | Duration: 74ms | Trace-ID: de83328e-d38f-40d6-b07b-dd917111fdf4
2026-03-26 11:01:38 [http-nio-8085-exec-5] DEBUG i.o.a.t.p.W3CTraceContextPropagator - Unparseable traceparent header. Returning INVALID span context.
2026-03-26 11:01:38 [http-nio-8085-exec-5] DEBUG o.s.security.web.FilterChainProxy - Securing GET /api/v1/docs
2026-03-26 11:01:38 [http-nio-8085-exec-5] DEBUG c.k.s.s.JwtAuthenticationFilter - Set authentication for user: kojo
2026-03-26 11:01:38 [http-nio-8085-exec-5] DEBUG o.s.security.web.FilterChainProxy - Secured GET /api/v1/docs
2026-03-26 11:01:38 [http-nio-8085-exec-5] INFO  c.k.s.config.RequestLoggingFilter - >>> Incoming Request: [GET] /api/v1/docs 200 | Trace-ID: 6897e01e-00ff-4082-aedf-a0bb9a80b1eb | Query: null
2026-03-26 11:01:38 [http-nio-8085-exec-5] DEBUG o.s.web.servlet.DispatcherServlet - GET "/api/v1/docs", parameters={}
2026-03-26 11:01:38 [http-nio-8085-exec-5] DEBUG o.s.w.s.m.m.a.RequestMappingHandlerMapping - Mapped to com.kojo.stack.api.controller.DocumentationController#getAll()
2026-03-26 11:01:38 [http-nio-8085-exec-5] DEBUG o.s.w.s.m.m.a.HttpEntityMethodProcessor - Using 'application/json', given [application/json, text/plain, */*] and supported [application/json, application/*+json]
2026-03-26 11:01:38 [http-nio-8085-exec-5] DEBUG o.s.w.s.m.m.a.HttpEntityMethodProcessor - Writing [[DocDTO(id=ADR-2024-001, title=Event-Driven Architecture Strategy, type=ADR, tags=[Kafka, Microservi (truncated)...]
2026-03-26 11:01:38 [http-nio-8085-exec-5] DEBUG o.s.web.servlet.DispatcherServlet - Completed 200 OK
2026-03-26 11:01:38 [http-nio-8085-exec-5] INFO  c.k.s.config.RequestLoggingFilter - <<< Response: [GET] /api/v1/docs | Status: 200 | Duration: 30ms | Trace-ID: 6897e01e-00ff-4082-aedf-a0bb9a80b1eb
2026-03-26 11:02:02 [http-nio-8085-exec-6] DEBUG i.o.a.t.p.W3CTraceContextPropagator - Unparseable traceparent header. Returning INVALID span context.
2026-03-26 11:02:02 [http-nio-8085-exec-6] DEBUG o.s.security.web.FilterChainProxy - Securing GET /api/v1/profiles
2026-03-26 11:02:02 [http-nio-8085-exec-6] DEBUG c.k.s.s.JwtAuthenticationFilter - Set authentication for user: kojo
2026-03-26 11:02:02 [http-nio-8085-exec-6] DEBUG o.s.security.web.FilterChainProxy - Secured GET /api/v1/profiles
2026-03-26 11:02:02 [http-nio-8085-exec-6] INFO  c.k.s.config.RequestLoggingFilter - >>> Incoming Request: [GET] /api/v1/profiles 200 | Trace-ID: 1ee38879-be71-41c9-b14e-c76e9b3d3442 | Query: null
2026-03-26 11:02:02 [http-nio-8085-exec-6] DEBUG o.s.web.servlet.DispatcherServlet - GET "/api/v1/profiles", parameters={}
2026-03-26 11:02:02 [http-nio-8085-exec-6] DEBUG o.s.w.s.m.m.a.RequestMappingHandlerMapping - Mapped to com.kojo.stack.api.controller.ProfileController#getAll()
2026-03-26 11:02:02 [http-nio-8085-exec-6] DEBUG o.s.w.s.m.m.a.HttpEntityMethodProcessor - Using 'application/json', given [application/json, text/plain, */*] and supported [application/json, application/*+json]
2026-03-26 11:02:02 [http-nio-8085-exec-6] DEBUG o.s.w.s.m.m.a.HttpEntityMethodProcessor - Writing [[]]
2026-03-26 11:02:02 [http-nio-8085-exec-6] DEBUG o.s.web.servlet.DispatcherServlet - Completed 200 OK
2026-03-26 11:02:02 [http-nio-8085-exec-6] INFO  c.k.s.config.RequestLoggingFilter - <<< Response: [GET] /api/v1/profiles | Status: 200 | Duration: 29ms | Trace-ID: 1ee38879-be71-41c9-b14e-c76e9b3d3442
2026-03-26 11:02:02 [http-nio-8085-exec-7] DEBUG i.o.a.t.p.W3CTraceContextPropagator - Unparseable traceparent header. Returning INVALID span context.
2026-03-26 11:02:02 [http-nio-8085-exec-7] DEBUG o.s.security.web.FilterChainProxy - Securing GET /api/v1/account
2026-03-26 11:02:02 [http-nio-8085-exec-8] DEBUG i.o.a.t.p.W3CTraceContextPropagator - Unparseable traceparent header. Returning INVALID span context.
2026-03-26 11:02:02 [http-nio-8085-exec-7] DEBUG c.k.s.s.JwtAuthenticationFilter - Set authentication for user: kojo
2026-03-26 11:02:02 [http-nio-8085-exec-8] DEBUG o.s.security.web.FilterChainProxy - Securing GET /api/v1/profiles
2026-03-26 11:02:02 [http-nio-8085-exec-7] DEBUG o.s.security.web.FilterChainProxy - Secured GET /api/v1/account
2026-03-26 11:02:02 [http-nio-8085-exec-7] INFO  c.k.s.config.RequestLoggingFilter - >>> Incoming Request: [GET] /api/v1/account 200 | Trace-ID: 374f6bfe-3cd7-40d8-9068-d81690ac2f18 | Query: null
2026-03-26 11:02:02 [http-nio-8085-exec-7] DEBUG o.s.web.servlet.DispatcherServlet - GET "/api/v1/account", parameters={}
2026-03-26 11:02:02 [http-nio-8085-exec-8] DEBUG c.k.s.s.JwtAuthenticationFilter - Set authentication for user: kojo
2026-03-26 11:02:02 [http-nio-8085-exec-7] DEBUG o.s.w.s.m.m.a.RequestMappingHandlerMapping - Mapped to com.kojo.stack.api.controller.AccountController#getCurrentUser(Authentication)
2026-03-26 11:02:02 [http-nio-8085-exec-7] INFO  c.kojo.stack.service.AccountService - Fetching user login by login: kojo
2026-03-26 11:02:02 [http-nio-8085-exec-7] DEBUG o.s.d.m.r.query.MongoQueryCreator - Created query Query: { "login" : "kojo"}, Fields: {}, Sort: {}
2026-03-26 11:02:02 [http-nio-8085-exec-7] DEBUG o.s.data.mongodb.core.MongoTemplate - find using query: { "login" : "kojo"} fields: Document{{}} for class: class com.kojo.stack.domain.model.Account in collection: user_logins
2026-03-26 11:02:02 [http-nio-8085-exec-8] DEBUG o.s.security.web.FilterChainProxy - Secured GET /api/v1/profiles
2026-03-26 11:02:02 [http-nio-8085-exec-8] INFO  c.k.s.config.RequestLoggingFilter - >>> Incoming Request: [GET] /api/v1/profiles 200 | Trace-ID: d93f1062-9fff-4842-bdd0-ca73f01ae383 | Query: null
2026-03-26 11:02:02 [http-nio-8085-exec-8] DEBUG o.s.web.servlet.DispatcherServlet - GET "/api/v1/profiles", parameters={}
2026-03-26 11:02:02 [http-nio-8085-exec-8] DEBUG o.s.w.s.m.m.a.RequestMappingHandlerMapping - Mapped to com.kojo.stack.api.controller.ProfileController#getAll()
2026-03-26 11:02:02 [http-nio-8085-exec-8] DEBUG o.s.w.s.m.m.a.HttpEntityMethodProcessor - Using 'application/json', given [application/json, text/plain, */*] and supported [application/json, application/*+json]
2026-03-26 11:02:02 [http-nio-8085-exec-8] DEBUG o.s.w.s.m.m.a.HttpEntityMethodProcessor - Writing [[]]
2026-03-26 11:02:02 [http-nio-8085-exec-7] DEBUG o.s.w.s.m.m.a.HttpEntityMethodProcessor - Using 'application/json', given [application/json, text/plain, */*] and supported [application/json, application/*+json]
2026-03-26 11:02:02 [http-nio-8085-exec-7] DEBUG o.s.w.s.m.m.a.HttpEntityMethodProcessor - Writing [AccountDTO(id=69c474967b33c079208cd8f3, login=kojo, email=kojo@jojoaddison.net, password=$2a$10$gyNJ (truncated)...]
2026-03-26 11:02:02 [http-nio-8085-exec-8] DEBUG o.s.web.servlet.DispatcherServlet - Completed 200 OK
2026-03-26 11:02:02 [http-nio-8085-exec-7] DEBUG o.s.web.servlet.DispatcherServlet - Completed 200 OK
2026-03-26 11:02:02 [http-nio-8085-exec-8] INFO  c.k.s.config.RequestLoggingFilter - <<< Response: [GET] /api/v1/profiles | Status: 200 | Duration: 30ms | Trace-ID: d93f1062-9fff-4842-bdd0-ca73f01ae383
2026-03-26 11:02:02 [http-nio-8085-exec-7] INFO  c.k.s.config.RequestLoggingFilter - <<< Response: [GET] /api/v1/account | Status: 200 | Duration: 61ms | Trace-ID: 374f6bfe-3cd7-40d8-9068-d81690ac2f18
2026-03-26 11:02:02 [http-nio-8085-exec-10] DEBUG i.o.a.t.p.W3CTraceContextPropagator - Unparseable traceparent header. Returning INVALID span context.
2026-03-26 11:02:02 [http-nio-8085-exec-10] DEBUG o.s.security.web.FilterChainProxy - Securing GET /api/v1/docs
2026-03-26 11:02:02 [http-nio-8085-exec-10] DEBUG c.k.s.s.JwtAuthenticationFilter - Set authentication for user: kojo
2026-03-26 11:02:02 [http-nio-8085-exec-10] DEBUG o.s.security.web.FilterChainProxy - Secured GET /api/v1/docs
2026-03-26 11:02:02 [http-nio-8085-exec-10] INFO  c.k.s.config.RequestLoggingFilter - >>> Incoming Request: [GET] /api/v1/docs 200 | Trace-ID: f0ebaa34-4a4b-419f-948c-d860089cf3a9 | Query: null
2026-03-26 11:02:02 [http-nio-8085-exec-10] DEBUG o.s.web.servlet.DispatcherServlet - GET "/api/v1/docs", parameters={}
2026-03-26 11:02:02 [http-nio-8085-exec-10] DEBUG o.s.w.s.m.m.a.RequestMappingHandlerMapping - Mapped to com.kojo.stack.api.controller.DocumentationController#getAll()
2026-03-26 11:02:02 [http-nio-8085-exec-10] DEBUG o.s.w.s.m.m.a.HttpEntityMethodProcessor - Using 'application/json', given [application/json, text/plain, */*] and supported [application/json, application/*+json]
2026-03-26 11:02:02 [http-nio-8085-exec-10] DEBUG o.s.w.s.m.m.a.HttpEntityMethodProcessor - Writing [[DocDTO(id=ADR-2024-001, title=Event-Driven Architecture Strategy, type=ADR, tags=[Kafka, Microservi (truncated)...]
2026-03-26 11:02:02 [http-nio-8085-exec-10] DEBUG o.s.web.servlet.DispatcherServlet - Completed 200 OK
2026-03-26 11:02:02 [http-nio-8085-exec-10] INFO  c.k.s.config.RequestLoggingFilter - <<< Response: [GET] /api/v1/docs | Status: 200 | Duration: 14ms | Trace-ID: f0ebaa34-4a4b-419f-948c-d860089cf3a9
2026-03-26 11:02:44 [http-nio-8085-exec-9] DEBUG i.o.a.t.p.W3CTraceContextPropagator - Unparseable traceparent header. Returning INVALID span context.
2026-03-26 11:02:44 [http-nio-8085-exec-9] DEBUG o.s.security.web.FilterChainProxy - Securing GET /api/v1/profiles
2026-03-26 11:02:44 [http-nio-8085-exec-9] DEBUG c.k.s.s.JwtAuthenticationFilter - Set authentication for user: kojo
2026-03-26 11:02:44 [http-nio-8085-exec-9] DEBUG o.s.security.web.FilterChainProxy - Secured GET /api/v1/profiles
2026-03-26 11:02:44 [http-nio-8085-exec-9] INFO  c.k.s.config.RequestLoggingFilter - >>> Incoming Request: [GET] /api/v1/profiles 200 | Trace-ID: 1d8b6c78-838d-4ff0-bd39-89b7d4359c6d | Query: null
2026-03-26 11:02:44 [http-nio-8085-exec-9] DEBUG o.s.web.servlet.DispatcherServlet - GET "/api/v1/profiles", parameters={}
2026-03-26 11:02:44 [http-nio-8085-exec-9] DEBUG o.s.w.s.m.m.a.RequestMappingHandlerMapping - Mapped to com.kojo.stack.api.controller.ProfileController#getAll()
2026-03-26 11:02:44 [http-nio-8085-exec-9] DEBUG o.s.w.s.m.m.a.HttpEntityMethodProcessor - Using 'application/json', given [application/json, text/plain, */*] and supported [application/json, application/*+json]
2026-03-26 11:02:44 [http-nio-8085-exec-9] DEBUG o.s.w.s.m.m.a.HttpEntityMethodProcessor - Writing [[]]
2026-03-26 11:02:44 [http-nio-8085-exec-9] DEBUG o.s.web.servlet.DispatcherServlet - Completed 200 OK
2026-03-26 11:02:44 [http-nio-8085-exec-9] INFO  c.k.s.config.RequestLoggingFilter - <<< Response: [GET] /api/v1/profiles | Status: 200 | Duration: 23ms | Trace-ID: 1d8b6c78-838d-4ff0-bd39-89b7d4359c6d
2026-03-26 11:02:44 [http-nio-8085-exec-3] DEBUG i.o.a.t.p.W3CTraceContextPropagator - Unparseable traceparent header. Returning INVALID span context.
2026-03-26 11:02:44 [http-nio-8085-exec-3] DEBUG o.s.security.web.FilterChainProxy - Securing GET /api/v1/account
2026-03-26 11:02:44 [http-nio-8085-exec-4] DEBUG i.o.a.t.p.W3CTraceContextPropagator - Unparseable traceparent header. Returning INVALID span context.
2026-03-26 11:02:44 [http-nio-8085-exec-4] DEBUG o.s.security.web.FilterChainProxy - Securing GET /api/v1/profiles
2026-03-26 11:02:44 [http-nio-8085-exec-3] DEBUG c.k.s.s.JwtAuthenticationFilter - Set authentication for user: kojo
2026-03-26 11:02:44 [http-nio-8085-exec-3] DEBUG o.s.security.web.FilterChainProxy - Secured GET /api/v1/account
2026-03-26 11:02:44 [http-nio-8085-exec-4] DEBUG c.k.s.s.JwtAuthenticationFilter - Set authentication for user: kojo
2026-03-26 11:02:44 [http-nio-8085-exec-3] INFO  c.k.s.config.RequestLoggingFilter - >>> Incoming Request: [GET] /api/v1/account 200 | Trace-ID: 6f491067-2a1e-41b1-9360-7fbcb39a096f | Query: null
2026-03-26 11:02:44 [http-nio-8085-exec-3] DEBUG o.s.web.servlet.DispatcherServlet - GET "/api/v1/account", parameters={}
2026-03-26 11:02:44 [http-nio-8085-exec-3] DEBUG o.s.w.s.m.m.a.RequestMappingHandlerMapping - Mapped to com.kojo.stack.api.controller.AccountController#getCurrentUser(Authentication)
2026-03-26 11:02:44 [http-nio-8085-exec-3] INFO  c.kojo.stack.service.AccountService - Fetching user login by login: kojo
2026-03-26 11:02:44 [http-nio-8085-exec-3] DEBUG o.s.d.m.r.query.MongoQueryCreator - Created query Query: { "login" : "kojo"}, Fields: {}, Sort: {}
2026-03-26 11:02:44 [http-nio-8085-exec-4] DEBUG o.s.security.web.FilterChainProxy - Secured GET /api/v1/profiles
2026-03-26 11:02:44 [http-nio-8085-exec-4] INFO  c.k.s.config.RequestLoggingFilter - >>> Incoming Request: [GET] /api/v1/profiles 200 | Trace-ID: 6a8dde50-ea40-4852-8660-32f16e62eca9 | Query: null
2026-03-26 11:02:44 [http-nio-8085-exec-4] DEBUG o.s.web.servlet.DispatcherServlet - GET "/api/v1/profiles", parameters={}
2026-03-26 11:02:44 [http-nio-8085-exec-4] DEBUG o.s.w.s.m.m.a.RequestMappingHandlerMapping - Mapped to com.kojo.stack.api.controller.ProfileController#getAll()
2026-03-26 11:02:44 [http-nio-8085-exec-3] DEBUG o.s.data.mongodb.core.MongoTemplate - find using query: { "login" : "kojo"} fields: Document{{}} for class: class com.kojo.stack.domain.model.Account in collection: user_logins
2026-03-26 11:02:44 [http-nio-8085-exec-4] DEBUG o.s.w.s.m.m.a.HttpEntityMethodProcessor - Using 'application/json', given [application/json, text/plain, */*] and supported [application/json, application/*+json]
2026-03-26 11:02:44 [http-nio-8085-exec-4] DEBUG o.s.w.s.m.m.a.HttpEntityMethodProcessor - Writing [[]]
2026-03-26 11:02:44 [http-nio-8085-exec-4] DEBUG o.s.web.servlet.DispatcherServlet - Completed 200 OK
2026-03-26 11:02:44 [http-nio-8085-exec-4] INFO  c.k.s.config.RequestLoggingFilter - <<< Response: [GET] /api/v1/profiles | Status: 200 | Duration: 28ms | Trace-ID: 6a8dde50-ea40-4852-8660-32f16e62eca9
2026-03-26 11:02:44 [http-nio-8085-exec-3] DEBUG o.s.w.s.m.m.a.HttpEntityMethodProcessor - Using 'application/json', given [application/json, text/plain, */*] and supported [application/json, application/*+json]
2026-03-26 11:02:44 [http-nio-8085-exec-3] DEBUG o.s.w.s.m.m.a.HttpEntityMethodProcessor - Writing [AccountDTO(id=69c474967b33c079208cd8f3, login=kojo, email=kojo@jojoaddison.net, password=$2a$10$gyNJ (truncated)...]
2026-03-26 11:02:44 [http-nio-8085-exec-3] DEBUG o.s.web.servlet.DispatcherServlet - Completed 200 OK
2026-03-26 11:02:44 [http-nio-8085-exec-3] INFO  c.k.s.config.RequestLoggingFilter - <<< Response: [GET] /api/v1/account | Status: 200 | Duration: 65ms | Trace-ID: 6f491067-2a1e-41b1-9360-7fbcb39a096f
2026-03-26 11:02:44 [http-nio-8085-exec-1] DEBUG i.o.a.t.p.W3CTraceContextPropagator - Unparseable traceparent header. Returning INVALID span context.
2026-03-26 11:02:44 [http-nio-8085-exec-1] DEBUG o.s.security.web.FilterChainProxy - Securing GET /api/v1/docs
2026-03-26 11:02:44 [http-nio-8085-exec-1] DEBUG c.k.s.s.JwtAuthenticationFilter - Set authentication for user: kojo
2026-03-26 11:02:44 [http-nio-8085-exec-1] DEBUG o.s.security.web.FilterChainProxy - Secured GET /api/v1/docs
2026-03-26 11:02:44 [http-nio-8085-exec-1] INFO  c.k.s.config.RequestLoggingFilter - >>> Incoming Request: [GET] /api/v1/docs 200 | Trace-ID: f841bde4-7bd0-42ad-8e4c-6c5b300c80d3 | Query: null
2026-03-26 11:02:44 [http-nio-8085-exec-1] DEBUG o.s.web.servlet.DispatcherServlet - GET "/api/v1/docs", parameters={}
2026-03-26 11:02:44 [http-nio-8085-exec-1] DEBUG o.s.w.s.m.m.a.RequestMappingHandlerMapping - Mapped to com.kojo.stack.api.controller.DocumentationController#getAll()
2026-03-26 11:02:44 [http-nio-8085-exec-1] DEBUG o.s.w.s.m.m.a.HttpEntityMethodProcessor - Using 'application/json', given [application/json, text/plain, */*] and supported [application/json, application/*+json]
2026-03-26 11:02:44 [http-nio-8085-exec-1] DEBUG o.s.w.s.m.m.a.HttpEntityMethodProcessor - Writing [[DocDTO(id=ADR-2024-001, title=Event-Driven Architecture Strategy, type=ADR, tags=[Kafka, Microservi (truncated)...]
2026-03-26 11:02:44 [http-nio-8085-exec-1] DEBUG o.s.web.servlet.DispatcherServlet - Completed 200 OK
2026-03-26 11:02:44 [http-nio-8085-exec-1] INFO  c.k.s.config.RequestLoggingFilter - <<< Response: [GET] /api/v1/docs | Status: 200 | Duration: 26ms | Trace-ID: f841bde4-7bd0-42ad-8e4c-6c5b300c80d3
2026-03-26 11:02:48 [http-nio-8085-exec-2] DEBUG i.o.a.t.p.W3CTraceContextPropagator - Unparseable traceparent header. Returning INVALID span context.
2026-03-26 11:02:48 [http-nio-8085-exec-2] DEBUG o.s.security.web.FilterChainProxy - Securing GET /api/v1/docs
2026-03-26 11:02:48 [http-nio-8085-exec-2] DEBUG c.k.s.s.JwtAuthenticationFilter - Set authentication for user: kojo
2026-03-26 11:02:48 [http-nio-8085-exec-2] DEBUG o.s.security.web.FilterChainProxy - Secured GET /api/v1/docs
2026-03-26 11:02:48 [http-nio-8085-exec-2] INFO  c.k.s.config.RequestLoggingFilter - >>> Incoming Request: [GET] /api/v1/docs 200 | Trace-ID: acb62cf9-5ed3-42e5-b1bb-b3e5cbf632c8 | Query: null
2026-03-26 11:02:48 [http-nio-8085-exec-2] DEBUG o.s.web.servlet.DispatcherServlet - GET "/api/v1/docs", parameters={}
2026-03-26 11:02:48 [http-nio-8085-exec-2] DEBUG o.s.w.s.m.m.a.RequestMappingHandlerMapping - Mapped to com.kojo.stack.api.controller.DocumentationController#getAll()
2026-03-26 11:02:48 [http-nio-8085-exec-2] DEBUG o.s.w.s.m.m.a.HttpEntityMethodProcessor - Using 'application/json', given [application/json, text/plain, */*] and supported [application/json, application/*+json]
2026-03-26 11:02:48 [http-nio-8085-exec-2] DEBUG o.s.w.s.m.m.a.HttpEntityMethodProcessor - Writing [[DocDTO(id=ADR-2024-001, title=Event-Driven Architecture Strategy, type=ADR, tags=[Kafka, Microservi (truncated)...]
2026-03-26 11:02:48 [http-nio-8085-exec-2] DEBUG o.s.web.servlet.DispatcherServlet - Completed 200 OK
2026-03-26 11:02:48 [http-nio-8085-exec-2] INFO  c.k.s.config.RequestLoggingFilter - <<< Response: [GET] /api/v1/docs | Status: 200 | Duration: 13ms | Trace-ID: acb62cf9-5ed3-42e5-b1bb-b3e5cbf632c8
2026-03-26 11:03:28 [http-nio-8085-exec-5] DEBUG i.o.a.t.p.W3CTraceContextPropagator - Unparseable traceparent header. Returning INVALID span context.
2026-03-26 11:03:28 [http-nio-8085-exec-5] DEBUG o.s.security.web.FilterChainProxy - Securing GET /api/v1/profiles
2026-03-26 11:03:28 [http-nio-8085-exec-6] DEBUG i.o.a.t.p.W3CTraceContextPropagator - Unparseable traceparent header. Returning INVALID span context.
2026-03-26 11:03:28 [http-nio-8085-exec-6] DEBUG o.s.security.web.FilterChainProxy - Securing GET /api/v1/account
2026-03-26 11:03:28 [http-nio-8085-exec-5] DEBUG c.k.s.s.JwtAuthenticationFilter - Set authentication for user: kojo
2026-03-26 11:03:28 [http-nio-8085-exec-5] DEBUG o.s.security.web.FilterChainProxy - Secured GET /api/v1/profiles
2026-03-26 11:03:28 [http-nio-8085-exec-5] INFO  c.k.s.config.RequestLoggingFilter - >>> Incoming Request: [GET] /api/v1/profiles 200 | Trace-ID: 8eda915b-6bc9-468d-9d3f-dc25346c206e | Query: null
2026-03-26 11:03:28 [http-nio-8085-exec-5] DEBUG o.s.web.servlet.DispatcherServlet - GET "/api/v1/profiles", parameters={}
2026-03-26 11:03:28 [http-nio-8085-exec-6] DEBUG c.k.s.s.JwtAuthenticationFilter - Set authentication for user: kojo
2026-03-26 11:03:28 [http-nio-8085-exec-5] DEBUG o.s.w.s.m.m.a.RequestMappingHandlerMapping - Mapped to com.kojo.stack.api.controller.ProfileController#getAll()
2026-03-26 11:03:28 [http-nio-8085-exec-5] DEBUG o.s.w.s.m.m.a.HttpEntityMethodProcessor - Using 'application/json', given [application/json, text/plain, */*] and supported [application/json, application/*+json]
2026-03-26 11:03:28 [http-nio-8085-exec-5] DEBUG o.s.w.s.m.m.a.HttpEntityMethodProcessor - Writing [[]]
2026-03-26 11:03:28 [http-nio-8085-exec-6] DEBUG o.s.security.web.FilterChainProxy - Secured GET /api/v1/account
2026-03-26 11:03:28 [http-nio-8085-exec-6] INFO  c.k.s.config.RequestLoggingFilter - >>> Incoming Request: [GET] /api/v1/account 200 | Trace-ID: 8a11ffd2-1398-463f-ad71-a8f87001d26c | Query: null
2026-03-26 11:03:28 [http-nio-8085-exec-6] DEBUG o.s.web.servlet.DispatcherServlet - GET "/api/v1/account", parameters={}
2026-03-26 11:03:28 [http-nio-8085-exec-6] DEBUG o.s.w.s.m.m.a.RequestMappingHandlerMapping - Mapped to com.kojo.stack.api.controller.AccountController#getCurrentUser(Authentication)
2026-03-26 11:03:28 [http-nio-8085-exec-6] INFO  c.kojo.stack.service.AccountService - Fetching user login by login: kojo
2026-03-26 11:03:28 [http-nio-8085-exec-6] DEBUG o.s.d.m.r.query.MongoQueryCreator - Created query Query: { "login" : "kojo"}, Fields: {}, Sort: {}
2026-03-26 11:03:28 [http-nio-8085-exec-5] DEBUG o.s.web.servlet.DispatcherServlet - Completed 200 OK
2026-03-26 11:03:28 [http-nio-8085-exec-5] INFO  c.k.s.config.RequestLoggingFilter - <<< Response: [GET] /api/v1/profiles | Status: 200 | Duration: 38ms | Trace-ID: 8eda915b-6bc9-468d-9d3f-dc25346c206e
2026-03-26 11:03:28 [http-nio-8085-exec-6] DEBUG o.s.data.mongodb.core.MongoTemplate - find using query: { "login" : "kojo"} fields: Document{{}} for class: class com.kojo.stack.domain.model.Account in collection: user_logins
2026-03-26 11:03:28 [http-nio-8085-exec-7] DEBUG i.o.a.t.p.W3CTraceContextPropagator - Unparseable traceparent header. Returning INVALID span context.
2026-03-26 11:03:28 [http-nio-8085-exec-7] DEBUG o.s.security.web.FilterChainProxy - Securing GET /api/v1/profiles
2026-03-26 11:03:28 [http-nio-8085-exec-6] DEBUG o.s.w.s.m.m.a.HttpEntityMethodProcessor - Using 'application/json', given [application/json, text/plain, */*] and supported [application/json, application/*+json]
2026-03-26 11:03:28 [http-nio-8085-exec-6] DEBUG o.s.w.s.m.m.a.HttpEntityMethodProcessor - Writing [AccountDTO(id=69c474967b33c079208cd8f3, login=kojo, email=kojo@jojoaddison.net, password=$2a$10$gyNJ (truncated)...]
2026-03-26 11:03:28 [http-nio-8085-exec-6] DEBUG o.s.web.servlet.DispatcherServlet - Completed 200 OK
2026-03-26 11:03:28 [http-nio-8085-exec-6] INFO  c.k.s.config.RequestLoggingFilter - <<< Response: [GET] /api/v1/account | Status: 200 | Duration: 66ms | Trace-ID: 8a11ffd2-1398-463f-ad71-a8f87001d26c
2026-03-26 11:03:28 [http-nio-8085-exec-7] DEBUG c.k.s.s.JwtAuthenticationFilter - Set authentication for user: kojo
2026-03-26 11:03:28 [http-nio-8085-exec-7] DEBUG o.s.security.web.FilterChainProxy - Secured GET /api/v1/profiles
2026-03-26 11:03:28 [http-nio-8085-exec-7] INFO  c.k.s.config.RequestLoggingFilter - >>> Incoming Request: [GET] /api/v1/profiles 200 | Trace-ID: 884e544e-4689-4a3a-b56d-6ffd02bce70e | Query: null
2026-03-26 11:03:28 [http-nio-8085-exec-7] DEBUG o.s.web.servlet.DispatcherServlet - GET "/api/v1/profiles", parameters={}
2026-03-26 11:03:28 [http-nio-8085-exec-7] DEBUG o.s.w.s.m.m.a.RequestMappingHandlerMapping - Mapped to com.kojo.stack.api.controller.ProfileController#getAll()
2026-03-26 11:03:28 [http-nio-8085-exec-7] DEBUG o.s.w.s.m.m.a.HttpEntityMethodProcessor - Using 'application/json', given [application/json, text/plain, */*] and supported [application/json, application/*+json]
2026-03-26 11:03:28 [http-nio-8085-exec-7] DEBUG o.s.w.s.m.m.a.HttpEntityMethodProcessor - Writing [[]]
2026-03-26 11:03:28 [http-nio-8085-exec-7] DEBUG o.s.web.servlet.DispatcherServlet - Completed 200 OK
2026-03-26 11:03:28 [http-nio-8085-exec-7] INFO  c.k.s.config.RequestLoggingFilter - <<< Response: [GET] /api/v1/profiles | Status: 200 | Duration: 28ms | Trace-ID: 884e544e-4689-4a3a-b56d-6ffd02bce70e
2026-03-26 11:03:29 [http-nio-8085-exec-8] DEBUG i.o.a.t.p.W3CTraceContextPropagator - Unparseable traceparent header. Returning INVALID span context.
2026-03-26 11:03:29 [http-nio-8085-exec-8] DEBUG o.s.security.web.FilterChainProxy - Securing GET /api/v1/docs
2026-03-26 11:03:29 [http-nio-8085-exec-8] DEBUG c.k.s.s.JwtAuthenticationFilter - Set authentication for user: kojo
2026-03-26 11:03:29 [http-nio-8085-exec-8] DEBUG o.s.security.web.FilterChainProxy - Secured GET /api/v1/docs
2026-03-26 11:03:29 [http-nio-8085-exec-8] INFO  c.k.s.config.RequestLoggingFilter - >>> Incoming Request: [GET] /api/v1/docs 200 | Trace-ID: e93d680e-49fa-4ea8-9aaa-e907b7fcd3b7 | Query: null
2026-03-26 11:03:29 [http-nio-8085-exec-8] DEBUG o.s.web.servlet.DispatcherServlet - GET "/api/v1/docs", parameters={}
2026-03-26 11:03:29 [http-nio-8085-exec-8] DEBUG o.s.w.s.m.m.a.RequestMappingHandlerMapping - Mapped to com.kojo.stack.api.controller.DocumentationController#getAll()
2026-03-26 11:03:29 [http-nio-8085-exec-8] DEBUG o.s.w.s.m.m.a.HttpEntityMethodProcessor - Using 'application/json', given [application/json, text/plain, */*] and supported [application/json, application/*+json]
2026-03-26 11:03:29 [http-nio-8085-exec-8] DEBUG o.s.w.s.m.m.a.HttpEntityMethodProcessor - Writing [[DocDTO(id=ADR-2024-001, title=Event-Driven Architecture Strategy, type=ADR, tags=[Kafka, Microservi (truncated)...]
2026-03-26 11:03:29 [http-nio-8085-exec-8] DEBUG o.s.web.servlet.DispatcherServlet - Completed 200 OK
2026-03-26 11:03:29 [http-nio-8085-exec-8] INFO  c.k.s.config.RequestLoggingFilter - <<< Response: [GET] /api/v1/docs | Status: 200 | Duration: 17ms | Trace-ID: e93d680e-49fa-4ea8-9aaa-e907b7fcd3b7
2026-03-26 11:07:52 [http-nio-8085-exec-3] DEBUG i.o.a.t.p.W3CTraceContextPropagator - Unparseable traceparent header. Returning INVALID span context.
2026-03-26 11:07:52 [http-nio-8085-exec-3] DEBUG o.s.security.web.FilterChainProxy - Securing GET /api/v1/profiles
2026-03-26 11:07:52 [http-nio-8085-exec-3] DEBUG c.k.s.s.JwtAuthenticationFilter - Set authentication for user: kojo
2026-03-26 11:07:52 [http-nio-8085-exec-3] DEBUG o.s.security.web.FilterChainProxy - Secured GET /api/v1/profiles
2026-03-26 11:07:52 [http-nio-8085-exec-3] INFO  c.k.s.config.RequestLoggingFilter - >>> Incoming Request: [GET] /api/v1/profiles 200 | Trace-ID: c8f12c3c-ccc7-4c60-ad1d-97301ee11e4c | Query: null
2026-03-26 11:07:52 [http-nio-8085-exec-3] DEBUG o.s.web.servlet.DispatcherServlet - GET "/api/v1/profiles", parameters={}
2026-03-26 11:07:52 [http-nio-8085-exec-3] DEBUG o.s.w.s.m.m.a.RequestMappingHandlerMapping - Mapped to com.kojo.stack.api.controller.ProfileController#getAll()
2026-03-26 11:07:52 [http-nio-8085-exec-1] DEBUG i.o.a.t.p.W3CTraceContextPropagator - Unparseable traceparent header. Returning INVALID span context.
2026-03-26 11:07:52 [http-nio-8085-exec-1] DEBUG o.s.security.web.FilterChainProxy - Securing GET /api/v1/account
2026-03-26 11:07:52 [http-nio-8085-exec-3] DEBUG o.s.w.s.m.m.a.HttpEntityMethodProcessor - Using 'application/json', given [application/json, text/plain, */*] and supported [application/json, application/*+json]
2026-03-26 11:07:52 [http-nio-8085-exec-3] DEBUG o.s.w.s.m.m.a.HttpEntityMethodProcessor - Writing [[]]
2026-03-26 11:07:52 [http-nio-8085-exec-3] DEBUG o.s.web.servlet.DispatcherServlet - Completed 200 OK
2026-03-26 11:07:52 [http-nio-8085-exec-3] INFO  c.k.s.config.RequestLoggingFilter - <<< Response: [GET] /api/v1/profiles | Status: 200 | Duration: 34ms | Trace-ID: c8f12c3c-ccc7-4c60-ad1d-97301ee11e4c
2026-03-26 11:07:52 [http-nio-8085-exec-1] DEBUG c.k.s.s.JwtAuthenticationFilter - Set authentication for user: kojo
2026-03-26 11:07:52 [http-nio-8085-exec-2] DEBUG i.o.a.t.p.W3CTraceContextPropagator - Unparseable traceparent header. Returning INVALID span context.
2026-03-26 11:07:52 [http-nio-8085-exec-2] DEBUG o.s.security.web.FilterChainProxy - Securing GET /api/v1/profiles
2026-03-26 11:07:52 [http-nio-8085-exec-1] DEBUG o.s.security.web.FilterChainProxy - Secured GET /api/v1/account
2026-03-26 11:07:52 [http-nio-8085-exec-1] INFO  c.k.s.config.RequestLoggingFilter - >>> Incoming Request: [GET] /api/v1/account 200 | Trace-ID: 221b0658-b5d6-4b60-9482-26eb50bc235e | Query: null
2026-03-26 11:07:52 [http-nio-8085-exec-1] DEBUG o.s.web.servlet.DispatcherServlet - GET "/api/v1/account", parameters={}
2026-03-26 11:07:52 [http-nio-8085-exec-1] DEBUG o.s.w.s.m.m.a.RequestMappingHandlerMapping - Mapped to com.kojo.stack.api.controller.AccountController#getCurrentUser(Authentication)
2026-03-26 11:07:52 [http-nio-8085-exec-1] INFO  c.kojo.stack.service.AccountService - Fetching user login by login: kojo
2026-03-26 11:07:52 [http-nio-8085-exec-1] DEBUG o.s.d.m.r.query.MongoQueryCreator - Created query Query: { "login" : "kojo"}, Fields: {}, Sort: {}
2026-03-26 11:07:52 [http-nio-8085-exec-2] DEBUG c.k.s.s.JwtAuthenticationFilter - Set authentication for user: kojo
2026-03-26 11:07:52 [http-nio-8085-exec-1] DEBUG o.s.data.mongodb.core.MongoTemplate - find using query: { "login" : "kojo"} fields: Document{{}} for class: class com.kojo.stack.domain.model.Account in collection: user_logins
2026-03-26 11:07:52 [http-nio-8085-exec-2] DEBUG o.s.security.web.FilterChainProxy - Secured GET /api/v1/profiles
2026-03-26 11:07:52 [http-nio-8085-exec-2] INFO  c.k.s.config.RequestLoggingFilter - >>> Incoming Request: [GET] /api/v1/profiles 200 | Trace-ID: b99a8bc0-c85f-4286-b727-86870369b31e | Query: null
2026-03-26 11:07:52 [http-nio-8085-exec-2] DEBUG o.s.web.servlet.DispatcherServlet - GET "/api/v1/profiles", parameters={}
2026-03-26 11:07:52 [http-nio-8085-exec-2] DEBUG o.s.w.s.m.m.a.RequestMappingHandlerMapping - Mapped to com.kojo.stack.api.controller.ProfileController#getAll()
2026-03-26 11:07:52 [http-nio-8085-exec-2] DEBUG o.s.w.s.m.m.a.HttpEntityMethodProcessor - Using 'application/json', given [application/json, text/plain, */*] and supported [application/json, application/*+json]
2026-03-26 11:07:52 [http-nio-8085-exec-2] DEBUG o.s.w.s.m.m.a.HttpEntityMethodProcessor - Writing [[]]
2026-03-26 11:07:52 [http-nio-8085-exec-2] DEBUG o.s.web.servlet.DispatcherServlet - Completed 200 OK
2026-03-26 11:07:52 [http-nio-8085-exec-2] INFO  c.k.s.config.RequestLoggingFilter - <<< Response: [GET] /api/v1/profiles | Status: 200 | Duration: 16ms | Trace-ID: b99a8bc0-c85f-4286-b727-86870369b31e
2026-03-26 11:07:52 [http-nio-8085-exec-1] DEBUG o.s.w.s.m.m.a.HttpEntityMethodProcessor - Using 'application/json', given [application/json, text/plain, */*] and supported [application/json, application/*+json]
2026-03-26 11:07:52 [http-nio-8085-exec-1] DEBUG o.s.w.s.m.m.a.HttpEntityMethodProcessor - Writing [AccountDTO(id=69c474967b33c079208cd8f3, login=kojo, email=kojo@jojoaddison.net, password=$2a$10$gyNJ (truncated)...]
2026-03-26 11:07:52 [http-nio-8085-exec-1] DEBUG o.s.web.servlet.DispatcherServlet - Completed 200 OK
2026-03-26 11:07:52 [http-nio-8085-exec-1] INFO  c.k.s.config.RequestLoggingFilter - <<< Response: [GET] /api/v1/account | Status: 200 | Duration: 64ms | Trace-ID: 221b0658-b5d6-4b60-9482-26eb50bc235e
2026-03-26 11:07:53 [http-nio-8085-exec-5] DEBUG i.o.a.t.p.W3CTraceContextPropagator - Unparseable traceparent header. Returning INVALID span context.
2026-03-26 11:07:53 [http-nio-8085-exec-5] DEBUG o.s.security.web.FilterChainProxy - Securing GET /api/v1/docs
2026-03-26 11:07:53 [http-nio-8085-exec-5] DEBUG c.k.s.s.JwtAuthenticationFilter - Set authentication for user: kojo
2026-03-26 11:07:53 [http-nio-8085-exec-5] DEBUG o.s.security.web.FilterChainProxy - Secured GET /api/v1/docs
2026-03-26 11:07:53 [http-nio-8085-exec-5] INFO  c.k.s.config.RequestLoggingFilter - >>> Incoming Request: [GET] /api/v1/docs 200 | Trace-ID: b12c6751-fa0e-4cf9-8052-b42b04d6c4b7 | Query: null
2026-03-26 11:07:53 [http-nio-8085-exec-5] DEBUG o.s.web.servlet.DispatcherServlet - GET "/api/v1/docs", parameters={}
2026-03-26 11:07:53 [http-nio-8085-exec-5] DEBUG o.s.w.s.m.m.a.RequestMappingHandlerMapping - Mapped to com.kojo.stack.api.controller.DocumentationController#getAll()
2026-03-26 11:07:53 [http-nio-8085-exec-5] DEBUG o.s.w.s.m.m.a.HttpEntityMethodProcessor - Using 'application/json', given [application/json, text/plain, */*] and supported [application/json, application/*+json]
2026-03-26 11:07:53 [http-nio-8085-exec-5] DEBUG o.s.w.s.m.m.a.HttpEntityMethodProcessor - Writing [[DocDTO(id=ADR-2024-001, title=Event-Driven Architecture Strategy, type=ADR, tags=[Kafka, Microservi (truncated)...]
2026-03-26 11:07:53 [http-nio-8085-exec-5] DEBUG o.s.web.servlet.DispatcherServlet - Completed 200 OK
2026-03-26 11:07:53 [http-nio-8085-exec-5] INFO  c.k.s.config.RequestLoggingFilter - <<< Response: [GET] /api/v1/docs | Status: 200 | Duration: 16ms | Trace-ID: b12c6751-fa0e-4cf9-8052-b42b04d6c4b7
2026-03-26 11:08:59 [http-nio-8085-exec-10] DEBUG i.o.a.t.p.W3CTraceContextPropagator - Unparseable traceparent header. Returning INVALID span context.
2026-03-26 11:08:59 [http-nio-8085-exec-10] DEBUG o.s.security.web.FilterChainProxy - Securing GET /api/v1/profiles
2026-03-26 11:08:59 [http-nio-8085-exec-10] DEBUG c.k.s.s.JwtAuthenticationFilter - Set authentication for user: kojo
2026-03-26 11:09:00 [http-nio-8085-exec-10] DEBUG o.s.security.web.FilterChainProxy - Secured GET /api/v1/profiles
2026-03-26 11:09:00 [http-nio-8085-exec-10] INFO  c.k.s.config.RequestLoggingFilter - >>> Incoming Request: [GET] /api/v1/profiles 200 | Trace-ID: 0d03179a-66cd-43ad-a2a7-12b6366e372a | Query: null
2026-03-26 11:09:00 [http-nio-8085-exec-10] DEBUG o.s.web.servlet.DispatcherServlet - GET "/api/v1/profiles", parameters={}
2026-03-26 11:09:00 [http-nio-8085-exec-10] DEBUG o.s.w.s.m.m.a.RequestMappingHandlerMapping - Mapped to com.kojo.stack.api.controller.ProfileController#getAll()
2026-03-26 11:09:00 [http-nio-8085-exec-10] DEBUG o.s.w.s.m.m.a.HttpEntityMethodProcessor - Using 'application/json', given [application/json, text/plain, */*] and supported [application/json, application/*+json]
2026-03-26 11:09:00 [http-nio-8085-exec-10] DEBUG o.s.w.s.m.m.a.HttpEntityMethodProcessor - Writing [[]]
2026-03-26 11:09:00 [http-nio-8085-exec-9] DEBUG i.o.a.t.p.W3CTraceContextPropagator - Unparseable traceparent header. Returning INVALID span context.
2026-03-26 11:09:00 [http-nio-8085-exec-10] DEBUG o.s.web.servlet.DispatcherServlet - Completed 200 OK
2026-03-26 11:09:00 [http-nio-8085-exec-9] DEBUG o.s.security.web.FilterChainProxy - Securing GET /api/v1/account
2026-03-26 11:09:00 [http-nio-8085-exec-10] INFO  c.k.s.config.RequestLoggingFilter - <<< Response: [GET] /api/v1/profiles | Status: 200 | Duration: 21ms | Trace-ID: 0d03179a-66cd-43ad-a2a7-12b6366e372a
2026-03-26 11:09:00 [http-nio-8085-exec-9] DEBUG c.k.s.s.JwtAuthenticationFilter - Set authentication for user: kojo
2026-03-26 11:09:00 [http-nio-8085-exec-9] DEBUG o.s.security.web.FilterChainProxy - Secured GET /api/v1/account
2026-03-26 11:09:00 [http-nio-8085-exec-4] DEBUG i.o.a.t.p.W3CTraceContextPropagator - Unparseable traceparent header. Returning INVALID span context.
2026-03-26 11:09:00 [http-nio-8085-exec-4] DEBUG o.s.security.web.FilterChainProxy - Securing GET /api/v1/profiles
2026-03-26 11:09:00 [http-nio-8085-exec-9] INFO  c.k.s.config.RequestLoggingFilter - >>> Incoming Request: [GET] /api/v1/account 200 | Trace-ID: 3ed60e2b-1d32-47ea-b6ef-b8da113fb95d | Query: null
2026-03-26 11:09:00 [http-nio-8085-exec-9] DEBUG o.s.web.servlet.DispatcherServlet - GET "/api/v1/account", parameters={}
2026-03-26 11:09:00 [http-nio-8085-exec-9] DEBUG o.s.w.s.m.m.a.RequestMappingHandlerMapping - Mapped to com.kojo.stack.api.controller.AccountController#getCurrentUser(Authentication)
2026-03-26 11:09:00 [http-nio-8085-exec-9] INFO  c.kojo.stack.service.AccountService - Fetching user login by login: kojo
2026-03-26 11:09:00 [http-nio-8085-exec-9] DEBUG o.s.d.m.r.query.MongoQueryCreator - Created query Query: { "login" : "kojo"}, Fields: {}, Sort: {}
2026-03-26 11:09:00 [http-nio-8085-exec-9] DEBUG o.s.data.mongodb.core.MongoTemplate - find using query: { "login" : "kojo"} fields: Document{{}} for class: class com.kojo.stack.domain.model.Account in collection: user_logins
2026-03-26 11:09:00 [http-nio-8085-exec-4] DEBUG c.k.s.s.JwtAuthenticationFilter - Set authentication for user: kojo
2026-03-26 11:09:00 [http-nio-8085-exec-4] DEBUG o.s.security.web.FilterChainProxy - Secured GET /api/v1/profiles
2026-03-26 11:09:00 [http-nio-8085-exec-4] INFO  c.k.s.config.RequestLoggingFilter - >>> Incoming Request: [GET] /api/v1/profiles 200 | Trace-ID: 309d03c3-eac1-4ad0-80c8-1483897c989c | Query: null
2026-03-26 11:09:00 [http-nio-8085-exec-4] DEBUG o.s.web.servlet.DispatcherServlet - GET "/api/v1/profiles", parameters={}
2026-03-26 11:09:00 [http-nio-8085-exec-4] DEBUG o.s.w.s.m.m.a.RequestMappingHandlerMapping - Mapped to com.kojo.stack.api.controller.ProfileController#getAll()
2026-03-26 11:09:00 [http-nio-8085-exec-4] DEBUG o.s.w.s.m.m.a.HttpEntityMethodProcessor - Using 'application/json', given [application/json, text/plain, */*] and supported [application/json, application/*+json]
2026-03-26 11:09:00 [http-nio-8085-exec-9] DEBUG o.s.w.s.m.m.a.HttpEntityMethodProcessor - Using 'application/json', given [application/json, text/plain, */*] and supported [application/json, application/*+json]
2026-03-26 11:09:00 [http-nio-8085-exec-4] DEBUG o.s.w.s.m.m.a.HttpEntityMethodProcessor - Writing [[]]
2026-03-26 11:09:00 [http-nio-8085-exec-9] DEBUG o.s.w.s.m.m.a.HttpEntityMethodProcessor - Writing [AccountDTO(id=69c474967b33c079208cd8f3, login=kojo, email=kojo@jojoaddison.net, password=$2a$10$gyNJ (truncated)...]
2026-03-26 11:09:00 [http-nio-8085-exec-4] DEBUG o.s.web.servlet.DispatcherServlet - Completed 200 OK
2026-03-26 11:09:00 [http-nio-8085-exec-4] INFO  c.k.s.config.RequestLoggingFilter - <<< Response: [GET] /api/v1/profiles | Status: 200 | Duration: 17ms | Trace-ID: 309d03c3-eac1-4ad0-80c8-1483897c989c
2026-03-26 11:09:00 [http-nio-8085-exec-9] DEBUG o.s.web.servlet.DispatcherServlet - Completed 200 OK
2026-03-26 11:09:00 [http-nio-8085-exec-9] INFO  c.k.s.config.RequestLoggingFilter - <<< Response: [GET] /api/v1/account | Status: 200 | Duration: 69ms | Trace-ID: 3ed60e2b-1d32-47ea-b6ef-b8da113fb95d
2026-03-26 11:09:00 [http-nio-8085-exec-3] DEBUG i.o.a.t.p.W3CTraceContextPropagator - Unparseable traceparent header. Returning INVALID span context.
2026-03-26 11:09:00 [http-nio-8085-exec-3] DEBUG o.s.security.web.FilterChainProxy - Securing GET /api/v1/docs
2026-03-26 11:09:00 [http-nio-8085-exec-3] DEBUG c.k.s.s.JwtAuthenticationFilter - Set authentication for user: kojo
2026-03-26 11:09:00 [http-nio-8085-exec-3] DEBUG o.s.security.web.FilterChainProxy - Secured GET /api/v1/docs
2026-03-26 11:09:00 [http-nio-8085-exec-3] INFO  c.k.s.config.RequestLoggingFilter - >>> Incoming Request: [GET] /api/v1/docs 200 | Trace-ID: ba9a92cc-dddb-4e68-bee8-95b50653da0d | Query: null
2026-03-26 11:09:00 [http-nio-8085-exec-3] DEBUG o.s.web.servlet.DispatcherServlet - GET "/api/v1/docs", parameters={}
2026-03-26 11:09:00 [http-nio-8085-exec-3] DEBUG o.s.w.s.m.m.a.RequestMappingHandlerMapping - Mapped to com.kojo.stack.api.controller.DocumentationController#getAll()
2026-03-26 11:09:00 [http-nio-8085-exec-3] DEBUG o.s.w.s.m.m.a.HttpEntityMethodProcessor - Using 'application/json', given [application/json, text/plain, */*] and supported [application/json, application/*+json]
2026-03-26 11:09:00 [http-nio-8085-exec-3] DEBUG o.s.w.s.m.m.a.HttpEntityMethodProcessor - Writing [[DocDTO(id=ADR-2024-001, title=Event-Driven Architecture Strategy, type=ADR, tags=[Kafka, Microservi (truncated)...]
2026-03-26 11:09:00 [http-nio-8085-exec-3] DEBUG o.s.web.servlet.DispatcherServlet - Completed 200 OK
2026-03-26 11:09:00 [http-nio-8085-exec-3] INFO  c.k.s.config.RequestLoggingFilter - <<< Response: [GET] /api/v1/docs | Status: 200 | Duration: 32ms | Trace-ID: ba9a92cc-dddb-4e68-bee8-95b50653da0d
2026-03-26 11:10:32 [http-nio-8085-exec-8] DEBUG i.o.a.t.p.W3CTraceContextPropagator - Unparseable traceparent header. Returning INVALID span context.
2026-03-26 11:10:32 [http-nio-8085-exec-8] DEBUG o.s.security.web.FilterChainProxy - Securing GET /api/v1/profiles
2026-03-26 11:10:32 [http-nio-8085-exec-8] DEBUG c.k.s.s.JwtAuthenticationFilter - Set authentication for user: kojo
2026-03-26 11:10:32 [http-nio-8085-exec-8] DEBUG o.s.security.web.FilterChainProxy - Secured GET /api/v1/profiles
2026-03-26 11:10:32 [http-nio-8085-exec-8] INFO  c.k.s.config.RequestLoggingFilter - >>> Incoming Request: [GET] /api/v1/profiles 200 | Trace-ID: f5a7082c-5ac5-47f1-a9fd-8a4d1475e0bd | Query: null
2026-03-26 11:10:32 [http-nio-8085-exec-8] DEBUG o.s.web.servlet.DispatcherServlet - GET "/api/v1/profiles", parameters={}
2026-03-26 11:10:32 [http-nio-8085-exec-8] DEBUG o.s.w.s.m.m.a.RequestMappingHandlerMapping - Mapped to com.kojo.stack.api.controller.ProfileController#getAll()
2026-03-26 11:10:32 [http-nio-8085-exec-8] DEBUG o.s.w.s.m.m.a.HttpEntityMethodProcessor - Using 'application/json', given [application/json, text/plain, */*] and supported [application/json, application/*+json]
2026-03-26 11:10:32 [http-nio-8085-exec-8] DEBUG o.s.w.s.m.m.a.HttpEntityMethodProcessor - Writing [[]]
2026-03-26 11:10:32 [http-nio-8085-exec-8] DEBUG o.s.web.servlet.DispatcherServlet - Completed 200 OK
2026-03-26 11:10:32 [http-nio-8085-exec-8] INFO  c.k.s.config.RequestLoggingFilter - <<< Response: [GET] /api/v1/profiles | Status: 200 | Duration: 20ms | Trace-ID: f5a7082c-5ac5-47f1-a9fd-8a4d1475e0bd
2026-03-26 11:10:32 [http-nio-8085-exec-6] DEBUG i.o.a.t.p.W3CTraceContextPropagator - Unparseable traceparent header. Returning INVALID span context.
2026-03-26 11:10:32 [http-nio-8085-exec-6] DEBUG o.s.security.web.FilterChainProxy - Securing GET /api/v1/account
2026-03-26 11:10:32 [http-nio-8085-exec-7] DEBUG i.o.a.t.p.W3CTraceContextPropagator - Unparseable traceparent header. Returning INVALID span context.
2026-03-26 11:10:32 [http-nio-8085-exec-7] DEBUG o.s.security.web.FilterChainProxy - Securing GET /api/v1/profiles
2026-03-26 11:10:32 [http-nio-8085-exec-6] DEBUG c.k.s.s.JwtAuthenticationFilter - Set authentication for user: kojo
2026-03-26 11:10:32 [http-nio-8085-exec-7] DEBUG c.k.s.s.JwtAuthenticationFilter - Set authentication for user: kojo
2026-03-26 11:10:32 [http-nio-8085-exec-6] DEBUG o.s.security.web.FilterChainProxy - Secured GET /api/v1/account
2026-03-26 11:10:32 [http-nio-8085-exec-6] INFO  c.k.s.config.RequestLoggingFilter - >>> Incoming Request: [GET] /api/v1/account 200 | Trace-ID: 78832e99-e920-4c9b-aa1e-d90af9337312 | Query: null
2026-03-26 11:10:32 [http-nio-8085-exec-7] DEBUG o.s.security.web.FilterChainProxy - Secured GET /api/v1/profiles
2026-03-26 11:10:32 [http-nio-8085-exec-7] INFO  c.k.s.config.RequestLoggingFilter - >>> Incoming Request: [GET] /api/v1/profiles 200 | Trace-ID: 6f3ea165-f5cf-4f87-9701-2885012dc78f | Query: null
2026-03-26 11:10:32 [http-nio-8085-exec-7] DEBUG o.s.web.servlet.DispatcherServlet - GET "/api/v1/profiles", parameters={}
2026-03-26 11:10:32 [http-nio-8085-exec-7] DEBUG o.s.w.s.m.m.a.RequestMappingHandlerMapping - Mapped to com.kojo.stack.api.controller.ProfileController#getAll()
2026-03-26 11:10:32 [http-nio-8085-exec-6] DEBUG o.s.web.servlet.DispatcherServlet - GET "/api/v1/account", parameters={}
2026-03-26 11:10:32 [http-nio-8085-exec-6] DEBUG o.s.w.s.m.m.a.RequestMappingHandlerMapping - Mapped to com.kojo.stack.api.controller.AccountController#getCurrentUser(Authentication)
2026-03-26 11:10:32 [http-nio-8085-exec-6] INFO  c.kojo.stack.service.AccountService - Fetching user login by login: kojo
2026-03-26 11:10:32 [http-nio-8085-exec-6] DEBUG o.s.d.m.r.query.MongoQueryCreator - Created query Query: { "login" : "kojo"}, Fields: {}, Sort: {}
2026-03-26 11:10:32 [http-nio-8085-exec-7] DEBUG o.s.w.s.m.m.a.HttpEntityMethodProcessor - Using 'application/json', given [application/json, text/plain, */*] and supported [application/json, application/*+json]
2026-03-26 11:10:32 [http-nio-8085-exec-7] DEBUG o.s.w.s.m.m.a.HttpEntityMethodProcessor - Writing [[]]
2026-03-26 11:10:32 [http-nio-8085-exec-6] DEBUG o.s.data.mongodb.core.MongoTemplate - find using query: { "login" : "kojo"} fields: Document{{}} for class: class com.kojo.stack.domain.model.Account in collection: user_logins
2026-03-26 11:10:32 [http-nio-8085-exec-7] DEBUG o.s.web.servlet.DispatcherServlet - Completed 200 OK
2026-03-26 11:10:32 [http-nio-8085-exec-7] INFO  c.k.s.config.RequestLoggingFilter - <<< Response: [GET] /api/v1/profiles | Status: 200 | Duration: 39ms | Trace-ID: 6f3ea165-f5cf-4f87-9701-2885012dc78f
2026-03-26 11:10:32 [http-nio-8085-exec-6] DEBUG o.s.w.s.m.m.a.HttpEntityMethodProcessor - Using 'application/json', given [application/json, text/plain, */*] and supported [application/json, application/*+json]
2026-03-26 11:10:32 [http-nio-8085-exec-6] DEBUG o.s.w.s.m.m.a.HttpEntityMethodProcessor - Writing [AccountDTO(id=69c474967b33c079208cd8f3, login=kojo, email=kojo@jojoaddison.net, password=$2a$10$gyNJ (truncated)...]
2026-03-26 11:10:32 [http-nio-8085-exec-6] DEBUG o.s.web.servlet.DispatcherServlet - Completed 200 OK
2026-03-26 11:10:32 [http-nio-8085-exec-6] INFO  c.k.s.config.RequestLoggingFilter - <<< Response: [GET] /api/v1/account | Status: 200 | Duration: 78ms | Trace-ID: 78832e99-e920-4c9b-aa1e-d90af9337312
2026-03-26 11:10:32 [http-nio-8085-exec-10] DEBUG i.o.a.t.p.W3CTraceContextPropagator - Unparseable traceparent header. Returning INVALID span context.
2026-03-26 11:10:32 [http-nio-8085-exec-10] DEBUG o.s.security.web.FilterChainProxy - Securing GET /api/v1/docs
2026-03-26 11:10:32 [http-nio-8085-exec-10] DEBUG c.k.s.s.JwtAuthenticationFilter - Set authentication for user: kojo
2026-03-26 11:10:32 [http-nio-8085-exec-10] DEBUG o.s.security.web.FilterChainProxy - Secured GET /api/v1/docs
2026-03-26 11:10:32 [http-nio-8085-exec-10] INFO  c.k.s.config.RequestLoggingFilter - >>> Incoming Request: [GET] /api/v1/docs 200 | Trace-ID: 532987a7-97bd-41f2-86b0-35711b952ae7 | Query: null
2026-03-26 11:10:32 [http-nio-8085-exec-10] DEBUG o.s.web.servlet.DispatcherServlet - GET "/api/v1/docs", parameters={}
2026-03-26 11:10:32 [http-nio-8085-exec-10] DEBUG o.s.w.s.m.m.a.RequestMappingHandlerMapping - Mapped to com.kojo.stack.api.controller.DocumentationController#getAll()
2026-03-26 11:10:32 [http-nio-8085-exec-10] DEBUG o.s.w.s.m.m.a.HttpEntityMethodProcessor - Using 'application/json', given [application/json, text/plain, */*] and supported [application/json, application/*+json]
2026-03-26 11:10:32 [http-nio-8085-exec-10] DEBUG o.s.w.s.m.m.a.HttpEntityMethodProcessor - Writing [[DocDTO(id=ADR-2024-001, title=Event-Driven Architecture Strategy, type=ADR, tags=[Kafka, Microservi (truncated)...]
2026-03-26 11:10:32 [http-nio-8085-exec-10] DEBUG o.s.web.servlet.DispatcherServlet - Completed 200 OK
2026-03-26 11:10:32 [http-nio-8085-exec-10] INFO  c.k.s.config.RequestLoggingFilter - <<< Response: [GET] /api/v1/docs | Status: 200 | Duration: 26ms | Trace-ID: 532987a7-97bd-41f2-86b0-35711b952ae7
2026-03-26 11:11:10 [http-nio-8085-exec-4] DEBUG i.o.e.t.p.B3PropagatorExtractorMultipleHeaders - Invalid TraceId in B3 header: null'. Returning INVALID span context.
2026-03-26 11:11:10 [http-nio-8085-exec-4] DEBUG i.o.e.t.p.B3PropagatorExtractorMultipleHeaders - Invalid TraceId in B3 header: null'. Returning INVALID span context.
2026-03-26 11:11:10 [http-nio-8085-exec-4] DEBUG o.s.security.web.FilterChainProxy - Securing OPTIONS /api/v1/projects
2026-03-26 11:11:10 [http-nio-8085-exec-9] DEBUG i.o.a.t.p.W3CTraceContextPropagator - Unparseable traceparent header. Returning INVALID span context.
2026-03-26 11:11:10 [http-nio-8085-exec-9] DEBUG o.s.security.web.FilterChainProxy - Securing GET /api/v1/projects
2026-03-26 11:11:10 [http-nio-8085-exec-9] DEBUG c.k.s.s.JwtAuthenticationFilter - Set authentication for user: kojo
2026-03-26 11:11:10 [http-nio-8085-exec-9] DEBUG o.s.security.web.FilterChainProxy - Secured GET /api/v1/projects
2026-03-26 11:11:10 [http-nio-8085-exec-9] INFO  c.k.s.config.RequestLoggingFilter - >>> Incoming Request: [GET] /api/v1/projects 200 | Trace-ID: 145b5e3f-7308-4bb2-a16d-bb5f74bbbd0f | Query: null
2026-03-26 11:11:10 [http-nio-8085-exec-9] DEBUG o.s.web.servlet.DispatcherServlet - GET "/api/v1/projects", parameters={}
2026-03-26 11:11:10 [http-nio-8085-exec-9] DEBUG o.s.w.s.m.m.a.RequestMappingHandlerMapping - Mapped to com.kojo.stack.api.controller.ProjectController#getAll()
2026-03-26 11:11:10 [http-nio-8085-exec-9] INFO  c.kojo.stack.service.ProjectService - Fetching all projects
2026-03-26 11:11:10 [http-nio-8085-exec-9] DEBUG o.s.data.mongodb.core.MongoTemplate - find using query: {} fields: Document{{}} for class: class com.kojo.stack.domain.model.Project in collection: projects
2026-03-26 11:11:10 [http-nio-8085-exec-9] DEBUG o.s.w.s.m.m.a.HttpEntityMethodProcessor - Using 'application/json', given [application/json, text/plain, */*] and supported [application/json, application/*+json]
2026-03-26 11:11:10 [http-nio-8085-exec-9] DEBUG o.s.w.s.m.m.a.HttpEntityMethodProcessor - Writing [[ProjectDTO(id=698f12ab10b62159b6f711d5, name=Health Brokerage Platform, client=Abofonsa Mobile Heal (truncated)...]
2026-03-26 11:11:10 [http-nio-8085-exec-9] DEBUG o.s.web.servlet.DispatcherServlet - Completed 200 OK
2026-03-26 11:11:10 [http-nio-8085-exec-9] INFO  c.k.s.config.RequestLoggingFilter - <<< Response: [GET] /api/v1/projects | Status: 200 | Duration: 33ms | Trace-ID: 145b5e3f-7308-4bb2-a16d-bb5f74bbbd0f
2026-03-26 11:17:47 [http-nio-8085-exec-1] DEBUG i.o.a.t.p.W3CTraceContextPropagator - Unparseable traceparent header. Returning INVALID span context.
2026-03-26 11:17:47 [http-nio-8085-exec-1] DEBUG o.s.security.web.FilterChainProxy - Securing GET /api/v1/profiles
2026-03-26 11:17:47 [http-nio-8085-exec-1] DEBUG c.k.s.s.JwtAuthenticationFilter - Set authentication for user: kojo
2026-03-26 11:17:47 [http-nio-8085-exec-1] DEBUG o.s.security.web.FilterChainProxy - Secured GET /api/v1/profiles
2026-03-26 11:17:47 [http-nio-8085-exec-1] INFO  c.k.s.config.RequestLoggingFilter - >>> Incoming Request: [GET] /api/v1/profiles 200 | Trace-ID: b007dba4-d88d-4855-8e87-c6f1b1f45c4d | Query: null
2026-03-26 11:17:47 [http-nio-8085-exec-1] DEBUG o.s.web.servlet.DispatcherServlet - GET "/api/v1/profiles", parameters={}
2026-03-26 11:17:47 [http-nio-8085-exec-1] DEBUG o.s.w.s.m.m.a.RequestMappingHandlerMapping - Mapped to com.kojo.stack.api.controller.ProfileController#getAll()
2026-03-26 11:17:47 [http-nio-8085-exec-1] DEBUG o.s.w.s.m.m.a.HttpEntityMethodProcessor - Using 'application/json', given [application/json, text/plain, */*] and supported [application/json, application/*+json]
2026-03-26 11:17:47 [http-nio-8085-exec-1] DEBUG o.s.w.s.m.m.a.HttpEntityMethodProcessor - Writing [[]]
2026-03-26 11:17:47 [http-nio-8085-exec-1] DEBUG o.s.web.servlet.DispatcherServlet - Completed 200 OK
2026-03-26 11:17:47 [http-nio-8085-exec-1] INFO  c.k.s.config.RequestLoggingFilter - <<< Response: [GET] /api/v1/profiles | Status: 200 | Duration: 32ms | Trace-ID: b007dba4-d88d-4855-8e87-c6f1b1f45c4d
2026-03-26 11:17:47 [http-nio-8085-exec-8] DEBUG i.o.a.t.p.W3CTraceContextPropagator - Unparseable traceparent header. Returning INVALID span context.
2026-03-26 11:17:47 [http-nio-8085-exec-8] DEBUG o.s.security.web.FilterChainProxy - Securing GET /api/v1/profiles
2026-03-26 11:17:47 [http-nio-8085-exec-8] DEBUG c.k.s.s.JwtAuthenticationFilter - Set authentication for user: kojo
2026-03-26 11:17:47 [http-nio-8085-exec-8] DEBUG o.s.security.web.FilterChainProxy - Secured GET /api/v1/profiles
2026-03-26 11:17:47 [http-nio-8085-exec-8] INFO  c.k.s.config.RequestLoggingFilter - >>> Incoming Request: [GET] /api/v1/profiles 200 | Trace-ID: 9ef40c80-c83b-4bba-a10b-33cc92bdca66 | Query: null
2026-03-26 11:17:47 [http-nio-8085-exec-8] DEBUG o.s.web.servlet.DispatcherServlet - GET "/api/v1/profiles", parameters={}
2026-03-26 11:17:47 [http-nio-8085-exec-8] DEBUG o.s.w.s.m.m.a.RequestMappingHandlerMapping - Mapped to com.kojo.stack.api.controller.ProfileController#getAll()
2026-03-26 11:17:47 [http-nio-8085-exec-8] DEBUG o.s.w.s.m.m.a.HttpEntityMethodProcessor - Using 'application/json', given [application/json, text/plain, */*] and supported [application/json, application/*+json]
2026-03-26 11:17:47 [http-nio-8085-exec-8] DEBUG o.s.w.s.m.m.a.HttpEntityMethodProcessor - Writing [[]]
2026-03-26 11:17:47 [http-nio-8085-exec-8] DEBUG o.s.web.servlet.DispatcherServlet - Completed 200 OK
2026-03-26 11:17:47 [http-nio-8085-exec-8] INFO  c.k.s.config.RequestLoggingFilter - <<< Response: [GET] /api/v1/profiles | Status: 200 | Duration: 8ms | Trace-ID: 9ef40c80-c83b-4bba-a10b-33cc92bdca66
2026-03-26 11:17:47 [http-nio-8085-exec-7] DEBUG i.o.a.t.p.W3CTraceContextPropagator - Unparseable traceparent header. Returning INVALID span context.
2026-03-26 11:17:47 [http-nio-8085-exec-7] DEBUG o.s.security.web.FilterChainProxy - Securing GET /api/v1/account
2026-03-26 11:17:47 [http-nio-8085-exec-7] DEBUG c.k.s.s.JwtAuthenticationFilter - Set authentication for user: kojo
2026-03-26 11:17:47 [http-nio-8085-exec-7] DEBUG o.s.security.web.FilterChainProxy - Secured GET /api/v1/account
2026-03-26 11:17:47 [http-nio-8085-exec-7] INFO  c.k.s.config.RequestLoggingFilter - >>> Incoming Request: [GET] /api/v1/account 200 | Trace-ID: 02460b30-32fc-4475-9fd0-a727251fb02e | Query: null
2026-03-26 11:17:47 [http-nio-8085-exec-7] DEBUG o.s.web.servlet.DispatcherServlet - GET "/api/v1/account", parameters={}
2026-03-26 11:17:47 [http-nio-8085-exec-7] DEBUG o.s.w.s.m.m.a.RequestMappingHandlerMapping - Mapped to com.kojo.stack.api.controller.AccountController#getCurrentUser(Authentication)
2026-03-26 11:17:47 [http-nio-8085-exec-7] INFO  c.kojo.stack.service.AccountService - Fetching user login by login: kojo
2026-03-26 11:17:47 [http-nio-8085-exec-7] DEBUG o.s.d.m.r.query.MongoQueryCreator - Created query Query: { "login" : "kojo"}, Fields: {}, Sort: {}
2026-03-26 11:17:47 [http-nio-8085-exec-7] DEBUG o.s.data.mongodb.core.MongoTemplate - find using query: { "login" : "kojo"} fields: Document{{}} for class: class com.kojo.stack.domain.model.Account in collection: user_logins
2026-03-26 11:17:47 [http-nio-8085-exec-7] DEBUG o.s.w.s.m.m.a.HttpEntityMethodProcessor - Using 'application/json', given [application/json, text/plain, */*] and supported [application/json, application/*+json]
2026-03-26 11:17:47 [http-nio-8085-exec-7] DEBUG o.s.w.s.m.m.a.HttpEntityMethodProcessor - Writing [AccountDTO(id=69c474967b33c079208cd8f3, login=kojo, email=kojo@jojoaddison.net, password=$2a$10$gyNJ (truncated)...]
2026-03-26 11:17:47 [http-nio-8085-exec-7] DEBUG o.s.web.servlet.DispatcherServlet - Completed 200 OK
2026-03-26 11:17:47 [http-nio-8085-exec-7] INFO  c.k.s.config.RequestLoggingFilter - <<< Response: [GET] /api/v1/account | Status: 200 | Duration: 44ms | Trace-ID: 02460b30-32fc-4475-9fd0-a727251fb02e
2026-03-26 11:21:51 [http-nio-8085-exec-4] DEBUG i.o.a.t.p.W3CTraceContextPropagator - Unparseable traceparent header. Returning INVALID span context.
2026-03-26 11:21:51 [http-nio-8085-exec-4] DEBUG o.s.security.web.FilterChainProxy - Securing GET /api/v1/profiles
2026-03-26 11:21:51 [http-nio-8085-exec-4] DEBUG c.k.s.s.JwtAuthenticationFilter - Set authentication for user: kojo
2026-03-26 11:21:51 [http-nio-8085-exec-4] DEBUG o.s.security.web.FilterChainProxy - Secured GET /api/v1/profiles
2026-03-26 11:21:51 [http-nio-8085-exec-4] INFO  c.k.s.config.RequestLoggingFilter - >>> Incoming Request: [GET] /api/v1/profiles 200 | Trace-ID: 80d4ca4f-c1d4-4dde-9ae9-6cf1cc62033d | Query: null
2026-03-26 11:21:51 [http-nio-8085-exec-4] DEBUG o.s.web.servlet.DispatcherServlet - GET "/api/v1/profiles", parameters={}
2026-03-26 11:21:51 [http-nio-8085-exec-4] DEBUG o.s.w.s.m.m.a.RequestMappingHandlerMapping - Mapped to com.kojo.stack.api.controller.ProfileController#getAll()
2026-03-26 11:21:51 [http-nio-8085-exec-4] DEBUG o.s.w.s.m.m.a.HttpEntityMethodProcessor - Using 'application/json', given [application/json, text/plain, */*] and supported [application/json, application/*+json]
2026-03-26 11:21:51 [http-nio-8085-exec-4] DEBUG o.s.w.s.m.m.a.HttpEntityMethodProcessor - Writing [[]]
2026-03-26 11:21:51 [http-nio-8085-exec-4] DEBUG o.s.web.servlet.DispatcherServlet - Completed 200 OK
2026-03-26 11:21:51 [http-nio-8085-exec-4] INFO  c.k.s.config.RequestLoggingFilter - <<< Response: [GET] /api/v1/profiles | Status: 200 | Duration: 30ms | Trace-ID: 80d4ca4f-c1d4-4dde-9ae9-6cf1cc62033d
2026-03-26 11:21:51 [http-nio-8085-exec-9] DEBUG i.o.a.t.p.W3CTraceContextPropagator - Unparseable traceparent header. Returning INVALID span context.
2026-03-26 11:21:51 [http-nio-8085-exec-9] DEBUG o.s.security.web.FilterChainProxy - Securing GET /api/v1/account
2026-03-26 11:21:51 [http-nio-8085-exec-3] DEBUG i.o.a.t.p.W3CTraceContextPropagator - Unparseable traceparent header. Returning INVALID span context.
2026-03-26 11:21:51 [http-nio-8085-exec-9] DEBUG c.k.s.s.JwtAuthenticationFilter - Set authentication for user: kojo
2026-03-26 11:21:51 [http-nio-8085-exec-3] DEBUG o.s.security.web.FilterChainProxy - Securing GET /api/v1/profiles
2026-03-26 11:21:51 [http-nio-8085-exec-9] DEBUG o.s.security.web.FilterChainProxy - Secured GET /api/v1/account
2026-03-26 11:21:51 [http-nio-8085-exec-9] INFO  c.k.s.config.RequestLoggingFilter - >>> Incoming Request: [GET] /api/v1/account 200 | Trace-ID: be8ce79a-d3be-4b58-b1ab-8b31510c7e59 | Query: null
2026-03-26 11:21:51 [http-nio-8085-exec-9] DEBUG o.s.web.servlet.DispatcherServlet - GET "/api/v1/account", parameters={}
2026-03-26 11:21:51 [http-nio-8085-exec-9] DEBUG o.s.w.s.m.m.a.RequestMappingHandlerMapping - Mapped to com.kojo.stack.api.controller.AccountController#getCurrentUser(Authentication)
2026-03-26 11:21:51 [http-nio-8085-exec-3] DEBUG c.k.s.s.JwtAuthenticationFilter - Set authentication for user: kojo
2026-03-26 11:21:51 [http-nio-8085-exec-9] INFO  c.kojo.stack.service.AccountService - Fetching user login by login: kojo
2026-03-26 11:21:51 [http-nio-8085-exec-9] DEBUG o.s.d.m.r.query.MongoQueryCreator - Created query Query: { "login" : "kojo"}, Fields: {}, Sort: {}
2026-03-26 11:21:51 [http-nio-8085-exec-9] DEBUG o.s.data.mongodb.core.MongoTemplate - find using query: { "login" : "kojo"} fields: Document{{}} for class: class com.kojo.stack.domain.model.Account in collection: user_logins
2026-03-26 11:21:51 [http-nio-8085-exec-3] DEBUG o.s.security.web.FilterChainProxy - Secured GET /api/v1/profiles
2026-03-26 11:21:51 [http-nio-8085-exec-3] INFO  c.k.s.config.RequestLoggingFilter - >>> Incoming Request: [GET] /api/v1/profiles 200 | Trace-ID: 5b537482-b54f-4039-a625-a63d88e2dda4 | Query: null
2026-03-26 11:21:51 [http-nio-8085-exec-3] DEBUG o.s.web.servlet.DispatcherServlet - GET "/api/v1/profiles", parameters={}
2026-03-26 11:21:51 [http-nio-8085-exec-3] DEBUG o.s.w.s.m.m.a.RequestMappingHandlerMapping - Mapped to com.kojo.stack.api.controller.ProfileController#getAll()
2026-03-26 11:21:51 [http-nio-8085-exec-3] DEBUG o.s.w.s.m.m.a.HttpEntityMethodProcessor - Using 'application/json', given [application/json, text/plain, */*] and supported [application/json, application/*+json]
2026-03-26 11:21:51 [http-nio-8085-exec-3] DEBUG o.s.w.s.m.m.a.HttpEntityMethodProcessor - Writing [[]]
2026-03-26 11:21:51 [http-nio-8085-exec-3] DEBUG o.s.web.servlet.DispatcherServlet - Completed 200 OK
2026-03-26 11:21:51 [http-nio-8085-exec-3] INFO  c.k.s.config.RequestLoggingFilter - <<< Response: [GET] /api/v1/profiles | Status: 200 | Duration: 28ms | Trace-ID: 5b537482-b54f-4039-a625-a63d88e2dda4
2026-03-26 11:21:51 [http-nio-8085-exec-9] DEBUG o.s.w.s.m.m.a.HttpEntityMethodProcessor - Using 'application/json', given [application/json, text/plain, */*] and supported [application/json, application/*+json]
2026-03-26 11:21:51 [http-nio-8085-exec-9] DEBUG o.s.w.s.m.m.a.HttpEntityMethodProcessor - Writing [AccountDTO(id=69c474967b33c079208cd8f3, login=kojo, email=kojo@jojoaddison.net, password=$2a$10$gyNJ (truncated)...]
2026-03-26 11:21:51 [http-nio-8085-exec-9] DEBUG o.s.web.servlet.DispatcherServlet - Completed 200 OK
2026-03-26 11:21:51 [http-nio-8085-exec-9] INFO  c.k.s.config.RequestLoggingFilter - <<< Response: [GET] /api/v1/account | Status: 200 | Duration: 93ms | Trace-ID: be8ce79a-d3be-4b58-b1ab-8b31510c7e59
2026-03-26 11:48:44 [http-nio-8085-exec-8] DEBUG i.o.e.t.p.B3PropagatorExtractorMultipleHeaders - Invalid TraceId in B3 header: null'. Returning INVALID span context.
2026-03-26 11:48:44 [http-nio-8085-exec-8] DEBUG i.o.e.t.p.B3PropagatorExtractorMultipleHeaders - Invalid TraceId in B3 header: null'. Returning INVALID span context.
2026-03-26 11:48:44 [http-nio-8085-exec-8] DEBUG o.s.security.web.FilterChainProxy - Securing OPTIONS /api/v1/profiles
2026-03-26 11:48:44 [http-nio-8085-exec-7] DEBUG i.o.e.t.p.B3PropagatorExtractorMultipleHeaders - Invalid TraceId in B3 header: null'. Returning INVALID span context.
2026-03-26 11:48:44 [http-nio-8085-exec-7] DEBUG i.o.e.t.p.B3PropagatorExtractorMultipleHeaders - Invalid TraceId in B3 header: null'. Returning INVALID span context.
2026-03-26 11:48:44 [http-nio-8085-exec-10] DEBUG i.o.e.t.p.B3PropagatorExtractorMultipleHeaders - Invalid TraceId in B3 header: null'. Returning INVALID span context.
2026-03-26 11:48:44 [http-nio-8085-exec-10] DEBUG i.o.e.t.p.B3PropagatorExtractorMultipleHeaders - Invalid TraceId in B3 header: null'. Returning INVALID span context.
2026-03-26 11:48:44 [http-nio-8085-exec-7] DEBUG o.s.security.web.FilterChainProxy - Securing OPTIONS /api/v1/profiles
2026-03-26 11:48:44 [http-nio-8085-exec-10] DEBUG o.s.security.web.FilterChainProxy - Securing OPTIONS /api/v1/account
2026-03-26 11:48:44 [http-nio-8085-exec-6] DEBUG i.o.a.t.p.W3CTraceContextPropagator - Unparseable traceparent header. Returning INVALID span context.
2026-03-26 11:48:44 [http-nio-8085-exec-6] DEBUG o.s.security.web.FilterChainProxy - Securing GET /api/v1/profiles
2026-03-26 11:48:44 [http-nio-8085-exec-4] DEBUG i.o.a.t.p.W3CTraceContextPropagator - Unparseable traceparent header. Returning INVALID span context.
2026-03-26 11:48:44 [http-nio-8085-exec-4] DEBUG o.s.security.web.FilterChainProxy - Securing GET /api/v1/account
2026-03-26 11:48:44 [http-nio-8085-exec-6] DEBUG c.k.s.s.JwtAuthenticationFilter - Set authentication for user: kojo
2026-03-26 11:48:44 [http-nio-8085-exec-6] DEBUG o.s.security.web.FilterChainProxy - Secured GET /api/v1/profiles
2026-03-26 11:48:44 [http-nio-8085-exec-6] INFO  c.k.s.config.RequestLoggingFilter - >>> Incoming Request: [GET] /api/v1/profiles 200 | Trace-ID: 1720e353-d7bc-446e-aea4-6f3a82538029 | Query: null
2026-03-26 11:48:44 [http-nio-8085-exec-4] DEBUG c.k.s.s.JwtAuthenticationFilter - Set authentication for user: kojo
2026-03-26 11:48:44 [http-nio-8085-exec-4] DEBUG o.s.security.web.FilterChainProxy - Secured GET /api/v1/account
2026-03-26 11:48:44 [http-nio-8085-exec-6] DEBUG o.s.web.servlet.DispatcherServlet - GET "/api/v1/profiles", parameters={}
2026-03-26 11:48:44 [http-nio-8085-exec-4] INFO  c.k.s.config.RequestLoggingFilter - >>> Incoming Request: [GET] /api/v1/account 200 | Trace-ID: 0a83ba2b-a656-4eff-a1dd-4ccc43c9b573 | Query: null
2026-03-26 11:48:44 [http-nio-8085-exec-4] DEBUG o.s.web.servlet.DispatcherServlet - GET "/api/v1/account", parameters={}
2026-03-26 11:48:44 [http-nio-8085-exec-4] DEBUG o.s.w.s.m.m.a.RequestMappingHandlerMapping - Mapped to com.kojo.stack.api.controller.AccountController#getCurrentUser(Authentication)
2026-03-26 11:48:44 [http-nio-8085-exec-4] INFO  c.kojo.stack.service.AccountService - Fetching user login by login: kojo
2026-03-26 11:48:44 [http-nio-8085-exec-6] DEBUG o.s.w.s.m.m.a.RequestMappingHandlerMapping - Mapped to com.kojo.stack.api.controller.ProfileController#getAll()
2026-03-26 11:48:44 [http-nio-8085-exec-6] INFO  c.kojo.stack.service.ProfileService - Fetching all profiles
2026-03-26 11:48:44 [http-nio-8085-exec-6] DEBUG o.s.data.mongodb.core.MongoTemplate - find using query: {} fields: Document{{}} for class: class com.kojo.stack.domain.model.Profile in collection: profiles
2026-03-26 11:48:44 [http-nio-8085-exec-4] DEBUG o.s.d.m.r.query.MongoQueryCreator - Created query Query: { "login" : "kojo"}, Fields: {}, Sort: {}
2026-03-26 11:48:44 [http-nio-8085-exec-4] DEBUG o.s.data.mongodb.core.MongoTemplate - find using query: { "login" : "kojo"} fields: Document{{}} for class: class com.kojo.stack.domain.model.Account in collection: user_logins
2026-03-26 11:48:44 [http-nio-8085-exec-6] DEBUG o.s.w.s.m.m.a.HttpEntityMethodProcessor - Using 'application/json', given [application/json, text/plain, */*] and supported [application/json, application/*+json]
2026-03-26 11:48:44 [http-nio-8085-exec-6] DEBUG o.s.w.s.m.m.a.HttpEntityMethodProcessor - Writing [[]]
2026-03-26 11:48:44 [http-nio-8085-exec-4] DEBUG o.s.w.s.m.m.a.HttpEntityMethodProcessor - Using 'application/json', given [application/json, text/plain, */*] and supported [application/json, application/*+json]
2026-03-26 11:48:44 [http-nio-8085-exec-3] DEBUG i.o.a.t.p.W3CTraceContextPropagator - Unparseable traceparent header. Returning INVALID span context.
2026-03-26 11:48:44 [http-nio-8085-exec-3] DEBUG o.s.security.web.FilterChainProxy - Securing GET /api/v1/profiles
2026-03-26 11:48:44 [http-nio-8085-exec-6] DEBUG o.s.web.servlet.DispatcherServlet - Completed 200 OK
2026-03-26 11:48:44 [http-nio-8085-exec-4] DEBUG o.s.w.s.m.m.a.HttpEntityMethodProcessor - Writing [AccountDTO(id=69c474967b33c079208cd8f3, login=kojo, email=kojo@jojoaddison.net, password=$2a$10$gyNJ (truncated)...]
2026-03-26 11:48:44 [http-nio-8085-exec-4] DEBUG o.s.web.servlet.DispatcherServlet - Completed 200 OK
2026-03-26 11:48:44 [http-nio-8085-exec-6] INFO  c.k.s.config.RequestLoggingFilter - <<< Response: [GET] /api/v1/profiles | Status: 200 | Duration: 54ms | Trace-ID: 1720e353-d7bc-446e-aea4-6f3a82538029
2026-03-26 11:48:44 [http-nio-8085-exec-4] INFO  c.k.s.config.RequestLoggingFilter - <<< Response: [GET] /api/v1/account | Status: 200 | Duration: 52ms | Trace-ID: 0a83ba2b-a656-4eff-a1dd-4ccc43c9b573
2026-03-26 11:48:44 [http-nio-8085-exec-3] DEBUG c.k.s.s.JwtAuthenticationFilter - Set authentication for user: kojo
2026-03-26 11:48:44 [http-nio-8085-exec-3] DEBUG o.s.security.web.FilterChainProxy - Secured GET /api/v1/profiles
2026-03-26 11:48:44 [http-nio-8085-exec-3] INFO  c.k.s.config.RequestLoggingFilter - >>> Incoming Request: [GET] /api/v1/profiles 200 | Trace-ID: 222cb43a-241d-47aa-9d4d-de27f4528d24 | Query: null
2026-03-26 11:48:44 [http-nio-8085-exec-3] DEBUG o.s.web.servlet.DispatcherServlet - GET "/api/v1/profiles", parameters={}
2026-03-26 11:48:44 [http-nio-8085-exec-3] DEBUG o.s.w.s.m.m.a.RequestMappingHandlerMapping - Mapped to com.kojo.stack.api.controller.ProfileController#getAll()
2026-03-26 11:48:44 [http-nio-8085-exec-3] DEBUG o.s.w.s.m.m.a.HttpEntityMethodProcessor - Using 'application/json', given [application/json, text/plain, */*] and supported [application/json, application/*+json]
2026-03-26 11:48:44 [http-nio-8085-exec-3] DEBUG o.s.w.s.m.m.a.HttpEntityMethodProcessor - Writing [[]]
2026-03-26 11:48:44 [http-nio-8085-exec-3] DEBUG o.s.web.servlet.DispatcherServlet - Completed 200 OK
2026-03-26 11:48:44 [http-nio-8085-exec-3] INFO  c.k.s.config.RequestLoggingFilter - <<< Response: [GET] /api/v1/profiles | Status: 200 | Duration: 10ms | Trace-ID: 222cb43a-241d-47aa-9d4d-de27f4528d24
2026-03-26 11:51:05 [http-nio-8085-exec-5] DEBUG i.o.a.t.p.W3CTraceContextPropagator - Unparseable traceparent header. Returning INVALID span context.
2026-03-26 11:51:05 [http-nio-8085-exec-5] DEBUG o.s.security.web.FilterChainProxy - Securing GET /api/v1/profiles
2026-03-26 11:51:05 [http-nio-8085-exec-5] DEBUG c.k.s.s.JwtAuthenticationFilter - Set authentication for user: kojo
2026-03-26 11:51:05 [http-nio-8085-exec-5] DEBUG o.s.security.web.FilterChainProxy - Secured GET /api/v1/profiles
2026-03-26 11:51:05 [http-nio-8085-exec-5] INFO  c.k.s.config.RequestLoggingFilter - >>> Incoming Request: [GET] /api/v1/profiles 200 | Trace-ID: ce286120-ab41-440e-8053-977d7127278e | Query: null
2026-03-26 11:51:05 [http-nio-8085-exec-5] DEBUG o.s.web.servlet.DispatcherServlet - GET "/api/v1/profiles", parameters={}
2026-03-26 11:51:05 [http-nio-8085-exec-5] DEBUG o.s.w.s.m.m.a.RequestMappingHandlerMapping - Mapped to com.kojo.stack.api.controller.ProfileController#getAll()
2026-03-26 11:51:05 [http-nio-8085-exec-5] DEBUG o.s.w.s.m.m.a.HttpEntityMethodProcessor - Using 'application/json', given [application/json, text/plain, */*] and supported [application/json, application/*+json]
2026-03-26 11:51:05 [http-nio-8085-exec-5] DEBUG o.s.w.s.m.m.a.HttpEntityMethodProcessor - Writing [[]]
2026-03-26 11:51:05 [http-nio-8085-exec-5] DEBUG o.s.web.servlet.DispatcherServlet - Completed 200 OK
2026-03-26 11:51:05 [http-nio-8085-exec-5] INFO  c.k.s.config.RequestLoggingFilter - <<< Response: [GET] /api/v1/profiles | Status: 200 | Duration: 23ms | Trace-ID: ce286120-ab41-440e-8053-977d7127278e
2026-03-26 11:51:05 [http-nio-8085-exec-8] DEBUG i.o.a.t.p.W3CTraceContextPropagator - Unparseable traceparent header. Returning INVALID span context.
2026-03-26 11:51:05 [http-nio-8085-exec-8] DEBUG o.s.security.web.FilterChainProxy - Securing GET /api/v1/account
2026-03-26 11:51:05 [http-nio-8085-exec-10] DEBUG i.o.a.t.p.W3CTraceContextPropagator - Unparseable traceparent header. Returning INVALID span context.
2026-03-26 11:51:05 [http-nio-8085-exec-10] DEBUG o.s.security.web.FilterChainProxy - Securing GET /api/v1/profiles
2026-03-26 11:51:05 [http-nio-8085-exec-8] DEBUG c.k.s.s.JwtAuthenticationFilter - Set authentication for user: kojo
2026-03-26 11:51:05 [http-nio-8085-exec-10] DEBUG c.k.s.s.JwtAuthenticationFilter - Set authentication for user: kojo
2026-03-26 11:51:05 [http-nio-8085-exec-8] DEBUG o.s.security.web.FilterChainProxy - Secured GET /api/v1/account
2026-03-26 11:51:05 [http-nio-8085-exec-8] INFO  c.k.s.config.RequestLoggingFilter - >>> Incoming Request: [GET] /api/v1/account 200 | Trace-ID: d0abbb96-a1ab-4e5a-9a8a-0c731902f7ed | Query: null
2026-03-26 11:51:05 [http-nio-8085-exec-8] DEBUG o.s.web.servlet.DispatcherServlet - GET "/api/v1/account", parameters={}
2026-03-26 11:51:05 [http-nio-8085-exec-10] DEBUG o.s.security.web.FilterChainProxy - Secured GET /api/v1/profiles
2026-03-26 11:51:05 [http-nio-8085-exec-8] DEBUG o.s.w.s.m.m.a.RequestMappingHandlerMapping - Mapped to com.kojo.stack.api.controller.AccountController#getCurrentUser(Authentication)
2026-03-26 11:51:05 [http-nio-8085-exec-10] INFO  c.k.s.config.RequestLoggingFilter - >>> Incoming Request: [GET] /api/v1/profiles 200 | Trace-ID: 97cdb64b-393e-4a05-8295-ca765df5c89d | Query: null
2026-03-26 11:51:05 [http-nio-8085-exec-8] INFO  c.kojo.stack.service.AccountService - Fetching user login by login: kojo
2026-03-26 11:51:05 [http-nio-8085-exec-10] DEBUG o.s.web.servlet.DispatcherServlet - GET "/api/v1/profiles", parameters={}
2026-03-26 11:51:05 [http-nio-8085-exec-8] DEBUG o.s.d.m.r.query.MongoQueryCreator - Created query Query: { "login" : "kojo"}, Fields: {}, Sort: {}
2026-03-26 11:51:05 [http-nio-8085-exec-10] DEBUG o.s.w.s.m.m.a.RequestMappingHandlerMapping - Mapped to com.kojo.stack.api.controller.ProfileController#getAll()
2026-03-26 11:51:05 [http-nio-8085-exec-8] DEBUG o.s.data.mongodb.core.MongoTemplate - find using query: { "login" : "kojo"} fields: Document{{}} for class: class com.kojo.stack.domain.model.Account in collection: user_logins
2026-03-26 11:51:05 [http-nio-8085-exec-10] DEBUG o.s.w.s.m.m.a.HttpEntityMethodProcessor - Using 'application/json', given [application/json, text/plain, */*] and supported [application/json, application/*+json]
2026-03-26 11:51:05 [http-nio-8085-exec-10] DEBUG o.s.w.s.m.m.a.HttpEntityMethodProcessor - Writing [[]]
2026-03-26 11:51:05 [http-nio-8085-exec-10] DEBUG o.s.web.servlet.DispatcherServlet - Completed 200 OK
2026-03-26 11:51:05 [http-nio-8085-exec-10] INFO  c.k.s.config.RequestLoggingFilter - <<< Response: [GET] /api/v1/profiles | Status: 200 | Duration: 20ms | Trace-ID: 97cdb64b-393e-4a05-8295-ca765df5c89d
2026-03-26 11:51:05 [http-nio-8085-exec-8] DEBUG o.s.w.s.m.m.a.HttpEntityMethodProcessor - Using 'application/json', given [application/json, text/plain, */*] and supported [application/json, application/*+json]
2026-03-26 11:51:05 [http-nio-8085-exec-8] DEBUG o.s.w.s.m.m.a.HttpEntityMethodProcessor - Writing [AccountDTO(id=69c474967b33c079208cd8f3, login=kojo, email=kojo@jojoaddison.net, password=$2a$10$gyNJ (truncated)...]
2026-03-26 11:51:05 [http-nio-8085-exec-8] DEBUG o.s.web.servlet.DispatcherServlet - Completed 200 OK
2026-03-26 11:51:05 [http-nio-8085-exec-8] INFO  c.k.s.config.RequestLoggingFilter - <<< Response: [GET] /api/v1/account | Status: 200 | Duration: 66ms | Trace-ID: d0abbb96-a1ab-4e5a-9a8a-0c731902f7ed
2026-03-26 11:52:15 [http-nio-8085-exec-3] DEBUG i.o.a.t.p.W3CTraceContextPropagator - Unparseable traceparent header. Returning INVALID span context.
2026-03-26 11:52:15 [http-nio-8085-exec-3] DEBUG o.s.security.web.FilterChainProxy - Securing GET /api/v1/profiles
2026-03-26 11:52:15 [http-nio-8085-exec-3] DEBUG c.k.s.s.JwtAuthenticationFilter - Set authentication for user: kojo
2026-03-26 11:52:15 [http-nio-8085-exec-3] DEBUG o.s.security.web.FilterChainProxy - Secured GET /api/v1/profiles
2026-03-26 11:52:15 [http-nio-8085-exec-3] INFO  c.k.s.config.RequestLoggingFilter - >>> Incoming Request: [GET] /api/v1/profiles 200 | Trace-ID: 874c3a71-1f96-4525-a16d-73dcac86acda | Query: null
2026-03-26 11:52:15 [http-nio-8085-exec-3] DEBUG o.s.web.servlet.DispatcherServlet - GET "/api/v1/profiles", parameters={}
2026-03-26 11:52:15 [http-nio-8085-exec-3] DEBUG o.s.w.s.m.m.a.RequestMappingHandlerMapping - Mapped to com.kojo.stack.api.controller.ProfileController#getAll()
2026-03-26 11:52:15 [http-nio-8085-exec-3] DEBUG o.s.w.s.m.m.a.HttpEntityMethodProcessor - Using 'application/json', given [application/json, text/plain, */*] and supported [application/json, application/*+json]
2026-03-26 11:52:15 [http-nio-8085-exec-3] DEBUG o.s.w.s.m.m.a.HttpEntityMethodProcessor - Writing [[]]
2026-03-26 11:52:15 [http-nio-8085-exec-3] DEBUG o.s.web.servlet.DispatcherServlet - Completed 200 OK
2026-03-26 11:52:16 [http-nio-8085-exec-3] INFO  c.k.s.config.RequestLoggingFilter - <<< Response: [GET] /api/v1/profiles | Status: 200 | Duration: 28ms | Trace-ID: 874c3a71-1f96-4525-a16d-73dcac86acda
2026-03-26 11:52:16 [http-nio-8085-exec-9] DEBUG i.o.a.t.p.W3CTraceContextPropagator - Unparseable traceparent header. Returning INVALID span context.
2026-03-26 11:52:16 [http-nio-8085-exec-9] DEBUG o.s.security.web.FilterChainProxy - Securing GET /api/v1/profiles
2026-03-26 11:52:16 [http-nio-8085-exec-9] DEBUG c.k.s.s.JwtAuthenticationFilter - Set authentication for user: kojo
2026-03-26 11:52:16 [http-nio-8085-exec-9] DEBUG o.s.security.web.FilterChainProxy - Secured GET /api/v1/profiles
2026-03-26 11:52:16 [http-nio-8085-exec-9] INFO  c.k.s.config.RequestLoggingFilter - >>> Incoming Request: [GET] /api/v1/profiles 200 | Trace-ID: b167864f-b150-4845-b951-05c6f08c817c | Query: null
2026-03-26 11:52:16 [http-nio-8085-exec-9] DEBUG o.s.web.servlet.DispatcherServlet - GET "/api/v1/profiles", parameters={}
2026-03-26 11:52:16 [http-nio-8085-exec-9] DEBUG o.s.w.s.m.m.a.RequestMappingHandlerMapping - Mapped to com.kojo.stack.api.controller.ProfileController#getAll()
2026-03-26 11:52:16 [http-nio-8085-exec-9] DEBUG o.s.w.s.m.m.a.HttpEntityMethodProcessor - Using 'application/json', given [application/json, text/plain, */*] and supported [application/json, application/*+json]
2026-03-26 11:52:16 [http-nio-8085-exec-9] DEBUG o.s.w.s.m.m.a.HttpEntityMethodProcessor - Writing [[]]
2026-03-26 11:52:16 [http-nio-8085-exec-9] DEBUG o.s.web.servlet.DispatcherServlet - Completed 200 OK
2026-03-26 11:52:16 [http-nio-8085-exec-9] INFO  c.k.s.config.RequestLoggingFilter - <<< Response: [GET] /api/v1/profiles | Status: 200 | Duration: 34ms | Trace-ID: b167864f-b150-4845-b951-05c6f08c817c
2026-03-26 11:52:16 [http-nio-8085-exec-1] DEBUG i.o.a.t.p.W3CTraceContextPropagator - Unparseable traceparent header. Returning INVALID span context.
2026-03-26 11:52:16 [http-nio-8085-exec-1] DEBUG o.s.security.web.FilterChainProxy - Securing GET /api/v1/account
2026-03-26 11:52:16 [http-nio-8085-exec-1] DEBUG c.k.s.s.JwtAuthenticationFilter - Set authentication for user: kojo
2026-03-26 11:52:16 [http-nio-8085-exec-1] DEBUG o.s.security.web.FilterChainProxy - Secured GET /api/v1/account
2026-03-26 11:52:16 [http-nio-8085-exec-1] INFO  c.k.s.config.RequestLoggingFilter - >>> Incoming Request: [GET] /api/v1/account 200 | Trace-ID: 3fe600b9-ab3c-4ba8-a86a-fb74aab15c47 | Query: null
2026-03-26 11:52:16 [http-nio-8085-exec-1] DEBUG o.s.web.servlet.DispatcherServlet - GET "/api/v1/account", parameters={}
2026-03-26 11:52:16 [http-nio-8085-exec-1] DEBUG o.s.w.s.m.m.a.RequestMappingHandlerMapping - Mapped to com.kojo.stack.api.controller.AccountController#getCurrentUser(Authentication)
2026-03-26 11:52:16 [http-nio-8085-exec-1] INFO  c.kojo.stack.service.AccountService - Fetching user login by login: kojo
2026-03-26 11:52:16 [http-nio-8085-exec-1] DEBUG o.s.d.m.r.query.MongoQueryCreator - Created query Query: { "login" : "kojo"}, Fields: {}, Sort: {}
2026-03-26 11:52:16 [http-nio-8085-exec-1] DEBUG o.s.data.mongodb.core.MongoTemplate - find using query: { "login" : "kojo"} fields: Document{{}} for class: class com.kojo.stack.domain.model.Account in collection: user_logins
2026-03-26 11:52:16 [http-nio-8085-exec-1] DEBUG o.s.w.s.m.m.a.HttpEntityMethodProcessor - Using 'application/json', given [application/json, text/plain, */*] and supported [application/json, application/*+json]
2026-03-26 11:52:16 [http-nio-8085-exec-1] DEBUG o.s.w.s.m.m.a.HttpEntityMethodProcessor - Writing [AccountDTO(id=69c474967b33c079208cd8f3, login=kojo, email=kojo@jojoaddison.net, password=$2a$10$gyNJ (truncated)...]
2026-03-26 11:52:16 [http-nio-8085-exec-1] DEBUG o.s.web.servlet.DispatcherServlet - Completed 200 OK
2026-03-26 11:52:16 [http-nio-8085-exec-1] INFO  c.k.s.config.RequestLoggingFilter - <<< Response: [GET] /api/v1/account | Status: 200 | Duration: 67ms | Trace-ID: 3fe600b9-ab3c-4ba8-a86a-fb74aab15c47
2026-03-26 11:52:44 [http-nio-8085-exec-2] DEBUG i.o.a.t.p.W3CTraceContextPropagator - Unparseable traceparent header. Returning INVALID span context.
2026-03-26 11:52:44 [http-nio-8085-exec-2] DEBUG o.s.security.web.FilterChainProxy - Securing GET /api/v1/profiles
2026-03-26 11:52:44 [http-nio-8085-exec-2] DEBUG c.k.s.s.JwtAuthenticationFilter - Set authentication for user: kojo
2026-03-26 11:52:44 [http-nio-8085-exec-2] DEBUG o.s.security.web.FilterChainProxy - Secured GET /api/v1/profiles
2026-03-26 11:52:44 [http-nio-8085-exec-2] INFO  c.k.s.config.RequestLoggingFilter - >>> Incoming Request: [GET] /api/v1/profiles 200 | Trace-ID: 1e7a277c-43e4-4790-8cfb-ed44611a5c54 | Query: null
2026-03-26 11:52:44 [http-nio-8085-exec-2] DEBUG o.s.web.servlet.DispatcherServlet - GET "/api/v1/profiles", parameters={}
2026-03-26 11:52:44 [http-nio-8085-exec-2] DEBUG o.s.w.s.m.m.a.RequestMappingHandlerMapping - Mapped to com.kojo.stack.api.controller.ProfileController#getAll()
2026-03-26 11:52:44 [http-nio-8085-exec-2] DEBUG o.s.w.s.m.m.a.HttpEntityMethodProcessor - Using 'application/json', given [application/json, text/plain, */*] and supported [application/json, application/*+json]
2026-03-26 11:52:44 [http-nio-8085-exec-2] DEBUG o.s.w.s.m.m.a.HttpEntityMethodProcessor - Writing [[]]
2026-03-26 11:52:44 [http-nio-8085-exec-2] DEBUG o.s.web.servlet.DispatcherServlet - Completed 200 OK
2026-03-26 11:52:44 [http-nio-8085-exec-2] INFO  c.k.s.config.RequestLoggingFilter - <<< Response: [GET] /api/v1/profiles | Status: 200 | Duration: 21ms | Trace-ID: 1e7a277c-43e4-4790-8cfb-ed44611a5c54
2026-03-26 11:52:44 [http-nio-8085-exec-5] DEBUG i.o.a.t.p.W3CTraceContextPropagator - Unparseable traceparent header. Returning INVALID span context.
2026-03-26 11:52:44 [http-nio-8085-exec-5] DEBUG o.s.security.web.FilterChainProxy - Securing GET /api/v1/profiles
2026-03-26 11:52:44 [http-nio-8085-exec-5] DEBUG c.k.s.s.JwtAuthenticationFilter - Set authentication for user: kojo
2026-03-26 11:52:44 [http-nio-8085-exec-5] DEBUG o.s.security.web.FilterChainProxy - Secured GET /api/v1/profiles
2026-03-26 11:52:44 [http-nio-8085-exec-5] INFO  c.k.s.config.RequestLoggingFilter - >>> Incoming Request: [GET] /api/v1/profiles 200 | Trace-ID: 6f2c1ca6-c2d7-4c4d-a5ba-6f1029917891 | Query: null
2026-03-26 11:52:44 [http-nio-8085-exec-5] DEBUG o.s.web.servlet.DispatcherServlet - GET "/api/v1/profiles", parameters={}
2026-03-26 11:52:44 [http-nio-8085-exec-5] DEBUG o.s.w.s.m.m.a.RequestMappingHandlerMapping - Mapped to com.kojo.stack.api.controller.ProfileController#getAll()
2026-03-26 11:52:44 [http-nio-8085-exec-10] DEBUG i.o.a.t.p.W3CTraceContextPropagator - Unparseable traceparent header. Returning INVALID span context.
2026-03-26 11:52:44 [http-nio-8085-exec-10] DEBUG o.s.security.web.FilterChainProxy - Securing GET /api/v1/account
2026-03-26 11:52:44 [http-nio-8085-exec-5] DEBUG o.s.w.s.m.m.a.HttpEntityMethodProcessor - Using 'application/json', given [application/json, text/plain, */*] and supported [application/json, application/*+json]
2026-03-26 11:52:44 [http-nio-8085-exec-5] DEBUG o.s.w.s.m.m.a.HttpEntityMethodProcessor - Writing [[]]
2026-03-26 11:52:44 [http-nio-8085-exec-5] DEBUG o.s.web.servlet.DispatcherServlet - Completed 200 OK
2026-03-26 11:52:44 [http-nio-8085-exec-5] INFO  c.k.s.config.RequestLoggingFilter - <<< Response: [GET] /api/v1/profiles | Status: 200 | Duration: 35ms | Trace-ID: 6f2c1ca6-c2d7-4c4d-a5ba-6f1029917891
2026-03-26 11:52:44 [http-nio-8085-exec-10] DEBUG c.k.s.s.JwtAuthenticationFilter - Set authentication for user: kojo
2026-03-26 11:52:44 [http-nio-8085-exec-10] DEBUG o.s.security.web.FilterChainProxy - Secured GET /api/v1/account
2026-03-26 11:52:44 [http-nio-8085-exec-10] INFO  c.k.s.config.RequestLoggingFilter - >>> Incoming Request: [GET] /api/v1/account 200 | Trace-ID: 19ca62d3-76b1-476c-a10d-2aa7234bcacc | Query: null
2026-03-26 11:52:44 [http-nio-8085-exec-10] DEBUG o.s.web.servlet.DispatcherServlet - GET "/api/v1/account", parameters={}
2026-03-26 11:52:44 [http-nio-8085-exec-10] DEBUG o.s.w.s.m.m.a.RequestMappingHandlerMapping - Mapped to com.kojo.stack.api.controller.AccountController#getCurrentUser(Authentication)
2026-03-26 11:52:44 [http-nio-8085-exec-10] INFO  c.kojo.stack.service.AccountService - Fetching user login by login: kojo
2026-03-26 11:52:44 [http-nio-8085-exec-10] DEBUG o.s.d.m.r.query.MongoQueryCreator - Created query Query: { "login" : "kojo"}, Fields: {}, Sort: {}
2026-03-26 11:52:44 [http-nio-8085-exec-10] DEBUG o.s.data.mongodb.core.MongoTemplate - find using query: { "login" : "kojo"} fields: Document{{}} for class: class com.kojo.stack.domain.model.Account in collection: user_logins
2026-03-26 11:52:44 [http-nio-8085-exec-10] DEBUG o.s.w.s.m.m.a.HttpEntityMethodProcessor - Using 'application/json', given [application/json, text/plain, */*] and supported [application/json, application/*+json]
2026-03-26 11:52:44 [http-nio-8085-exec-10] DEBUG o.s.w.s.m.m.a.HttpEntityMethodProcessor - Writing [AccountDTO(id=69c474967b33c079208cd8f3, login=kojo, email=kojo@jojoaddison.net, password=$2a$10$gyNJ (truncated)...]
2026-03-26 11:52:44 [http-nio-8085-exec-10] DEBUG o.s.web.servlet.DispatcherServlet - Completed 200 OK
2026-03-26 11:52:44 [http-nio-8085-exec-10] INFO  c.k.s.config.RequestLoggingFilter - <<< Response: [GET] /api/v1/account | Status: 200 | Duration: 58ms | Trace-ID: 19ca62d3-76b1-476c-a10d-2aa7234bcacc
2026-03-26 11:53:19 [http-nio-8085-exec-8] DEBUG i.o.a.t.p.W3CTraceContextPropagator - Unparseable traceparent header. Returning INVALID span context.
2026-03-26 11:53:19 [http-nio-8085-exec-8] DEBUG o.s.security.web.FilterChainProxy - Securing GET /api/v1/profiles
2026-03-26 11:53:19 [http-nio-8085-exec-8] DEBUG c.k.s.s.JwtAuthenticationFilter - Set authentication for user: kojo
2026-03-26 11:53:19 [http-nio-8085-exec-8] DEBUG o.s.security.web.FilterChainProxy - Secured GET /api/v1/profiles
2026-03-26 11:53:19 [http-nio-8085-exec-8] INFO  c.k.s.config.RequestLoggingFilter - >>> Incoming Request: [GET] /api/v1/profiles 200 | Trace-ID: 58c68b91-c9c6-43f3-9c29-04174296a4b0 | Query: null
2026-03-26 11:53:19 [http-nio-8085-exec-7] DEBUG i.o.a.t.p.W3CTraceContextPropagator - Unparseable traceparent header. Returning INVALID span context.
2026-03-26 11:53:19 [http-nio-8085-exec-7] DEBUG o.s.security.web.FilterChainProxy - Securing GET /api/v1/account
2026-03-26 11:53:19 [http-nio-8085-exec-8] DEBUG o.s.web.servlet.DispatcherServlet - GET "/api/v1/profiles", parameters={}
2026-03-26 11:53:19 [http-nio-8085-exec-8] DEBUG o.s.w.s.m.m.a.RequestMappingHandlerMapping - Mapped to com.kojo.stack.api.controller.ProfileController#getAll()
2026-03-26 11:53:19 [http-nio-8085-exec-8] DEBUG o.s.w.s.m.m.a.HttpEntityMethodProcessor - Using 'application/json', given [application/json, text/plain, */*] and supported [application/json, application/*+json]
2026-03-26 11:53:19 [http-nio-8085-exec-8] DEBUG o.s.w.s.m.m.a.HttpEntityMethodProcessor - Writing [[]]
2026-03-26 11:53:19 [http-nio-8085-exec-8] DEBUG o.s.web.servlet.DispatcherServlet - Completed 200 OK
2026-03-26 11:53:19 [http-nio-8085-exec-8] INFO  c.k.s.config.RequestLoggingFilter - <<< Response: [GET] /api/v1/profiles | Status: 200 | Duration: 13ms | Trace-ID: 58c68b91-c9c6-43f3-9c29-04174296a4b0
2026-03-26 11:53:19 [http-nio-8085-exec-7] DEBUG c.k.s.s.JwtAuthenticationFilter - Set authentication for user: kojo
2026-03-26 11:53:19 [http-nio-8085-exec-6] DEBUG i.o.a.t.p.W3CTraceContextPropagator - Unparseable traceparent header. Returning INVALID span context.
2026-03-26 11:53:19 [http-nio-8085-exec-6] DEBUG o.s.security.web.FilterChainProxy - Securing GET /api/v1/profiles
2026-03-26 11:53:19 [http-nio-8085-exec-7] DEBUG o.s.security.web.FilterChainProxy - Secured GET /api/v1/account
2026-03-26 11:53:19 [http-nio-8085-exec-7] INFO  c.k.s.config.RequestLoggingFilter - >>> Incoming Request: [GET] /api/v1/account 200 | Trace-ID: 47ed795b-fee5-40d5-866d-8f02b36a6598 | Query: null
2026-03-26 11:53:19 [http-nio-8085-exec-7] DEBUG o.s.web.servlet.DispatcherServlet - GET "/api/v1/account", parameters={}
2026-03-26 11:53:19 [http-nio-8085-exec-7] DEBUG o.s.w.s.m.m.a.RequestMappingHandlerMapping - Mapped to com.kojo.stack.api.controller.AccountController#getCurrentUser(Authentication)
2026-03-26 11:53:19 [http-nio-8085-exec-7] INFO  c.kojo.stack.service.AccountService - Fetching user login by login: kojo
2026-03-26 11:53:19 [http-nio-8085-exec-7] DEBUG o.s.d.m.r.query.MongoQueryCreator - Created query Query: { "login" : "kojo"}, Fields: {}, Sort: {}
2026-03-26 11:53:19 [http-nio-8085-exec-7] DEBUG o.s.data.mongodb.core.MongoTemplate - find using query: { "login" : "kojo"} fields: Document{{}} for class: class com.kojo.stack.domain.model.Account in collection: user_logins
2026-03-26 11:53:19 [http-nio-8085-exec-6] DEBUG c.k.s.s.JwtAuthenticationFilter - Set authentication for user: kojo
2026-03-26 11:53:19 [http-nio-8085-exec-6] DEBUG o.s.security.web.FilterChainProxy - Secured GET /api/v1/profiles
2026-03-26 11:53:19 [http-nio-8085-exec-6] INFO  c.k.s.config.RequestLoggingFilter - >>> Incoming Request: [GET] /api/v1/profiles 200 | Trace-ID: eadc48a5-ac5b-430d-a1ec-c0a1abdb9276 | Query: null
2026-03-26 11:53:19 [http-nio-8085-exec-6] DEBUG o.s.web.servlet.DispatcherServlet - GET "/api/v1/profiles", parameters={}
2026-03-26 11:53:19 [http-nio-8085-exec-7] DEBUG o.s.w.s.m.m.a.HttpEntityMethodProcessor - Using 'application/json', given [application/json, text/plain, */*] and supported [application/json, application/*+json]
2026-03-26 11:53:19 [http-nio-8085-exec-6] DEBUG o.s.w.s.m.m.a.RequestMappingHandlerMapping - Mapped to com.kojo.stack.api.controller.ProfileController#getAll()
2026-03-26 11:53:19 [http-nio-8085-exec-6] DEBUG o.s.w.s.m.m.a.HttpEntityMethodProcessor - Using 'application/json', given [application/json, text/plain, */*] and supported [application/json, application/*+json]
2026-03-26 11:53:19 [http-nio-8085-exec-6] DEBUG o.s.w.s.m.m.a.HttpEntityMethodProcessor - Writing [[]]
2026-03-26 11:53:19 [http-nio-8085-exec-6] DEBUG o.s.web.servlet.DispatcherServlet - Completed 200 OK
2026-03-26 11:53:19 [http-nio-8085-exec-6] INFO  c.k.s.config.RequestLoggingFilter - <<< Response: [GET] /api/v1/profiles | Status: 200 | Duration: 14ms | Trace-ID: eadc48a5-ac5b-430d-a1ec-c0a1abdb9276
2026-03-26 11:53:19 [http-nio-8085-exec-7] DEBUG o.s.w.s.m.m.a.HttpEntityMethodProcessor - Writing [AccountDTO(id=69c474967b33c079208cd8f3, login=kojo, email=kojo@jojoaddison.net, password=$2a$10$gyNJ (truncated)...]
2026-03-26 11:53:19 [http-nio-8085-exec-7] DEBUG o.s.web.servlet.DispatcherServlet - Completed 200 OK
2026-03-26 11:53:19 [http-nio-8085-exec-7] INFO  c.k.s.config.RequestLoggingFilter - <<< Response: [GET] /api/v1/account | Status: 200 | Duration: 53ms | Trace-ID: 47ed795b-fee5-40d5-866d-8f02b36a6598
2026-03-26 11:53:45 [http-nio-8085-exec-4] DEBUG i.o.a.t.p.W3CTraceContextPropagator - Unparseable traceparent header. Returning INVALID span context.
2026-03-26 11:53:45 [http-nio-8085-exec-4] DEBUG o.s.security.web.FilterChainProxy - Securing GET /api/v1/profiles
2026-03-26 11:53:45 [http-nio-8085-exec-4] DEBUG c.k.s.s.JwtAuthenticationFilter - Set authentication for user: kojo
2026-03-26 11:53:45 [http-nio-8085-exec-4] DEBUG o.s.security.web.FilterChainProxy - Secured GET /api/v1/profiles
2026-03-26 11:53:45 [http-nio-8085-exec-4] INFO  c.k.s.config.RequestLoggingFilter - >>> Incoming Request: [GET] /api/v1/profiles 200 | Trace-ID: 7c28c339-22ba-470f-af18-1862057f991b | Query: null
2026-03-26 11:53:45 [http-nio-8085-exec-4] DEBUG o.s.web.servlet.DispatcherServlet - GET "/api/v1/profiles", parameters={}
2026-03-26 11:53:45 [http-nio-8085-exec-4] DEBUG o.s.w.s.m.m.a.RequestMappingHandlerMapping - Mapped to com.kojo.stack.api.controller.ProfileController#getAll()
2026-03-26 11:53:45 [http-nio-8085-exec-4] DEBUG o.s.w.s.m.m.a.HttpEntityMethodProcessor - Using 'application/json', given [application/json, text/plain, */*] and supported [application/json, application/*+json]
2026-03-26 11:53:45 [http-nio-8085-exec-4] DEBUG o.s.w.s.m.m.a.HttpEntityMethodProcessor - Writing [[]]
2026-03-26 11:53:45 [http-nio-8085-exec-4] DEBUG o.s.web.servlet.DispatcherServlet - Completed 200 OK
2026-03-26 11:53:45 [http-nio-8085-exec-4] INFO  c.k.s.config.RequestLoggingFilter - <<< Response: [GET] /api/v1/profiles | Status: 200 | Duration: 17ms | Trace-ID: 7c28c339-22ba-470f-af18-1862057f991b
2026-03-26 11:53:45 [http-nio-8085-exec-3] DEBUG i.o.a.t.p.W3CTraceContextPropagator - Unparseable traceparent header. Returning INVALID span context.
2026-03-26 11:53:45 [http-nio-8085-exec-3] DEBUG o.s.security.web.FilterChainProxy - Securing GET /api/v1/profiles
2026-03-26 11:53:45 [http-nio-8085-exec-3] DEBUG c.k.s.s.JwtAuthenticationFilter - Set authentication for user: kojo
2026-03-26 11:53:45 [http-nio-8085-exec-3] DEBUG o.s.security.web.FilterChainProxy - Secured GET /api/v1/profiles
2026-03-26 11:53:45 [http-nio-8085-exec-3] INFO  c.k.s.config.RequestLoggingFilter - >>> Incoming Request: [GET] /api/v1/profiles 200 | Trace-ID: 86657dac-1a24-4419-b50c-826c77f1e089 | Query: null
2026-03-26 11:53:45 [http-nio-8085-exec-3] DEBUG o.s.web.servlet.DispatcherServlet - GET "/api/v1/profiles", parameters={}
2026-03-26 11:53:45 [http-nio-8085-exec-3] DEBUG o.s.w.s.m.m.a.RequestMappingHandlerMapping - Mapped to com.kojo.stack.api.controller.ProfileController#getAll()
2026-03-26 11:53:45 [http-nio-8085-exec-3] DEBUG o.s.w.s.m.m.a.HttpEntityMethodProcessor - Using 'application/json', given [application/json, text/plain, */*] and supported [application/json, application/*+json]
2026-03-26 11:53:45 [http-nio-8085-exec-3] DEBUG o.s.w.s.m.m.a.HttpEntityMethodProcessor - Writing [[]]
2026-03-26 11:53:45 [http-nio-8085-exec-3] DEBUG o.s.web.servlet.DispatcherServlet - Completed 200 OK
2026-03-26 11:53:45 [http-nio-8085-exec-3] INFO  c.k.s.config.RequestLoggingFilter - <<< Response: [GET] /api/v1/profiles | Status: 200 | Duration: 13ms | Trace-ID: 86657dac-1a24-4419-b50c-826c77f1e089
2026-03-26 11:53:45 [http-nio-8085-exec-9] DEBUG i.o.a.t.p.W3CTraceContextPropagator - Unparseable traceparent header. Returning INVALID span context.
2026-03-26 11:53:45 [http-nio-8085-exec-9] DEBUG o.s.security.web.FilterChainProxy - Securing GET /api/v1/account
2026-03-26 11:53:45 [http-nio-8085-exec-9] DEBUG c.k.s.s.JwtAuthenticationFilter - Set authentication for user: kojo
2026-03-26 11:53:45 [http-nio-8085-exec-9] DEBUG o.s.security.web.FilterChainProxy - Secured GET /api/v1/account
2026-03-26 11:53:45 [http-nio-8085-exec-9] INFO  c.k.s.config.RequestLoggingFilter - >>> Incoming Request: [GET] /api/v1/account 200 | Trace-ID: 70b8cba1-7e8f-4f2f-9b7d-3853257fd635 | Query: null
2026-03-26 11:53:45 [http-nio-8085-exec-9] DEBUG o.s.web.servlet.DispatcherServlet - GET "/api/v1/account", parameters={}
2026-03-26 11:53:45 [http-nio-8085-exec-9] DEBUG o.s.w.s.m.m.a.RequestMappingHandlerMapping - Mapped to com.kojo.stack.api.controller.AccountController#getCurrentUser(Authentication)
2026-03-26 11:53:45 [http-nio-8085-exec-9] INFO  c.kojo.stack.service.AccountService - Fetching user login by login: kojo
2026-03-26 11:53:45 [http-nio-8085-exec-9] DEBUG o.s.d.m.r.query.MongoQueryCreator - Created query Query: { "login" : "kojo"}, Fields: {}, Sort: {}
2026-03-26 11:53:45 [http-nio-8085-exec-9] DEBUG o.s.data.mongodb.core.MongoTemplate - find using query: { "login" : "kojo"} fields: Document{{}} for class: class com.kojo.stack.domain.model.Account in collection: user_logins
2026-03-26 11:53:45 [http-nio-8085-exec-9] DEBUG o.s.w.s.m.m.a.HttpEntityMethodProcessor - Using 'application/json', given [application/json, text/plain, */*] and supported [application/json, application/*+json]
2026-03-26 11:53:45 [http-nio-8085-exec-9] DEBUG o.s.w.s.m.m.a.HttpEntityMethodProcessor - Writing [AccountDTO(id=69c474967b33c079208cd8f3, login=kojo, email=kojo@jojoaddison.net, password=$2a$10$gyNJ (truncated)...]
2026-03-26 11:53:45 [http-nio-8085-exec-9] DEBUG o.s.web.servlet.DispatcherServlet - Completed 200 OK
2026-03-26 11:53:45 [http-nio-8085-exec-9] INFO  c.k.s.config.RequestLoggingFilter - <<< Response: [GET] /api/v1/account | Status: 200 | Duration: 41ms | Trace-ID: 70b8cba1-7e8f-4f2f-9b7d-3853257fd635
2026-03-26 11:55:34 [http-nio-8085-exec-10] DEBUG i.o.a.t.p.W3CTraceContextPropagator - Unparseable traceparent header. Returning INVALID span context.
2026-03-26 11:55:34 [http-nio-8085-exec-10] DEBUG o.s.security.web.FilterChainProxy - Securing GET /api/v1/profiles
2026-03-26 11:55:34 [http-nio-8085-exec-10] DEBUG c.k.s.s.JwtAuthenticationFilter - Set authentication for user: kojo
2026-03-26 11:55:34 [http-nio-8085-exec-10] DEBUG o.s.security.web.FilterChainProxy - Secured GET /api/v1/profiles
2026-03-26 11:55:34 [http-nio-8085-exec-10] INFO  c.k.s.config.RequestLoggingFilter - >>> Incoming Request: [GET] /api/v1/profiles 200 | Trace-ID: 1e07be1a-eeaa-4502-9de4-3346d476cf62 | Query: null
2026-03-26 11:55:34 [http-nio-8085-exec-10] DEBUG o.s.web.servlet.DispatcherServlet - GET "/api/v1/profiles", parameters={}
2026-03-26 11:55:34 [http-nio-8085-exec-10] DEBUG o.s.w.s.m.m.a.RequestMappingHandlerMapping - Mapped to com.kojo.stack.api.controller.ProfileController#getAll()
2026-03-26 11:55:34 [http-nio-8085-exec-10] DEBUG o.s.w.s.m.m.a.HttpEntityMethodProcessor - Using 'application/json', given [application/json, text/plain, */*] and supported [application/json, application/*+json]
2026-03-26 11:55:34 [http-nio-8085-exec-10] DEBUG o.s.w.s.m.m.a.HttpEntityMethodProcessor - Writing [[]]
2026-03-26 11:55:34 [http-nio-8085-exec-10] DEBUG o.s.web.servlet.DispatcherServlet - Completed 200 OK
2026-03-26 11:55:34 [http-nio-8085-exec-10] INFO  c.k.s.config.RequestLoggingFilter - <<< Response: [GET] /api/v1/profiles | Status: 200 | Duration: 12ms | Trace-ID: 1e07be1a-eeaa-4502-9de4-3346d476cf62
2026-03-26 11:55:34 [http-nio-8085-exec-8] DEBUG i.o.a.t.p.W3CTraceContextPropagator - Unparseable traceparent header. Returning INVALID span context.
2026-03-26 11:55:34 [http-nio-8085-exec-8] DEBUG o.s.security.web.FilterChainProxy - Securing GET /api/v1/profiles
2026-03-26 11:55:34 [http-nio-8085-exec-8] DEBUG c.k.s.s.JwtAuthenticationFilter - Set authentication for user: kojo
2026-03-26 11:55:34 [http-nio-8085-exec-8] DEBUG o.s.security.web.FilterChainProxy - Secured GET /api/v1/profiles
2026-03-26 11:55:34 [http-nio-8085-exec-8] INFO  c.k.s.config.RequestLoggingFilter - >>> Incoming Request: [GET] /api/v1/profiles 200 | Trace-ID: 5f8492a3-a1c0-4d6c-9959-94d985f1d75b | Query: null
2026-03-26 11:55:34 [http-nio-8085-exec-8] DEBUG o.s.web.servlet.DispatcherServlet - GET "/api/v1/profiles", parameters={}
2026-03-26 11:55:34 [http-nio-8085-exec-8] DEBUG o.s.w.s.m.m.a.RequestMappingHandlerMapping - Mapped to com.kojo.stack.api.controller.ProfileController#getAll()
2026-03-26 11:55:34 [http-nio-8085-exec-6] DEBUG i.o.a.t.p.W3CTraceContextPropagator - Unparseable traceparent header. Returning INVALID span context.
2026-03-26 11:55:34 [http-nio-8085-exec-6] DEBUG o.s.security.web.FilterChainProxy - Securing GET /api/v1/account
2026-03-26 11:55:34 [http-nio-8085-exec-8] DEBUG o.s.w.s.m.m.a.HttpEntityMethodProcessor - Using 'application/json', given [application/json, text/plain, */*] and supported [application/json, application/*+json]
2026-03-26 11:55:34 [http-nio-8085-exec-8] DEBUG o.s.w.s.m.m.a.HttpEntityMethodProcessor - Writing [[]]
2026-03-26 11:55:34 [http-nio-8085-exec-8] DEBUG o.s.web.servlet.DispatcherServlet - Completed 200 OK
2026-03-26 11:55:34 [http-nio-8085-exec-8] INFO  c.k.s.config.RequestLoggingFilter - <<< Response: [GET] /api/v1/profiles | Status: 200 | Duration: 24ms | Trace-ID: 5f8492a3-a1c0-4d6c-9959-94d985f1d75b
2026-03-26 11:55:34 [http-nio-8085-exec-6] DEBUG c.k.s.s.JwtAuthenticationFilter - Set authentication for user: kojo
2026-03-26 11:55:34 [http-nio-8085-exec-6] DEBUG o.s.security.web.FilterChainProxy - Secured GET /api/v1/account
2026-03-26 11:55:34 [http-nio-8085-exec-6] INFO  c.k.s.config.RequestLoggingFilter - >>> Incoming Request: [GET] /api/v1/account 200 | Trace-ID: b6af5156-0648-40c2-a5cf-88183b0e5959 | Query: null
2026-03-26 11:55:34 [http-nio-8085-exec-6] DEBUG o.s.web.servlet.DispatcherServlet - GET "/api/v1/account", parameters={}
2026-03-26 11:55:34 [http-nio-8085-exec-6] DEBUG o.s.w.s.m.m.a.RequestMappingHandlerMapping - Mapped to com.kojo.stack.api.controller.AccountController#getCurrentUser(Authentication)
2026-03-26 11:55:34 [http-nio-8085-exec-6] INFO  c.kojo.stack.service.AccountService - Fetching user login by login: kojo
2026-03-26 11:55:34 [http-nio-8085-exec-6] DEBUG o.s.d.m.r.query.MongoQueryCreator - Created query Query: { "login" : "kojo"}, Fields: {}, Sort: {}
2026-03-26 11:55:34 [http-nio-8085-exec-6] DEBUG o.s.data.mongodb.core.MongoTemplate - find using query: { "login" : "kojo"} fields: Document{{}} for class: class com.kojo.stack.domain.model.Account in collection: user_logins
2026-03-26 11:55:34 [http-nio-8085-exec-6] DEBUG o.s.w.s.m.m.a.HttpEntityMethodProcessor - Using 'application/json', given [application/json, text/plain, */*] and supported [application/json, application/*+json]
2026-03-26 11:55:34 [http-nio-8085-exec-6] DEBUG o.s.w.s.m.m.a.HttpEntityMethodProcessor - Writing [AccountDTO(id=69c474967b33c079208cd8f3, login=kojo, email=kojo@jojoaddison.net, password=$2a$10$gyNJ (truncated)...]
2026-03-26 11:55:34 [http-nio-8085-exec-6] DEBUG o.s.web.servlet.DispatcherServlet - Completed 200 OK
2026-03-26 11:55:34 [http-nio-8085-exec-6] INFO  c.k.s.config.RequestLoggingFilter - <<< Response: [GET] /api/v1/account | Status: 200 | Duration: 48ms | Trace-ID: b6af5156-0648-40c2-a5cf-88183b0e5959
2026-03-26 11:57:03 [http-nio-8085-exec-9] DEBUG i.o.a.t.p.W3CTraceContextPropagator - Unparseable traceparent header. Returning INVALID span context.
2026-03-26 11:57:03 [http-nio-8085-exec-9] DEBUG o.s.security.web.FilterChainProxy - Securing GET /api/v1/profiles
2026-03-26 11:57:03 [http-nio-8085-exec-9] DEBUG c.k.s.s.JwtAuthenticationFilter - Set authentication for user: kojo
2026-03-26 11:57:03 [http-nio-8085-exec-9] DEBUG o.s.security.web.FilterChainProxy - Secured GET /api/v1/profiles
2026-03-26 11:57:03 [http-nio-8085-exec-9] INFO  c.k.s.config.RequestLoggingFilter - >>> Incoming Request: [GET] /api/v1/profiles 200 | Trace-ID: 284d2ed7-57f4-4c33-93a1-41d36edaa5c2 | Query: null
2026-03-26 11:57:03 [http-nio-8085-exec-9] DEBUG o.s.web.servlet.DispatcherServlet - GET "/api/v1/profiles", parameters={}
2026-03-26 11:57:03 [http-nio-8085-exec-9] DEBUG o.s.w.s.m.m.a.RequestMappingHandlerMapping - Mapped to com.kojo.stack.api.controller.ProfileController#getAll()
2026-03-26 11:57:03 [http-nio-8085-exec-9] DEBUG o.s.w.s.m.m.a.HttpEntityMethodProcessor - Using 'application/json', given [application/json, text/plain, */*] and supported [application/json, application/*+json]
2026-03-26 11:57:03 [http-nio-8085-exec-9] DEBUG o.s.w.s.m.m.a.HttpEntityMethodProcessor - Writing [[]]
2026-03-26 11:57:03 [http-nio-8085-exec-9] DEBUG o.s.web.servlet.DispatcherServlet - Completed 200 OK
2026-03-26 11:57:03 [http-nio-8085-exec-9] INFO  c.k.s.config.RequestLoggingFilter - <<< Response: [GET] /api/v1/profiles | Status: 200 | Duration: 28ms | Trace-ID: 284d2ed7-57f4-4c33-93a1-41d36edaa5c2
2026-03-26 11:57:03 [http-nio-8085-exec-1] DEBUG i.o.a.t.p.W3CTraceContextPropagator - Unparseable traceparent header. Returning INVALID span context.
2026-03-26 11:57:03 [http-nio-8085-exec-1] DEBUG o.s.security.web.FilterChainProxy - Securing GET /api/v1/profiles
2026-03-26 11:57:03 [http-nio-8085-exec-1] DEBUG c.k.s.s.JwtAuthenticationFilter - Set authentication for user: kojo
2026-03-26 11:57:03 [http-nio-8085-exec-5] DEBUG i.o.a.t.p.W3CTraceContextPropagator - Unparseable traceparent header. Returning INVALID span context.
2026-03-26 11:57:03 [http-nio-8085-exec-5] DEBUG o.s.security.web.FilterChainProxy - Securing GET /api/v1/account
2026-03-26 11:57:03 [http-nio-8085-exec-1] DEBUG o.s.security.web.FilterChainProxy - Secured GET /api/v1/profiles
2026-03-26 11:57:03 [http-nio-8085-exec-1] INFO  c.k.s.config.RequestLoggingFilter - >>> Incoming Request: [GET] /api/v1/profiles 200 | Trace-ID: fcd5fba4-f1ad-4497-aff3-3170a316db3d | Query: null
2026-03-26 11:57:03 [http-nio-8085-exec-1] DEBUG o.s.web.servlet.DispatcherServlet - GET "/api/v1/profiles", parameters={}
2026-03-26 11:57:03 [http-nio-8085-exec-1] DEBUG o.s.w.s.m.m.a.RequestMappingHandlerMapping - Mapped to com.kojo.stack.api.controller.ProfileController#getAll()
2026-03-26 11:57:03 [http-nio-8085-exec-5] DEBUG c.k.s.s.JwtAuthenticationFilter - Set authentication for user: kojo
2026-03-26 11:57:03 [http-nio-8085-exec-1] DEBUG o.s.w.s.m.m.a.HttpEntityMethodProcessor - Using 'application/json', given [application/json, text/plain, */*] and supported [application/json, application/*+json]
2026-03-26 11:57:03 [http-nio-8085-exec-1] DEBUG o.s.w.s.m.m.a.HttpEntityMethodProcessor - Writing [[]]
2026-03-26 11:57:03 [http-nio-8085-exec-5] DEBUG o.s.security.web.FilterChainProxy - Secured GET /api/v1/account
2026-03-26 11:57:03 [http-nio-8085-exec-1] DEBUG o.s.web.servlet.DispatcherServlet - Completed 200 OK
2026-03-26 11:57:03 [http-nio-8085-exec-1] INFO  c.k.s.config.RequestLoggingFilter - <<< Response: [GET] /api/v1/profiles | Status: 200 | Duration: 51ms | Trace-ID: fcd5fba4-f1ad-4497-aff3-3170a316db3d
2026-03-26 11:57:03 [http-nio-8085-exec-5] INFO  c.k.s.config.RequestLoggingFilter - >>> Incoming Request: [GET] /api/v1/account 200 | Trace-ID: 19151e03-359a-42b2-b4b5-1525085a438b | Query: null
2026-03-26 11:57:03 [http-nio-8085-exec-5] DEBUG o.s.web.servlet.DispatcherServlet - GET "/api/v1/account", parameters={}
2026-03-26 11:57:03 [http-nio-8085-exec-5] DEBUG o.s.w.s.m.m.a.RequestMappingHandlerMapping - Mapped to com.kojo.stack.api.controller.AccountController#getCurrentUser(Authentication)
2026-03-26 11:57:03 [http-nio-8085-exec-5] INFO  c.kojo.stack.service.AccountService - Fetching user login by login: kojo
2026-03-26 11:57:03 [http-nio-8085-exec-5] DEBUG o.s.d.m.r.query.MongoQueryCreator - Created query Query: { "login" : "kojo"}, Fields: {}, Sort: {}
2026-03-26 11:57:03 [http-nio-8085-exec-5] DEBUG o.s.data.mongodb.core.MongoTemplate - find using query: { "login" : "kojo"} fields: Document{{}} for class: class com.kojo.stack.domain.model.Account in collection: user_logins
2026-03-26 11:57:03 [http-nio-8085-exec-5] DEBUG o.s.w.s.m.m.a.HttpEntityMethodProcessor - Using 'application/json', given [application/json, text/plain, */*] and supported [application/json, application/*+json]
2026-03-26 11:57:03 [http-nio-8085-exec-5] DEBUG o.s.w.s.m.m.a.HttpEntityMethodProcessor - Writing [AccountDTO(id=69c474967b33c079208cd8f3, login=kojo, email=kojo@jojoaddison.net, password=$2a$10$gyNJ (truncated)...]
2026-03-26 11:57:03 [http-nio-8085-exec-5] DEBUG o.s.web.servlet.DispatcherServlet - Completed 200 OK
2026-03-26 11:57:03 [http-nio-8085-exec-5] INFO  c.k.s.config.RequestLoggingFilter - <<< Response: [GET] /api/v1/account | Status: 200 | Duration: 43ms | Trace-ID: 19151e03-359a-42b2-b4b5-1525085a438b
2026-03-26 11:57:07 [http-nio-8085-exec-2] DEBUG i.o.a.t.p.W3CTraceContextPropagator - Unparseable traceparent header. Returning INVALID span context.
2026-03-26 11:57:07 [http-nio-8085-exec-2] DEBUG o.s.security.web.FilterChainProxy - Securing GET /api/v1/profiles
2026-03-26 11:57:07 [http-nio-8085-exec-2] DEBUG c.k.s.s.JwtAuthenticationFilter - Set authentication for user: kojo
2026-03-26 11:57:07 [http-nio-8085-exec-2] DEBUG o.s.security.web.FilterChainProxy - Secured GET /api/v1/profiles
2026-03-26 11:57:07 [http-nio-8085-exec-2] INFO  c.k.s.config.RequestLoggingFilter - >>> Incoming Request: [GET] /api/v1/profiles 200 | Trace-ID: 8f3a5d10-1d76-44b7-b6e9-56b2b21a9f49 | Query: null
2026-03-26 11:57:07 [http-nio-8085-exec-2] DEBUG o.s.web.servlet.DispatcherServlet - GET "/api/v1/profiles", parameters={}
2026-03-26 11:57:07 [http-nio-8085-exec-2] DEBUG o.s.w.s.m.m.a.RequestMappingHandlerMapping - Mapped to com.kojo.stack.api.controller.ProfileController#getAll()
2026-03-26 11:57:07 [http-nio-8085-exec-2] DEBUG o.s.w.s.m.m.a.HttpEntityMethodProcessor - Using 'application/json', given [application/json, text/plain, */*] and supported [application/json, application/*+json]
2026-03-26 11:57:07 [http-nio-8085-exec-2] DEBUG o.s.w.s.m.m.a.HttpEntityMethodProcessor - Writing [[]]
2026-03-26 11:57:07 [http-nio-8085-exec-2] DEBUG o.s.web.servlet.DispatcherServlet - Completed 200 OK
2026-03-26 11:57:07 [http-nio-8085-exec-2] INFO  c.k.s.config.RequestLoggingFilter - <<< Response: [GET] /api/v1/profiles | Status: 200 | Duration: 13ms | Trace-ID: 8f3a5d10-1d76-44b7-b6e9-56b2b21a9f49
2026-03-26 11:57:07 [http-nio-8085-exec-2] DEBUG i.o.a.t.p.W3CTraceContextPropagator - Unparseable traceparent header. Returning INVALID span context.
2026-03-26 11:57:07 [http-nio-8085-exec-2] DEBUG o.s.security.web.FilterChainProxy - Securing GET /api/v1/profiles
2026-03-26 11:57:07 [http-nio-8085-exec-2] DEBUG c.k.s.s.JwtAuthenticationFilter - Set authentication for user: kojo
2026-03-26 11:57:07 [http-nio-8085-exec-2] DEBUG o.s.security.web.FilterChainProxy - Secured GET /api/v1/profiles
2026-03-26 11:57:07 [http-nio-8085-exec-2] INFO  c.k.s.config.RequestLoggingFilter - >>> Incoming Request: [GET] /api/v1/profiles 200 | Trace-ID: 5025f776-328e-489a-ac54-2c188e596f41 | Query: null
2026-03-26 11:57:07 [http-nio-8085-exec-2] DEBUG o.s.web.servlet.DispatcherServlet - GET "/api/v1/profiles", parameters={}
2026-03-26 11:57:07 [http-nio-8085-exec-2] DEBUG o.s.w.s.m.m.a.RequestMappingHandlerMapping - Mapped to com.kojo.stack.api.controller.ProfileController#getAll()
2026-03-26 11:57:07 [http-nio-8085-exec-2] DEBUG o.s.w.s.m.m.a.HttpEntityMethodProcessor - Using 'application/json', given [application/json, text/plain, */*] and supported [application/json, application/*+json]
2026-03-26 11:57:07 [http-nio-8085-exec-2] DEBUG o.s.w.s.m.m.a.HttpEntityMethodProcessor - Writing [[]]
2026-03-26 11:57:07 [http-nio-8085-exec-2] DEBUG o.s.web.servlet.DispatcherServlet - Completed 200 OK
2026-03-26 11:57:07 [http-nio-8085-exec-2] INFO  c.k.s.config.RequestLoggingFilter - <<< Response: [GET] /api/v1/profiles | Status: 200 | Duration: 34ms | Trace-ID: 5025f776-328e-489a-ac54-2c188e596f41
2026-03-26 11:57:07 [http-nio-8085-exec-8] DEBUG i.o.a.t.p.W3CTraceContextPropagator - Unparseable traceparent header. Returning INVALID span context.
2026-03-26 11:57:07 [http-nio-8085-exec-8] DEBUG o.s.security.web.FilterChainProxy - Securing GET /api/v1/account
2026-03-26 11:57:07 [http-nio-8085-exec-8] DEBUG c.k.s.s.JwtAuthenticationFilter - Set authentication for user: kojo
2026-03-26 11:57:07 [http-nio-8085-exec-8] DEBUG o.s.security.web.FilterChainProxy - Secured GET /api/v1/account
2026-03-26 11:57:07 [http-nio-8085-exec-8] INFO  c.k.s.config.RequestLoggingFilter - >>> Incoming Request: [GET] /api/v1/account 200 | Trace-ID: 86a314f3-9274-4de0-bf9c-a6f2a7aefb3f | Query: null
2026-03-26 11:57:07 [http-nio-8085-exec-8] DEBUG o.s.web.servlet.DispatcherServlet - GET "/api/v1/account", parameters={}
2026-03-26 11:57:07 [http-nio-8085-exec-8] DEBUG o.s.w.s.m.m.a.RequestMappingHandlerMapping - Mapped to com.kojo.stack.api.controller.AccountController#getCurrentUser(Authentication)
2026-03-26 11:57:07 [http-nio-8085-exec-8] INFO  c.kojo.stack.service.AccountService - Fetching user login by login: kojo
2026-03-26 11:57:07 [http-nio-8085-exec-8] DEBUG o.s.d.m.r.query.MongoQueryCreator - Created query Query: { "login" : "kojo"}, Fields: {}, Sort: {}
2026-03-26 11:57:07 [http-nio-8085-exec-8] DEBUG o.s.data.mongodb.core.MongoTemplate - find using query: { "login" : "kojo"} fields: Document{{}} for class: class com.kojo.stack.domain.model.Account in collection: user_logins
2026-03-26 11:57:07 [http-nio-8085-exec-8] DEBUG o.s.w.s.m.m.a.HttpEntityMethodProcessor - Using 'application/json', given [application/json, text/plain, */*] and supported [application/json, application/*+json]
2026-03-26 11:57:07 [http-nio-8085-exec-8] DEBUG o.s.w.s.m.m.a.HttpEntityMethodProcessor - Writing [AccountDTO(id=69c474967b33c079208cd8f3, login=kojo, email=kojo@jojoaddison.net, password=$2a$10$gyNJ (truncated)...]
2026-03-26 11:57:07 [http-nio-8085-exec-8] DEBUG o.s.web.servlet.DispatcherServlet - Completed 200 OK
2026-03-26 11:57:07 [http-nio-8085-exec-8] INFO  c.k.s.config.RequestLoggingFilter - <<< Response: [GET] /api/v1/account | Status: 200 | Duration: 85ms | Trace-ID: 86a314f3-9274-4de0-bf9c-a6f2a7aefb3f
2026-03-26 11:57:11 [http-nio-8085-exec-6] DEBUG i.o.a.t.p.W3CTraceContextPropagator - Unparseable traceparent header. Returning INVALID span context.
2026-03-26 11:57:11 [http-nio-8085-exec-6] DEBUG o.s.security.web.FilterChainProxy - Securing GET /api/v1/profiles
2026-03-26 11:57:11 [http-nio-8085-exec-6] DEBUG c.k.s.s.JwtAuthenticationFilter - Set authentication for user: kojo
2026-03-26 11:57:11 [http-nio-8085-exec-6] DEBUG o.s.security.web.FilterChainProxy - Secured GET /api/v1/profiles
2026-03-26 11:57:11 [http-nio-8085-exec-6] INFO  c.k.s.config.RequestLoggingFilter - >>> Incoming Request: [GET] /api/v1/profiles 200 | Trace-ID: eb1ed83c-54c7-43e3-90f0-342e26f3db52 | Query: null
2026-03-26 11:57:11 [http-nio-8085-exec-6] DEBUG o.s.web.servlet.DispatcherServlet - GET "/api/v1/profiles", parameters={}
2026-03-26 11:57:11 [http-nio-8085-exec-6] DEBUG o.s.w.s.m.m.a.RequestMappingHandlerMapping - Mapped to com.kojo.stack.api.controller.ProfileController#getAll()
2026-03-26 11:57:11 [http-nio-8085-exec-6] DEBUG o.s.w.s.m.m.a.HttpEntityMethodProcessor - Using 'application/json', given [application/json, text/plain, */*] and supported [application/json, application/*+json]
2026-03-26 11:57:11 [http-nio-8085-exec-6] DEBUG o.s.w.s.m.m.a.HttpEntityMethodProcessor - Writing [[]]
2026-03-26 11:57:11 [http-nio-8085-exec-6] DEBUG o.s.web.servlet.DispatcherServlet - Completed 200 OK
2026-03-26 11:57:11 [http-nio-8085-exec-6] INFO  c.k.s.config.RequestLoggingFilter - <<< Response: [GET] /api/v1/profiles | Status: 200 | Duration: 9ms | Trace-ID: eb1ed83c-54c7-43e3-90f0-342e26f3db52
2026-03-26 11:57:11 [http-nio-8085-exec-4] DEBUG i.o.a.t.p.W3CTraceContextPropagator - Unparseable traceparent header. Returning INVALID span context.
2026-03-26 11:57:11 [http-nio-8085-exec-4] DEBUG o.s.security.web.FilterChainProxy - Securing GET /api/v1/profiles
2026-03-26 11:57:11 [http-nio-8085-exec-4] DEBUG c.k.s.s.JwtAuthenticationFilter - Set authentication for user: kojo
2026-03-26 11:57:11 [http-nio-8085-exec-3] DEBUG i.o.a.t.p.W3CTraceContextPropagator - Unparseable traceparent header. Returning INVALID span context.
2026-03-26 11:57:11 [http-nio-8085-exec-3] DEBUG o.s.security.web.FilterChainProxy - Securing GET /api/v1/account
2026-03-26 11:57:11 [http-nio-8085-exec-4] DEBUG o.s.security.web.FilterChainProxy - Secured GET /api/v1/profiles
2026-03-26 11:57:11 [http-nio-8085-exec-4] INFO  c.k.s.config.RequestLoggingFilter - >>> Incoming Request: [GET] /api/v1/profiles 200 | Trace-ID: b8e4c20c-3e18-40db-ad21-f46e411f1ad6 | Query: null
2026-03-26 11:57:11 [http-nio-8085-exec-4] DEBUG o.s.web.servlet.DispatcherServlet - GET "/api/v1/profiles", parameters={}
2026-03-26 11:57:11 [http-nio-8085-exec-4] DEBUG o.s.w.s.m.m.a.RequestMappingHandlerMapping - Mapped to com.kojo.stack.api.controller.ProfileController#getAll()
2026-03-26 11:57:11 [http-nio-8085-exec-4] DEBUG o.s.w.s.m.m.a.HttpEntityMethodProcessor - Using 'application/json', given [application/json, text/plain, */*] and supported [application/json, application/*+json]
2026-03-26 11:57:11 [http-nio-8085-exec-4] DEBUG o.s.w.s.m.m.a.HttpEntityMethodProcessor - Writing [[]]
2026-03-26 11:57:11 [http-nio-8085-exec-3] DEBUG c.k.s.s.JwtAuthenticationFilter - Set authentication for user: kojo
2026-03-26 11:57:11 [http-nio-8085-exec-4] DEBUG o.s.web.servlet.DispatcherServlet - Completed 200 OK
2026-03-26 11:57:11 [http-nio-8085-exec-4] INFO  c.k.s.config.RequestLoggingFilter - <<< Response: [GET] /api/v1/profiles | Status: 200 | Duration: 22ms | Trace-ID: b8e4c20c-3e18-40db-ad21-f46e411f1ad6
2026-03-26 11:57:11 [http-nio-8085-exec-3] DEBUG o.s.security.web.FilterChainProxy - Secured GET /api/v1/account
2026-03-26 11:57:11 [http-nio-8085-exec-3] INFO  c.k.s.config.RequestLoggingFilter - >>> Incoming Request: [GET] /api/v1/account 200 | Trace-ID: e2e34c42-0d7d-47cc-8cf0-2e125d2ffda6 | Query: null
2026-03-26 11:57:11 [http-nio-8085-exec-3] DEBUG o.s.web.servlet.DispatcherServlet - GET "/api/v1/account", parameters={}
2026-03-26 11:57:11 [http-nio-8085-exec-3] DEBUG o.s.w.s.m.m.a.RequestMappingHandlerMapping - Mapped to com.kojo.stack.api.controller.AccountController#getCurrentUser(Authentication)
2026-03-26 11:57:11 [http-nio-8085-exec-3] INFO  c.kojo.stack.service.AccountService - Fetching user login by login: kojo
2026-03-26 11:57:11 [http-nio-8085-exec-3] DEBUG o.s.d.m.r.query.MongoQueryCreator - Created query Query: { "login" : "kojo"}, Fields: {}, Sort: {}
2026-03-26 11:57:11 [http-nio-8085-exec-3] DEBUG o.s.data.mongodb.core.MongoTemplate - find using query: { "login" : "kojo"} fields: Document{{}} for class: class com.kojo.stack.domain.model.Account in collection: user_logins
2026-03-26 11:57:11 [http-nio-8085-exec-3] DEBUG o.s.w.s.m.m.a.HttpEntityMethodProcessor - Using 'application/json', given [application/json, text/plain, */*] and supported [application/json, application/*+json]
2026-03-26 11:57:11 [http-nio-8085-exec-3] DEBUG o.s.w.s.m.m.a.HttpEntityMethodProcessor - Writing [AccountDTO(id=69c474967b33c079208cd8f3, login=kojo, email=kojo@jojoaddison.net, password=$2a$10$gyNJ (truncated)...]
2026-03-26 11:57:11 [http-nio-8085-exec-3] DEBUG o.s.web.servlet.DispatcherServlet - Completed 200 OK
2026-03-26 11:57:11 [http-nio-8085-exec-3] INFO  c.k.s.config.RequestLoggingFilter - <<< Response: [GET] /api/v1/account | Status: 200 | Duration: 59ms | Trace-ID: e2e34c42-0d7d-47cc-8cf0-2e125d2ffda6
2026-03-26 11:57:13 [http-nio-8085-exec-7] DEBUG i.o.a.t.p.W3CTraceContextPropagator - Unparseable traceparent header. Returning INVALID span context.
2026-03-26 11:57:13 [http-nio-8085-exec-7] DEBUG o.s.security.web.FilterChainProxy - Securing GET /api/v1/profiles
2026-03-26 11:57:13 [http-nio-8085-exec-7] DEBUG c.k.s.s.JwtAuthenticationFilter - Set authentication for user: kojo
2026-03-26 11:57:13 [http-nio-8085-exec-7] DEBUG o.s.security.web.FilterChainProxy - Secured GET /api/v1/profiles
2026-03-26 11:57:13 [http-nio-8085-exec-7] INFO  c.k.s.config.RequestLoggingFilter - >>> Incoming Request: [GET] /api/v1/profiles 200 | Trace-ID: 57c59555-f259-4d21-be14-4fbf1888315b | Query: null
2026-03-26 11:57:13 [http-nio-8085-exec-7] DEBUG o.s.web.servlet.DispatcherServlet - GET "/api/v1/profiles", parameters={}
2026-03-26 11:57:13 [http-nio-8085-exec-7] DEBUG o.s.w.s.m.m.a.RequestMappingHandlerMapping - Mapped to com.kojo.stack.api.controller.ProfileController#getAll()
2026-03-26 11:57:13 [http-nio-8085-exec-7] DEBUG o.s.w.s.m.m.a.HttpEntityMethodProcessor - Using 'application/json', given [application/json, text/plain, */*] and supported [application/json, application/*+json]
2026-03-26 11:57:13 [http-nio-8085-exec-7] DEBUG o.s.w.s.m.m.a.HttpEntityMethodProcessor - Writing [[]]
2026-03-26 11:57:13 [http-nio-8085-exec-7] DEBUG o.s.web.servlet.DispatcherServlet - Completed 200 OK
2026-03-26 11:57:13 [http-nio-8085-exec-7] INFO  c.k.s.config.RequestLoggingFilter - <<< Response: [GET] /api/v1/profiles | Status: 200 | Duration: 28ms | Trace-ID: 57c59555-f259-4d21-be14-4fbf1888315b
2026-03-26 11:57:13 [http-nio-8085-exec-7] DEBUG i.o.a.t.p.W3CTraceContextPropagator - Unparseable traceparent header. Returning INVALID span context.
2026-03-26 11:57:13 [http-nio-8085-exec-7] DEBUG o.s.security.web.FilterChainProxy - Securing GET /api/v1/profiles
2026-03-26 11:57:13 [http-nio-8085-exec-7] DEBUG c.k.s.s.JwtAuthenticationFilter - Set authentication for user: kojo
2026-03-26 11:57:13 [http-nio-8085-exec-7] DEBUG o.s.security.web.FilterChainProxy - Secured GET /api/v1/profiles
2026-03-26 11:57:13 [http-nio-8085-exec-7] INFO  c.k.s.config.RequestLoggingFilter - >>> Incoming Request: [GET] /api/v1/profiles 200 | Trace-ID: 2098636c-d683-46fb-8b9e-d4390197c0db | Query: null
2026-03-26 11:57:13 [http-nio-8085-exec-7] DEBUG o.s.web.servlet.DispatcherServlet - GET "/api/v1/profiles", parameters={}
2026-03-26 11:57:13 [http-nio-8085-exec-7] DEBUG o.s.w.s.m.m.a.RequestMappingHandlerMapping - Mapped to com.kojo.stack.api.controller.ProfileController#getAll()
2026-03-26 11:57:13 [http-nio-8085-exec-7] DEBUG o.s.w.s.m.m.a.HttpEntityMethodProcessor - Using 'application/json', given [application/json, text/plain, */*] and supported [application/json, application/*+json]
2026-03-26 11:57:13 [http-nio-8085-exec-7] DEBUG o.s.w.s.m.m.a.HttpEntityMethodProcessor - Writing [[]]
2026-03-26 11:57:13 [http-nio-8085-exec-7] DEBUG o.s.web.servlet.DispatcherServlet - Completed 200 OK
2026-03-26 11:57:13 [http-nio-8085-exec-7] INFO  c.k.s.config.RequestLoggingFilter - <<< Response: [GET] /api/v1/profiles | Status: 200 | Duration: 39ms | Trace-ID: 2098636c-d683-46fb-8b9e-d4390197c0db
2026-03-26 11:57:13 [http-nio-8085-exec-1] DEBUG i.o.a.t.p.W3CTraceContextPropagator - Unparseable traceparent header. Returning INVALID span context.
2026-03-26 11:57:13 [http-nio-8085-exec-1] DEBUG o.s.security.web.FilterChainProxy - Securing GET /api/v1/account
2026-03-26 11:57:13 [http-nio-8085-exec-1] DEBUG c.k.s.s.JwtAuthenticationFilter - Set authentication for user: kojo
2026-03-26 11:57:13 [http-nio-8085-exec-1] DEBUG o.s.security.web.FilterChainProxy - Secured GET /api/v1/account
2026-03-26 11:57:13 [http-nio-8085-exec-1] INFO  c.k.s.config.RequestLoggingFilter - >>> Incoming Request: [GET] /api/v1/account 200 | Trace-ID: e065858e-678a-4185-958c-b0a2ca3e3fff | Query: null
2026-03-26 11:57:13 [http-nio-8085-exec-1] DEBUG o.s.web.servlet.DispatcherServlet - GET "/api/v1/account", parameters={}
2026-03-26 11:57:13 [http-nio-8085-exec-1] DEBUG o.s.w.s.m.m.a.RequestMappingHandlerMapping - Mapped to com.kojo.stack.api.controller.AccountController#getCurrentUser(Authentication)
2026-03-26 11:57:13 [http-nio-8085-exec-1] INFO  c.kojo.stack.service.AccountService - Fetching user login by login: kojo
2026-03-26 11:57:13 [http-nio-8085-exec-1] DEBUG o.s.d.m.r.query.MongoQueryCreator - Created query Query: { "login" : "kojo"}, Fields: {}, Sort: {}
2026-03-26 11:57:13 [http-nio-8085-exec-1] DEBUG o.s.data.mongodb.core.MongoTemplate - find using query: { "login" : "kojo"} fields: Document{{}} for class: class com.kojo.stack.domain.model.Account in collection: user_logins
2026-03-26 11:57:13 [http-nio-8085-exec-1] DEBUG o.s.w.s.m.m.a.HttpEntityMethodProcessor - Using 'application/json', given [application/json, text/plain, */*] and supported [application/json, application/*+json]
2026-03-26 11:57:13 [http-nio-8085-exec-1] DEBUG o.s.w.s.m.m.a.HttpEntityMethodProcessor - Writing [AccountDTO(id=69c474967b33c079208cd8f3, login=kojo, email=kojo@jojoaddison.net, password=$2a$10$gyNJ (truncated)...]
2026-03-26 11:57:13 [http-nio-8085-exec-1] DEBUG o.s.web.servlet.DispatcherServlet - Completed 200 OK
2026-03-26 11:57:13 [http-nio-8085-exec-1] INFO  c.k.s.config.RequestLoggingFilter - <<< Response: [GET] /api/v1/account | Status: 200 | Duration: 45ms | Trace-ID: e065858e-678a-4185-958c-b0a2ca3e3fff
2026-03-26 12:02:30 [http-nio-8085-exec-2] DEBUG i.o.a.t.p.W3CTraceContextPropagator - Unparseable traceparent header. Returning INVALID span context.
2026-03-26 12:02:30 [http-nio-8085-exec-2] DEBUG o.s.security.web.FilterChainProxy - Securing GET /api/v1/profiles
2026-03-26 12:02:30 [http-nio-8085-exec-2] DEBUG c.k.s.s.JwtAuthenticationFilter - Set authentication for user: kojo
2026-03-26 12:02:30 [http-nio-8085-exec-2] DEBUG o.s.security.web.FilterChainProxy - Secured GET /api/v1/profiles
2026-03-26 12:02:30 [http-nio-8085-exec-2] INFO  c.k.s.config.RequestLoggingFilter - >>> Incoming Request: [GET] /api/v1/profiles 200 | Trace-ID: 8ba3409f-97f0-4fae-a009-bcee32b84222 | Query: null
2026-03-26 12:02:30 [http-nio-8085-exec-2] DEBUG o.s.web.servlet.DispatcherServlet - GET "/api/v1/profiles", parameters={}
2026-03-26 12:02:30 [http-nio-8085-exec-2] DEBUG o.s.w.s.m.m.a.RequestMappingHandlerMapping - Mapped to com.kojo.stack.api.controller.ProfileController#getAll()
2026-03-26 12:02:30 [http-nio-8085-exec-2] DEBUG o.s.w.s.m.m.a.HttpEntityMethodProcessor - Using 'application/json', given [application/json, text/plain, */*] and supported [application/json, application/*+json]
2026-03-26 12:02:30 [http-nio-8085-exec-2] DEBUG o.s.w.s.m.m.a.HttpEntityMethodProcessor - Writing [[]]
2026-03-26 12:02:30 [http-nio-8085-exec-2] DEBUG o.s.web.servlet.DispatcherServlet - Completed 200 OK
2026-03-26 12:02:30 [http-nio-8085-exec-2] INFO  c.k.s.config.RequestLoggingFilter - <<< Response: [GET] /api/v1/profiles | Status: 200 | Duration: 21ms | Trace-ID: 8ba3409f-97f0-4fae-a009-bcee32b84222
2026-03-26 12:02:30 [http-nio-8085-exec-8] DEBUG i.o.a.t.p.W3CTraceContextPropagator - Unparseable traceparent header. Returning INVALID span context.
2026-03-26 12:02:30 [http-nio-8085-exec-8] DEBUG o.s.security.web.FilterChainProxy - Securing GET /api/v1/profiles
2026-03-26 12:02:30 [http-nio-8085-exec-8] DEBUG c.k.s.s.JwtAuthenticationFilter - Set authentication for user: kojo
2026-03-26 12:02:30 [http-nio-8085-exec-8] DEBUG o.s.security.web.FilterChainProxy - Secured GET /api/v1/profiles
2026-03-26 12:02:30 [http-nio-8085-exec-8] INFO  c.k.s.config.RequestLoggingFilter - >>> Incoming Request: [GET] /api/v1/profiles 200 | Trace-ID: d28c7eec-75af-466e-a345-cd9dd2391ec4 | Query: null
2026-03-26 12:02:30 [http-nio-8085-exec-8] DEBUG o.s.web.servlet.DispatcherServlet - GET "/api/v1/profiles", parameters={}
2026-03-26 12:02:30 [http-nio-8085-exec-8] DEBUG o.s.w.s.m.m.a.RequestMappingHandlerMapping - Mapped to com.kojo.stack.api.controller.ProfileController#getAll()
2026-03-26 12:02:30 [http-nio-8085-exec-8] DEBUG o.s.w.s.m.m.a.HttpEntityMethodProcessor - Using 'application/json', given [application/json, text/plain, */*] and supported [application/json, application/*+json]
2026-03-26 12:02:30 [http-nio-8085-exec-8] DEBUG o.s.w.s.m.m.a.HttpEntityMethodProcessor - Writing [[]]
2026-03-26 12:02:30 [http-nio-8085-exec-8] DEBUG o.s.web.servlet.DispatcherServlet - Completed 200 OK
2026-03-26 12:02:30 [http-nio-8085-exec-8] INFO  c.k.s.config.RequestLoggingFilter - <<< Response: [GET] /api/v1/profiles | Status: 200 | Duration: 9ms | Trace-ID: d28c7eec-75af-466e-a345-cd9dd2391ec4
2026-03-26 12:02:30 [http-nio-8085-exec-6] DEBUG i.o.a.t.p.W3CTraceContextPropagator - Unparseable traceparent header. Returning INVALID span context.
2026-03-26 12:02:30 [http-nio-8085-exec-6] DEBUG o.s.security.web.FilterChainProxy - Securing GET /api/v1/account
2026-03-26 12:02:30 [http-nio-8085-exec-6] DEBUG c.k.s.s.JwtAuthenticationFilter - Set authentication for user: kojo
2026-03-26 12:02:30 [http-nio-8085-exec-6] DEBUG o.s.security.web.FilterChainProxy - Secured GET /api/v1/account
2026-03-26 12:02:30 [http-nio-8085-exec-6] INFO  c.k.s.config.RequestLoggingFilter - >>> Incoming Request: [GET] /api/v1/account 200 | Trace-ID: a1f6537c-10e9-4b5a-9fea-16545871cc53 | Query: null
2026-03-26 12:02:30 [http-nio-8085-exec-6] DEBUG o.s.web.servlet.DispatcherServlet - GET "/api/v1/account", parameters={}
2026-03-26 12:02:30 [http-nio-8085-exec-6] DEBUG o.s.w.s.m.m.a.RequestMappingHandlerMapping - Mapped to com.kojo.stack.api.controller.AccountController#getCurrentUser(Authentication)
2026-03-26 12:02:30 [http-nio-8085-exec-6] INFO  c.kojo.stack.service.AccountService - Fetching user login by login: kojo
2026-03-26 12:02:30 [http-nio-8085-exec-6] DEBUG o.s.d.m.r.query.MongoQueryCreator - Created query Query: { "login" : "kojo"}, Fields: {}, Sort: {}
2026-03-26 12:02:30 [http-nio-8085-exec-6] DEBUG o.s.data.mongodb.core.MongoTemplate - find using query: { "login" : "kojo"} fields: Document{{}} for class: class com.kojo.stack.domain.model.Account in collection: user_logins
2026-03-26 12:02:30 [http-nio-8085-exec-6] DEBUG o.s.w.s.m.m.a.HttpEntityMethodProcessor - Using 'application/json', given [application/json, text/plain, */*] and supported [application/json, application/*+json]
2026-03-26 12:02:30 [http-nio-8085-exec-6] DEBUG o.s.w.s.m.m.a.HttpEntityMethodProcessor - Writing [AccountDTO(id=69c474967b33c079208cd8f3, login=kojo, email=kojo@jojoaddison.net, password=$2a$10$gyNJ (truncated)...]
2026-03-26 12:02:30 [http-nio-8085-exec-6] DEBUG o.s.web.servlet.DispatcherServlet - Completed 200 OK
2026-03-26 12:02:30 [http-nio-8085-exec-6] INFO  c.k.s.config.RequestLoggingFilter - <<< Response: [GET] /api/v1/account | Status: 200 | Duration: 52ms | Trace-ID: a1f6537c-10e9-4b5a-9fea-16545871cc53
2026-03-26 12:03:12 [http-nio-8085-exec-4] DEBUG i.o.a.t.p.W3CTraceContextPropagator - Unparseable traceparent header. Returning INVALID span context.
2026-03-26 12:03:12 [http-nio-8085-exec-4] DEBUG o.s.security.web.FilterChainProxy - Securing GET /api/v1/profiles
2026-03-26 12:03:12 [http-nio-8085-exec-4] DEBUG c.k.s.s.JwtAuthenticationFilter - Set authentication for user: kojo
2026-03-26 12:03:12 [http-nio-8085-exec-4] DEBUG o.s.security.web.FilterChainProxy - Secured GET /api/v1/profiles
2026-03-26 12:03:12 [http-nio-8085-exec-4] INFO  c.k.s.config.RequestLoggingFilter - >>> Incoming Request: [GET] /api/v1/profiles 200 | Trace-ID: 67fb70b2-a48e-406c-9c14-bd1279824b40 | Query: null
2026-03-26 12:03:12 [http-nio-8085-exec-4] DEBUG o.s.web.servlet.DispatcherServlet - GET "/api/v1/profiles", parameters={}
2026-03-26 12:03:12 [http-nio-8085-exec-4] DEBUG o.s.w.s.m.m.a.RequestMappingHandlerMapping - Mapped to com.kojo.stack.api.controller.ProfileController#getAll()
2026-03-26 12:03:12 [http-nio-8085-exec-4] DEBUG o.s.w.s.m.m.a.HttpEntityMethodProcessor - Using 'application/json', given [application/json, text/plain, */*] and supported [application/json, application/*+json]
2026-03-26 12:03:12 [http-nio-8085-exec-4] DEBUG o.s.w.s.m.m.a.HttpEntityMethodProcessor - Writing [[]]
2026-03-26 12:03:12 [http-nio-8085-exec-4] DEBUG o.s.web.servlet.DispatcherServlet - Completed 200 OK
2026-03-26 12:03:12 [http-nio-8085-exec-4] INFO  c.k.s.config.RequestLoggingFilter - <<< Response: [GET] /api/v1/profiles | Status: 200 | Duration: 25ms | Trace-ID: 67fb70b2-a48e-406c-9c14-bd1279824b40
2026-03-26 12:03:12 [http-nio-8085-exec-3] DEBUG i.o.a.t.p.W3CTraceContextPropagator - Unparseable traceparent header. Returning INVALID span context.
2026-03-26 12:03:12 [http-nio-8085-exec-3] DEBUG o.s.security.web.FilterChainProxy - Securing GET /api/v1/profiles
2026-03-26 12:03:12 [http-nio-8085-exec-3] DEBUG c.k.s.s.JwtAuthenticationFilter - Set authentication for user: kojo
2026-03-26 12:03:12 [http-nio-8085-exec-3] DEBUG o.s.security.web.FilterChainProxy - Secured GET /api/v1/profiles
2026-03-26 12:03:12 [http-nio-8085-exec-3] INFO  c.k.s.config.RequestLoggingFilter - >>> Incoming Request: [GET] /api/v1/profiles 200 | Trace-ID: 1bd9bd45-9dd5-47fd-9ead-b9cbbceb6414 | Query: null
2026-03-26 12:03:12 [http-nio-8085-exec-3] DEBUG o.s.web.servlet.DispatcherServlet - GET "/api/v1/profiles", parameters={}
2026-03-26 12:03:12 [http-nio-8085-exec-3] DEBUG o.s.w.s.m.m.a.RequestMappingHandlerMapping - Mapped to com.kojo.stack.api.controller.ProfileController#getAll()
2026-03-26 12:03:12 [http-nio-8085-exec-3] DEBUG o.s.w.s.m.m.a.HttpEntityMethodProcessor - Using 'application/json', given [application/json, text/plain, */*] and supported [application/json, application/*+json]
2026-03-26 12:03:12 [http-nio-8085-exec-3] DEBUG o.s.w.s.m.m.a.HttpEntityMethodProcessor - Writing [[]]
2026-03-26 12:03:12 [http-nio-8085-exec-3] DEBUG o.s.web.servlet.DispatcherServlet - Completed 200 OK
2026-03-26 12:03:12 [http-nio-8085-exec-3] INFO  c.k.s.config.RequestLoggingFilter - <<< Response: [GET] /api/v1/profiles | Status: 200 | Duration: 27ms | Trace-ID: 1bd9bd45-9dd5-47fd-9ead-b9cbbceb6414
2026-03-26 12:03:12 [http-nio-8085-exec-9] DEBUG i.o.a.t.p.W3CTraceContextPropagator - Unparseable traceparent header. Returning INVALID span context.
2026-03-26 12:03:12 [http-nio-8085-exec-9] DEBUG o.s.security.web.FilterChainProxy - Securing GET /api/v1/account
2026-03-26 12:03:12 [http-nio-8085-exec-9] DEBUG c.k.s.s.JwtAuthenticationFilter - Set authentication for user: kojo
2026-03-26 12:03:12 [http-nio-8085-exec-9] DEBUG o.s.security.web.FilterChainProxy - Secured GET /api/v1/account
2026-03-26 12:03:12 [http-nio-8085-exec-9] INFO  c.k.s.config.RequestLoggingFilter - >>> Incoming Request: [GET] /api/v1/account 200 | Trace-ID: 8ff809f6-37bd-4cfe-80fb-b2c10ba8232d | Query: null
2026-03-26 12:03:12 [http-nio-8085-exec-9] DEBUG o.s.web.servlet.DispatcherServlet - GET "/api/v1/account", parameters={}
2026-03-26 12:03:13 [http-nio-8085-exec-9] DEBUG o.s.w.s.m.m.a.RequestMappingHandlerMapping - Mapped to com.kojo.stack.api.controller.AccountController#getCurrentUser(Authentication)
2026-03-26 12:03:13 [http-nio-8085-exec-9] INFO  c.kojo.stack.service.AccountService - Fetching user login by login: kojo
2026-03-26 12:03:13 [http-nio-8085-exec-9] DEBUG o.s.d.m.r.query.MongoQueryCreator - Created query Query: { "login" : "kojo"}, Fields: {}, Sort: {}
2026-03-26 12:03:13 [http-nio-8085-exec-9] DEBUG o.s.data.mongodb.core.MongoTemplate - find using query: { "login" : "kojo"} fields: Document{{}} for class: class com.kojo.stack.domain.model.Account in collection: user_logins
2026-03-26 12:03:13 [http-nio-8085-exec-9] DEBUG o.s.w.s.m.m.a.HttpEntityMethodProcessor - Using 'application/json', given [application/json, text/plain, */*] and supported [application/json, application/*+json]
2026-03-26 12:03:13 [http-nio-8085-exec-9] DEBUG o.s.w.s.m.m.a.HttpEntityMethodProcessor - Writing [AccountDTO(id=69c474967b33c079208cd8f3, login=kojo, email=kojo@jojoaddison.net, password=$2a$10$gyNJ (truncated)...]
2026-03-26 12:03:13 [http-nio-8085-exec-9] DEBUG o.s.web.servlet.DispatcherServlet - Completed 200 OK
2026-03-26 12:03:13 [http-nio-8085-exec-9] INFO  c.k.s.config.RequestLoggingFilter - <<< Response: [GET] /api/v1/account | Status: 200 | Duration: 50ms | Trace-ID: 8ff809f6-37bd-4cfe-80fb-b2c10ba8232d
2026-03-26 12:03:27 [http-nio-8085-exec-7] DEBUG i.o.a.t.p.W3CTraceContextPropagator - Unparseable traceparent header. Returning INVALID span context.
2026-03-26 12:03:27 [http-nio-8085-exec-7] DEBUG o.s.security.web.FilterChainProxy - Securing GET /api/v1/profiles
2026-03-26 12:03:27 [http-nio-8085-exec-7] DEBUG c.k.s.s.JwtAuthenticationFilter - Set authentication for user: kojo
2026-03-26 12:03:27 [http-nio-8085-exec-7] DEBUG o.s.security.web.FilterChainProxy - Secured GET /api/v1/profiles
2026-03-26 12:03:27 [http-nio-8085-exec-7] INFO  c.k.s.config.RequestLoggingFilter - >>> Incoming Request: [GET] /api/v1/profiles 200 | Trace-ID: d9e3bb76-fa12-4107-82ce-36dfa23a0dec | Query: null
2026-03-26 12:03:27 [http-nio-8085-exec-7] DEBUG o.s.web.servlet.DispatcherServlet - GET "/api/v1/profiles", parameters={}
2026-03-26 12:03:27 [http-nio-8085-exec-7] DEBUG o.s.w.s.m.m.a.RequestMappingHandlerMapping - Mapped to com.kojo.stack.api.controller.ProfileController#getAll()
2026-03-26 12:03:27 [http-nio-8085-exec-7] DEBUG o.s.w.s.m.m.a.HttpEntityMethodProcessor - Using 'application/json', given [application/json, text/plain, */*] and supported [application/json, application/*+json]
2026-03-26 12:03:27 [http-nio-8085-exec-7] DEBUG o.s.w.s.m.m.a.HttpEntityMethodProcessor - Writing [[]]
2026-03-26 12:03:27 [http-nio-8085-exec-7] DEBUG o.s.web.servlet.DispatcherServlet - Completed 200 OK
2026-03-26 12:03:27 [http-nio-8085-exec-7] INFO  c.k.s.config.RequestLoggingFilter - <<< Response: [GET] /api/v1/profiles | Status: 200 | Duration: 20ms | Trace-ID: d9e3bb76-fa12-4107-82ce-36dfa23a0dec
2026-03-26 12:03:27 [http-nio-8085-exec-7] DEBUG i.o.a.t.p.W3CTraceContextPropagator - Unparseable traceparent header. Returning INVALID span context.
2026-03-26 12:03:27 [http-nio-8085-exec-7] DEBUG o.s.security.web.FilterChainProxy - Securing GET /api/v1/profiles
2026-03-26 12:03:27 [http-nio-8085-exec-7] DEBUG c.k.s.s.JwtAuthenticationFilter - Set authentication for user: kojo
2026-03-26 12:03:27 [http-nio-8085-exec-5] DEBUG i.o.a.t.p.W3CTraceContextPropagator - Unparseable traceparent header. Returning INVALID span context.
2026-03-26 12:03:27 [http-nio-8085-exec-5] DEBUG o.s.security.web.FilterChainProxy - Securing GET /api/v1/account
2026-03-26 12:03:27 [http-nio-8085-exec-7] DEBUG o.s.security.web.FilterChainProxy - Secured GET /api/v1/profiles
2026-03-26 12:03:27 [http-nio-8085-exec-7] INFO  c.k.s.config.RequestLoggingFilter - >>> Incoming Request: [GET] /api/v1/profiles 200 | Trace-ID: 073c91ec-cb62-4acc-866d-5d4d1a414ef0 | Query: null
2026-03-26 12:03:27 [http-nio-8085-exec-7] DEBUG o.s.web.servlet.DispatcherServlet - GET "/api/v1/profiles", parameters={}
2026-03-26 12:03:27 [http-nio-8085-exec-7] DEBUG o.s.w.s.m.m.a.RequestMappingHandlerMapping - Mapped to com.kojo.stack.api.controller.ProfileController#getAll()
2026-03-26 12:03:27 [http-nio-8085-exec-7] DEBUG o.s.w.s.m.m.a.HttpEntityMethodProcessor - Using 'application/json', given [application/json, text/plain, */*] and supported [application/json, application/*+json]
2026-03-26 12:03:27 [http-nio-8085-exec-7] DEBUG o.s.w.s.m.m.a.HttpEntityMethodProcessor - Writing [[]]
2026-03-26 12:03:27 [http-nio-8085-exec-5] DEBUG c.k.s.s.JwtAuthenticationFilter - Set authentication for user: kojo
2026-03-26 12:03:27 [http-nio-8085-exec-5] DEBUG o.s.security.web.FilterChainProxy - Secured GET /api/v1/account
2026-03-26 12:03:27 [http-nio-8085-exec-5] INFO  c.k.s.config.RequestLoggingFilter - >>> Incoming Request: [GET] /api/v1/account 200 | Trace-ID: 0864df64-ced1-4d84-bb59-466406cdf576 | Query: null
2026-03-26 12:03:27 [http-nio-8085-exec-5] DEBUG o.s.web.servlet.DispatcherServlet - GET "/api/v1/account", parameters={}
2026-03-26 12:03:27 [http-nio-8085-exec-5] DEBUG o.s.w.s.m.m.a.RequestMappingHandlerMapping - Mapped to com.kojo.stack.api.controller.AccountController#getCurrentUser(Authentication)
2026-03-26 12:03:27 [http-nio-8085-exec-7] DEBUG o.s.web.servlet.DispatcherServlet - Completed 200 OK
2026-03-26 12:03:27 [http-nio-8085-exec-7] INFO  c.k.s.config.RequestLoggingFilter - <<< Response: [GET] /api/v1/profiles | Status: 200 | Duration: 52ms | Trace-ID: 073c91ec-cb62-4acc-866d-5d4d1a414ef0
2026-03-26 12:03:27 [http-nio-8085-exec-5] INFO  c.kojo.stack.service.AccountService - Fetching user login by login: kojo
2026-03-26 12:03:27 [http-nio-8085-exec-5] DEBUG o.s.d.m.r.query.MongoQueryCreator - Created query Query: { "login" : "kojo"}, Fields: {}, Sort: {}
2026-03-26 12:03:27 [http-nio-8085-exec-5] DEBUG o.s.data.mongodb.core.MongoTemplate - find using query: { "login" : "kojo"} fields: Document{{}} for class: class com.kojo.stack.domain.model.Account in collection: user_logins
2026-03-26 12:03:27 [http-nio-8085-exec-5] DEBUG o.s.w.s.m.m.a.HttpEntityMethodProcessor - Using 'application/json', given [application/json, text/plain, */*] and supported [application/json, application/*+json]
2026-03-26 12:03:27 [http-nio-8085-exec-5] DEBUG o.s.w.s.m.m.a.HttpEntityMethodProcessor - Writing [AccountDTO(id=69c474967b33c079208cd8f3, login=kojo, email=kojo@jojoaddison.net, password=$2a$10$gyNJ (truncated)...]
2026-03-26 12:03:27 [http-nio-8085-exec-5] DEBUG o.s.web.servlet.DispatcherServlet - Completed 200 OK
2026-03-26 12:03:27 [http-nio-8085-exec-5] INFO  c.k.s.config.RequestLoggingFilter - <<< Response: [GET] /api/v1/account | Status: 200 | Duration: 75ms | Trace-ID: 0864df64-ced1-4d84-bb59-466406cdf576
2026-03-26 12:49:53 [http-nio-8085-exec-6] DEBUG i.o.e.t.p.B3PropagatorExtractorMultipleHeaders - Invalid TraceId in B3 header: null'. Returning INVALID span context.
2026-03-26 12:49:53 [http-nio-8085-exec-6] DEBUG i.o.e.t.p.B3PropagatorExtractorMultipleHeaders - Invalid TraceId in B3 header: null'. Returning INVALID span context.
2026-03-26 12:49:53 [http-nio-8085-exec-8] DEBUG i.o.e.t.p.B3PropagatorExtractorMultipleHeaders - Invalid TraceId in B3 header: null'. Returning INVALID span context.
2026-03-26 12:49:53 [http-nio-8085-exec-8] DEBUG i.o.e.t.p.B3PropagatorExtractorMultipleHeaders - Invalid TraceId in B3 header: null'. Returning INVALID span context.
2026-03-26 12:49:53 [http-nio-8085-exec-8] DEBUG o.s.security.web.FilterChainProxy - Securing OPTIONS /api/v1/profiles
2026-03-26 12:49:53 [http-nio-8085-exec-6] DEBUG o.s.security.web.FilterChainProxy - Securing OPTIONS /api/v1/profiles
2026-03-26 12:49:53 [http-nio-8085-exec-4] DEBUG i.o.a.t.p.W3CTraceContextPropagator - Unparseable traceparent header. Returning INVALID span context.
2026-03-26 12:49:53 [http-nio-8085-exec-4] DEBUG o.s.security.web.FilterChainProxy - Securing GET /api/v1/profiles
2026-03-26 12:49:53 [http-nio-8085-exec-3] DEBUG i.o.e.t.p.B3PropagatorExtractorMultipleHeaders - Invalid TraceId in B3 header: null'. Returning INVALID span context.
2026-03-26 12:49:53 [http-nio-8085-exec-3] DEBUG i.o.e.t.p.B3PropagatorExtractorMultipleHeaders - Invalid TraceId in B3 header: null'. Returning INVALID span context.
2026-03-26 12:49:53 [http-nio-8085-exec-3] DEBUG o.s.security.web.FilterChainProxy - Securing OPTIONS /api/v1/account
2026-03-26 12:49:53 [http-nio-8085-exec-4] DEBUG c.k.s.s.JwtAuthenticationFilter - Set authentication for user: kojo
2026-03-26 12:49:53 [http-nio-8085-exec-4] DEBUG o.s.security.web.FilterChainProxy - Secured GET /api/v1/profiles
2026-03-26 12:49:53 [http-nio-8085-exec-4] INFO  c.k.s.config.RequestLoggingFilter - >>> Incoming Request: [GET] /api/v1/profiles 200 | Trace-ID: f2f418b9-e6d1-4ab5-97cf-e81276ee8c7b | Query: null
2026-03-26 12:49:53 [http-nio-8085-exec-4] DEBUG o.s.web.servlet.DispatcherServlet - GET "/api/v1/profiles", parameters={}
2026-03-26 12:49:53 [http-nio-8085-exec-4] DEBUG o.s.w.s.m.m.a.RequestMappingHandlerMapping - Mapped to com.kojo.stack.api.controller.ProfileController#getAll()
2026-03-26 12:49:53 [http-nio-8085-exec-4] INFO  c.kojo.stack.service.ProfileService - Fetching all profiles
2026-03-26 12:49:53 [http-nio-8085-exec-4] DEBUG o.s.data.mongodb.core.MongoTemplate - find using query: {} fields: Document{{}} for class: class com.kojo.stack.domain.model.Profile in collection: profiles
2026-03-26 12:49:53 [http-nio-8085-exec-9] DEBUG i.o.a.t.p.W3CTraceContextPropagator - Unparseable traceparent header. Returning INVALID span context.
2026-03-26 12:49:53 [http-nio-8085-exec-4] DEBUG o.s.w.s.m.m.a.HttpEntityMethodProcessor - Using 'application/json', given [application/json, text/plain, */*] and supported [application/json, application/*+json]
2026-03-26 12:49:53 [http-nio-8085-exec-4] DEBUG o.s.w.s.m.m.a.HttpEntityMethodProcessor - Writing [[]]
2026-03-26 12:49:53 [http-nio-8085-exec-4] DEBUG o.s.web.servlet.DispatcherServlet - Completed 200 OK
2026-03-26 12:49:53 [http-nio-8085-exec-4] INFO  c.k.s.config.RequestLoggingFilter - <<< Response: [GET] /api/v1/profiles | Status: 200 | Duration: 35ms | Trace-ID: f2f418b9-e6d1-4ab5-97cf-e81276ee8c7b
2026-03-26 12:49:53 [http-nio-8085-exec-9] DEBUG o.s.security.web.FilterChainProxy - Securing GET /api/v1/account
2026-03-26 12:49:53 [http-nio-8085-exec-9] DEBUG c.k.s.s.JwtAuthenticationFilter - Set authentication for user: kojo
2026-03-26 12:49:53 [http-nio-8085-exec-9] DEBUG o.s.security.web.FilterChainProxy - Secured GET /api/v1/account
2026-03-26 12:49:53 [http-nio-8085-exec-9] INFO  c.k.s.config.RequestLoggingFilter - >>> Incoming Request: [GET] /api/v1/account 200 | Trace-ID: ac22b72e-576a-479b-b4da-9cc229e14fe3 | Query: null
2026-03-26 12:49:53 [http-nio-8085-exec-9] DEBUG o.s.web.servlet.DispatcherServlet - GET "/api/v1/account", parameters={}
2026-03-26 12:49:53 [http-nio-8085-exec-9] DEBUG o.s.w.s.m.m.a.RequestMappingHandlerMapping - Mapped to com.kojo.stack.api.controller.AccountController#getCurrentUser(Authentication)
2026-03-26 12:49:53 [http-nio-8085-exec-9] INFO  c.kojo.stack.service.AccountService - Fetching user login by login: kojo
2026-03-26 12:49:53 [http-nio-8085-exec-9] DEBUG o.s.d.m.r.query.MongoQueryCreator - Created query Query: { "login" : "kojo"}, Fields: {}, Sort: {}
2026-03-26 12:49:53 [http-nio-8085-exec-9] DEBUG o.s.data.mongodb.core.MongoTemplate - find using query: { "login" : "kojo"} fields: Document{{}} for class: class com.kojo.stack.domain.model.Account in collection: user_logins
2026-03-26 12:49:53 [http-nio-8085-exec-9] DEBUG o.s.w.s.m.m.a.HttpEntityMethodProcessor - Using 'application/json', given [application/json, text/plain, */*] and supported [application/json, application/*+json]
2026-03-26 12:49:53 [http-nio-8085-exec-9] DEBUG o.s.w.s.m.m.a.HttpEntityMethodProcessor - Writing [AccountDTO(id=69c474967b33c079208cd8f3, login=kojo, email=kojo@jojoaddison.net, password=$2a$10$gyNJ (truncated)...]
2026-03-26 12:49:53 [http-nio-8085-exec-1] DEBUG i.o.a.t.p.W3CTraceContextPropagator - Unparseable traceparent header. Returning INVALID span context.
2026-03-26 12:49:53 [http-nio-8085-exec-9] DEBUG o.s.web.servlet.DispatcherServlet - Completed 200 OK
2026-03-26 12:49:53 [http-nio-8085-exec-9] INFO  c.k.s.config.RequestLoggingFilter - <<< Response: [GET] /api/v1/account | Status: 200 | Duration: 26ms | Trace-ID: ac22b72e-576a-479b-b4da-9cc229e14fe3
2026-03-26 12:49:53 [http-nio-8085-exec-1] DEBUG o.s.security.web.FilterChainProxy - Securing GET /api/v1/profiles
2026-03-26 12:49:53 [http-nio-8085-exec-1] DEBUG c.k.s.s.JwtAuthenticationFilter - Set authentication for user: kojo
2026-03-26 12:49:53 [http-nio-8085-exec-1] DEBUG o.s.security.web.FilterChainProxy - Secured GET /api/v1/profiles
2026-03-26 12:49:53 [http-nio-8085-exec-1] INFO  c.k.s.config.RequestLoggingFilter - >>> Incoming Request: [GET] /api/v1/profiles 200 | Trace-ID: 41eb60bb-8651-43bb-8c08-6a102c099f0b | Query: null
2026-03-26 12:49:53 [http-nio-8085-exec-1] DEBUG o.s.web.servlet.DispatcherServlet - GET "/api/v1/profiles", parameters={}
2026-03-26 12:49:53 [http-nio-8085-exec-1] DEBUG o.s.w.s.m.m.a.RequestMappingHandlerMapping - Mapped to com.kojo.stack.api.controller.ProfileController#getAll()
2026-03-26 12:49:53 [http-nio-8085-exec-1] DEBUG o.s.w.s.m.m.a.HttpEntityMethodProcessor - Using 'application/json', given [application/json, text/plain, */*] and supported [application/json, application/*+json]
2026-03-26 12:49:53 [http-nio-8085-exec-1] DEBUG o.s.w.s.m.m.a.HttpEntityMethodProcessor - Writing [[]]
2026-03-26 12:49:53 [http-nio-8085-exec-1] DEBUG o.s.web.servlet.DispatcherServlet - Completed 200 OK
2026-03-26 12:49:53 [http-nio-8085-exec-1] INFO  c.k.s.config.RequestLoggingFilter - <<< Response: [GET] /api/v1/profiles | Status: 200 | Duration: 27ms | Trace-ID: 41eb60bb-8651-43bb-8c08-6a102c099f0b
2026-03-26 12:50:21 [http-nio-8085-exec-7] DEBUG i.o.a.t.p.W3CTraceContextPropagator - Unparseable traceparent header. Returning INVALID span context.
2026-03-26 12:50:21 [http-nio-8085-exec-7] DEBUG o.s.security.web.FilterChainProxy - Securing GET /api/v1/profiles
2026-03-26 12:50:21 [http-nio-8085-exec-7] DEBUG c.k.s.s.JwtAuthenticationFilter - Set authentication for user: kojo
2026-03-26 12:50:21 [http-nio-8085-exec-7] DEBUG o.s.security.web.FilterChainProxy - Secured GET /api/v1/profiles
2026-03-26 12:50:21 [http-nio-8085-exec-7] INFO  c.k.s.config.RequestLoggingFilter - >>> Incoming Request: [GET] /api/v1/profiles 200 | Trace-ID: f94968fe-7ef3-478c-8eb9-e51ac256416d | Query: null
2026-03-26 12:50:21 [http-nio-8085-exec-7] DEBUG o.s.web.servlet.DispatcherServlet - GET "/api/v1/profiles", parameters={}
2026-03-26 12:50:21 [http-nio-8085-exec-7] DEBUG o.s.w.s.m.m.a.RequestMappingHandlerMapping - Mapped to com.kojo.stack.api.controller.ProfileController#getAll()
2026-03-26 12:50:21 [http-nio-8085-exec-7] DEBUG o.s.w.s.m.m.a.HttpEntityMethodProcessor - Using 'application/json', given [application/json, text/plain, */*] and supported [application/json, application/*+json]
2026-03-26 12:50:21 [http-nio-8085-exec-7] DEBUG o.s.w.s.m.m.a.HttpEntityMethodProcessor - Writing [[]]
2026-03-26 12:50:21 [http-nio-8085-exec-7] DEBUG o.s.web.servlet.DispatcherServlet - Completed 200 OK
2026-03-26 12:50:21 [http-nio-8085-exec-7] INFO  c.k.s.config.RequestLoggingFilter - <<< Response: [GET] /api/v1/profiles | Status: 200 | Duration: 13ms | Trace-ID: f94968fe-7ef3-478c-8eb9-e51ac256416d
2026-03-26 12:50:21 [http-nio-8085-exec-5] DEBUG i.o.a.t.p.W3CTraceContextPropagator - Unparseable traceparent header. Returning INVALID span context.
2026-03-26 12:50:21 [http-nio-8085-exec-5] DEBUG o.s.security.web.FilterChainProxy - Securing GET /api/v1/profiles
2026-03-26 12:50:21 [http-nio-8085-exec-5] DEBUG c.k.s.s.JwtAuthenticationFilter - Set authentication for user: kojo
2026-03-26 12:50:21 [http-nio-8085-exec-5] DEBUG o.s.security.web.FilterChainProxy - Secured GET /api/v1/profiles
2026-03-26 12:50:21 [http-nio-8085-exec-5] INFO  c.k.s.config.RequestLoggingFilter - >>> Incoming Request: [GET] /api/v1/profiles 200 | Trace-ID: 869eb6f8-3900-49a0-934a-9795cdd00d34 | Query: null
2026-03-26 12:50:21 [http-nio-8085-exec-5] DEBUG o.s.web.servlet.DispatcherServlet - GET "/api/v1/profiles", parameters={}
2026-03-26 12:50:21 [http-nio-8085-exec-5] DEBUG o.s.w.s.m.m.a.RequestMappingHandlerMapping - Mapped to com.kojo.stack.api.controller.ProfileController#getAll()
2026-03-26 12:50:21 [http-nio-8085-exec-5] DEBUG o.s.w.s.m.m.a.HttpEntityMethodProcessor - Using 'application/json', given [application/json, text/plain, */*] and supported [application/json, application/*+json]
2026-03-26 12:50:21 [http-nio-8085-exec-5] DEBUG o.s.w.s.m.m.a.HttpEntityMethodProcessor - Writing [[]]
2026-03-26 12:50:21 [http-nio-8085-exec-5] DEBUG o.s.web.servlet.DispatcherServlet - Completed 200 OK
2026-03-26 12:50:21 [http-nio-8085-exec-5] INFO  c.k.s.config.RequestLoggingFilter - <<< Response: [GET] /api/v1/profiles | Status: 200 | Duration: 10ms | Trace-ID: 869eb6f8-3900-49a0-934a-9795cdd00d34
2026-03-26 12:50:21 [http-nio-8085-exec-10] DEBUG i.o.a.t.p.W3CTraceContextPropagator - Unparseable traceparent header. Returning INVALID span context.
2026-03-26 12:50:21 [http-nio-8085-exec-10] DEBUG o.s.security.web.FilterChainProxy - Securing GET /api/v1/account
2026-03-26 12:50:21 [http-nio-8085-exec-10] DEBUG c.k.s.s.JwtAuthenticationFilter - Set authentication for user: kojo
2026-03-26 12:50:21 [http-nio-8085-exec-10] DEBUG o.s.security.web.FilterChainProxy - Secured GET /api/v1/account
2026-03-26 12:50:21 [http-nio-8085-exec-10] INFO  c.k.s.config.RequestLoggingFilter - >>> Incoming Request: [GET] /api/v1/account 200 | Trace-ID: 394302ca-e8dd-4185-9d1c-7bab90339047 | Query: null
2026-03-26 12:50:21 [http-nio-8085-exec-10] DEBUG o.s.web.servlet.DispatcherServlet - GET "/api/v1/account", parameters={}
2026-03-26 12:50:21 [http-nio-8085-exec-10] DEBUG o.s.w.s.m.m.a.RequestMappingHandlerMapping - Mapped to com.kojo.stack.api.controller.AccountController#getCurrentUser(Authentication)
2026-03-26 12:50:21 [http-nio-8085-exec-10] INFO  c.kojo.stack.service.AccountService - Fetching user login by login: kojo
2026-03-26 12:50:21 [http-nio-8085-exec-10] DEBUG o.s.d.m.r.query.MongoQueryCreator - Created query Query: { "login" : "kojo"}, Fields: {}, Sort: {}
2026-03-26 12:50:21 [http-nio-8085-exec-10] DEBUG o.s.data.mongodb.core.MongoTemplate - find using query: { "login" : "kojo"} fields: Document{{}} for class: class com.kojo.stack.domain.model.Account in collection: user_logins
2026-03-26 12:50:21 [http-nio-8085-exec-10] DEBUG o.s.w.s.m.m.a.HttpEntityMethodProcessor - Using 'application/json', given [application/json, text/plain, */*] and supported [application/json, application/*+json]
2026-03-26 12:50:21 [http-nio-8085-exec-10] DEBUG o.s.w.s.m.m.a.HttpEntityMethodProcessor - Writing [AccountDTO(id=69c474967b33c079208cd8f3, login=kojo, email=kojo@jojoaddison.net, password=$2a$10$gyNJ (truncated)...]
2026-03-26 12:50:21 [http-nio-8085-exec-10] DEBUG o.s.web.servlet.DispatcherServlet - Completed 200 OK
2026-03-26 12:50:21 [http-nio-8085-exec-10] INFO  c.k.s.config.RequestLoggingFilter - <<< Response: [GET] /api/v1/account | Status: 200 | Duration: 56ms | Trace-ID: 394302ca-e8dd-4185-9d1c-7bab90339047
2026-03-26 12:50:25 [http-nio-8085-exec-2] DEBUG i.o.e.t.p.B3PropagatorExtractorMultipleHeaders - Invalid TraceId in B3 header: null'. Returning INVALID span context.
2026-03-26 12:50:25 [http-nio-8085-exec-2] DEBUG i.o.e.t.p.B3PropagatorExtractorMultipleHeaders - Invalid TraceId in B3 header: null'. Returning INVALID span context.
2026-03-26 12:50:25 [http-nio-8085-exec-2] DEBUG o.s.security.web.FilterChainProxy - Securing OPTIONS /api/v1/projects
2026-03-26 12:50:25 [http-nio-8085-exec-8] DEBUG i.o.a.t.p.W3CTraceContextPropagator - Unparseable traceparent header. Returning INVALID span context.
2026-03-26 12:50:25 [http-nio-8085-exec-8] DEBUG o.s.security.web.FilterChainProxy - Securing GET /api/v1/projects
2026-03-26 12:50:25 [http-nio-8085-exec-8] DEBUG c.k.s.s.JwtAuthenticationFilter - Set authentication for user: kojo
2026-03-26 12:50:25 [http-nio-8085-exec-8] DEBUG o.s.security.web.FilterChainProxy - Secured GET /api/v1/projects
2026-03-26 12:50:25 [http-nio-8085-exec-8] INFO  c.k.s.config.RequestLoggingFilter - >>> Incoming Request: [GET] /api/v1/projects 200 | Trace-ID: 0319a04f-c742-4e5e-9a36-de286080048c | Query: null
2026-03-26 12:50:25 [http-nio-8085-exec-8] DEBUG o.s.web.servlet.DispatcherServlet - GET "/api/v1/projects", parameters={}
2026-03-26 12:50:25 [http-nio-8085-exec-8] DEBUG o.s.w.s.m.m.a.RequestMappingHandlerMapping - Mapped to com.kojo.stack.api.controller.ProjectController#getAll()
2026-03-26 12:50:25 [http-nio-8085-exec-8] INFO  c.kojo.stack.service.ProjectService - Fetching all projects
2026-03-26 12:50:25 [http-nio-8085-exec-8] DEBUG o.s.data.mongodb.core.MongoTemplate - find using query: {} fields: Document{{}} for class: class com.kojo.stack.domain.model.Project in collection: projects
2026-03-26 12:50:25 [http-nio-8085-exec-8] DEBUG o.s.w.s.m.m.a.HttpEntityMethodProcessor - Using 'application/json', given [application/json, text/plain, */*] and supported [application/json, application/*+json]
2026-03-26 12:50:25 [http-nio-8085-exec-8] DEBUG o.s.w.s.m.m.a.HttpEntityMethodProcessor - Writing [[ProjectDTO(id=698f12ab10b62159b6f711d5, name=Health Brokerage Platform, client=Abofonsa Mobile Heal (truncated)...]
2026-03-26 12:50:25 [http-nio-8085-exec-8] DEBUG o.s.web.servlet.DispatcherServlet - Completed 200 OK
2026-03-26 12:50:25 [http-nio-8085-exec-8] INFO  c.k.s.config.RequestLoggingFilter - <<< Response: [GET] /api/v1/projects | Status: 200 | Duration: 29ms | Trace-ID: 0319a04f-c742-4e5e-9a36-de286080048c
2026-03-26 12:50:34 [http-nio-8085-exec-6] DEBUG i.o.e.t.p.B3PropagatorExtractorMultipleHeaders - Invalid TraceId in B3 header: null'. Returning INVALID span context.
2026-03-26 12:50:34 [http-nio-8085-exec-6] DEBUG i.o.e.t.p.B3PropagatorExtractorMultipleHeaders - Invalid TraceId in B3 header: null'. Returning INVALID span context.
2026-03-26 12:50:34 [http-nio-8085-exec-6] DEBUG o.s.security.web.FilterChainProxy - Securing OPTIONS /api/v1/docs
2026-03-26 12:50:34 [http-nio-8085-exec-3] DEBUG i.o.a.t.p.W3CTraceContextPropagator - Unparseable traceparent header. Returning INVALID span context.
2026-03-26 12:50:34 [http-nio-8085-exec-3] DEBUG o.s.security.web.FilterChainProxy - Securing GET /api/v1/docs
2026-03-26 12:50:34 [http-nio-8085-exec-3] DEBUG c.k.s.s.JwtAuthenticationFilter - Set authentication for user: kojo
2026-03-26 12:50:34 [http-nio-8085-exec-3] DEBUG o.s.security.web.FilterChainProxy - Secured GET /api/v1/docs
2026-03-26 12:50:34 [http-nio-8085-exec-3] INFO  c.k.s.config.RequestLoggingFilter - >>> Incoming Request: [GET] /api/v1/docs 200 | Trace-ID: 4565870b-9581-46fa-b6eb-60d41d183097 | Query: null
2026-03-26 12:50:34 [http-nio-8085-exec-3] DEBUG o.s.web.servlet.DispatcherServlet - GET "/api/v1/docs", parameters={}
2026-03-26 12:50:34 [http-nio-8085-exec-3] DEBUG o.s.w.s.m.m.a.RequestMappingHandlerMapping - Mapped to com.kojo.stack.api.controller.DocumentationController#getAll()
2026-03-26 12:50:34 [http-nio-8085-exec-3] INFO  c.k.s.service.DocumentationService - Fetching all documentation
2026-03-26 12:50:34 [http-nio-8085-exec-3] DEBUG o.s.data.mongodb.core.MongoTemplate - find using query: {} fields: Document{{}} for class: class com.kojo.stack.domain.model.Doc in collection: documentation
2026-03-26 12:50:34 [http-nio-8085-exec-3] DEBUG o.s.w.s.m.m.a.HttpEntityMethodProcessor - Using 'application/json', given [application/json, text/plain, */*] and supported [application/json, application/*+json]
2026-03-26 12:50:34 [http-nio-8085-exec-3] DEBUG o.s.w.s.m.m.a.HttpEntityMethodProcessor - Writing [[DocDTO(id=ADR-2024-001, title=Event-Driven Architecture Strategy, type=ADR, tags=[Kafka, Microservi (truncated)...]
2026-03-26 12:50:34 [http-nio-8085-exec-3] DEBUG o.s.web.servlet.DispatcherServlet - Completed 200 OK
2026-03-26 12:50:34 [http-nio-8085-exec-3] INFO  c.k.s.config.RequestLoggingFilter - <<< Response: [GET] /api/v1/docs | Status: 200 | Duration: 36ms | Trace-ID: 4565870b-9581-46fa-b6eb-60d41d183097
2026-03-26 12:51:03 [http-nio-8085-exec-7] DEBUG i.o.a.t.p.W3CTraceContextPropagator - Unparseable traceparent header. Returning INVALID span context.
2026-03-26 12:51:03 [http-nio-8085-exec-7] DEBUG o.s.security.web.FilterChainProxy - Securing GET /api/v1/docs
2026-03-26 12:51:03 [http-nio-8085-exec-7] DEBUG c.k.s.s.JwtAuthenticationFilter - Set authentication for user: kojo
2026-03-26 12:51:03 [http-nio-8085-exec-7] DEBUG o.s.security.web.FilterChainProxy - Secured GET /api/v1/docs
2026-03-26 12:51:03 [http-nio-8085-exec-7] INFO  c.k.s.config.RequestLoggingFilter - >>> Incoming Request: [GET] /api/v1/docs 200 | Trace-ID: 1eb2562a-6099-491e-9d00-cd2ac3b51879 | Query: null
2026-03-26 12:51:03 [http-nio-8085-exec-7] DEBUG o.s.web.servlet.DispatcherServlet - GET "/api/v1/docs", parameters={}
2026-03-26 12:51:03 [http-nio-8085-exec-7] DEBUG o.s.w.s.m.m.a.RequestMappingHandlerMapping - Mapped to com.kojo.stack.api.controller.DocumentationController#getAll()
2026-03-26 12:51:03 [http-nio-8085-exec-7] DEBUG o.s.w.s.m.m.a.HttpEntityMethodProcessor - Using 'application/json', given [application/json, text/plain, */*] and supported [application/json, application/*+json]
2026-03-26 12:51:03 [http-nio-8085-exec-7] DEBUG o.s.w.s.m.m.a.HttpEntityMethodProcessor - Writing [[DocDTO(id=ADR-2024-001, title=Event-Driven Architecture Strategy, type=ADR, tags=[Kafka, Microservi (truncated)...]
2026-03-26 12:51:03 [http-nio-8085-exec-7] DEBUG o.s.web.servlet.DispatcherServlet - Completed 200 OK
2026-03-26 12:51:03 [http-nio-8085-exec-7] INFO  c.k.s.config.RequestLoggingFilter - <<< Response: [GET] /api/v1/docs | Status: 200 | Duration: 48ms | Trace-ID: 1eb2562a-6099-491e-9d00-cd2ac3b51879
2026-03-26 12:51:09 [http-nio-8085-exec-5] DEBUG i.o.a.t.p.W3CTraceContextPropagator - Unparseable traceparent header. Returning INVALID span context.
2026-03-26 12:51:09 [http-nio-8085-exec-5] DEBUG o.s.security.web.FilterChainProxy - Securing GET /api/v1/projects
2026-03-26 12:51:09 [http-nio-8085-exec-5] DEBUG c.k.s.s.JwtAuthenticationFilter - Set authentication for user: kojo
2026-03-26 12:51:09 [http-nio-8085-exec-5] DEBUG o.s.security.web.FilterChainProxy - Secured GET /api/v1/projects
2026-03-26 12:51:09 [http-nio-8085-exec-5] INFO  c.k.s.config.RequestLoggingFilter - >>> Incoming Request: [GET] /api/v1/projects 200 | Trace-ID: 82669f87-b031-4a93-86ed-3432a649fd38 | Query: null
2026-03-26 12:51:09 [http-nio-8085-exec-5] DEBUG o.s.web.servlet.DispatcherServlet - GET "/api/v1/projects", parameters={}
2026-03-26 12:51:09 [http-nio-8085-exec-5] DEBUG o.s.w.s.m.m.a.RequestMappingHandlerMapping - Mapped to com.kojo.stack.api.controller.ProjectController#getAll()
2026-03-26 12:51:09 [http-nio-8085-exec-5] DEBUG o.s.w.s.m.m.a.HttpEntityMethodProcessor - Using 'application/json', given [application/json, text/plain, */*] and supported [application/json, application/*+json]
2026-03-26 12:51:09 [http-nio-8085-exec-5] DEBUG o.s.w.s.m.m.a.HttpEntityMethodProcessor - Writing [[ProjectDTO(id=698f12ab10b62159b6f711d5, name=Health Brokerage Platform, client=Abofonsa Mobile Heal (truncated)...]
2026-03-26 12:51:09 [http-nio-8085-exec-5] DEBUG o.s.web.servlet.DispatcherServlet - Completed 200 OK
2026-03-26 12:51:09 [http-nio-8085-exec-5] INFO  c.k.s.config.RequestLoggingFilter - <<< Response: [GET] /api/v1/projects | Status: 200 | Duration: 61ms | Trace-ID: 82669f87-b031-4a93-86ed-3432a649fd38
2026-03-26 12:52:15 [http-nio-8085-exec-2] DEBUG i.o.a.t.p.W3CTraceContextPropagator - Unparseable traceparent header. Returning INVALID span context.
2026-03-26 12:52:15 [http-nio-8085-exec-2] DEBUG o.s.security.web.FilterChainProxy - Securing GET /api/v1/profiles
2026-03-26 12:52:15 [http-nio-8085-exec-2] DEBUG c.k.s.s.JwtAuthenticationFilter - Set authentication for user: kojo
2026-03-26 12:52:15 [http-nio-8085-exec-2] DEBUG o.s.security.web.FilterChainProxy - Secured GET /api/v1/profiles
2026-03-26 12:52:15 [http-nio-8085-exec-2] INFO  c.k.s.config.RequestLoggingFilter - >>> Incoming Request: [GET] /api/v1/profiles 200 | Trace-ID: a8817565-9bf3-48ad-be22-c49bdead2ba2 | Query: null
2026-03-26 12:52:15 [http-nio-8085-exec-2] DEBUG o.s.web.servlet.DispatcherServlet - GET "/api/v1/profiles", parameters={}
2026-03-26 12:52:15 [http-nio-8085-exec-2] DEBUG o.s.w.s.m.m.a.RequestMappingHandlerMapping - Mapped to com.kojo.stack.api.controller.ProfileController#getAll()
2026-03-26 12:52:15 [http-nio-8085-exec-2] DEBUG o.s.w.s.m.m.a.HttpEntityMethodProcessor - Using 'application/json', given [application/json, text/plain, */*] and supported [application/json, application/*+json]
2026-03-26 12:52:15 [http-nio-8085-exec-2] DEBUG o.s.w.s.m.m.a.HttpEntityMethodProcessor - Writing [[]]
2026-03-26 12:52:15 [http-nio-8085-exec-2] DEBUG o.s.web.servlet.DispatcherServlet - Completed 200 OK
2026-03-26 12:52:15 [http-nio-8085-exec-2] INFO  c.k.s.config.RequestLoggingFilter - <<< Response: [GET] /api/v1/profiles | Status: 200 | Duration: 15ms | Trace-ID: a8817565-9bf3-48ad-be22-c49bdead2ba2
2026-03-26 12:52:15 [http-nio-8085-exec-8] DEBUG i.o.a.t.p.W3CTraceContextPropagator - Unparseable traceparent header. Returning INVALID span context.
2026-03-26 12:52:15 [http-nio-8085-exec-8] DEBUG o.s.security.web.FilterChainProxy - Securing GET /api/v1/account
2026-03-26 12:52:15 [http-nio-8085-exec-8] DEBUG c.k.s.s.JwtAuthenticationFilter - Set authentication for user: kojo
2026-03-26 12:52:15 [http-nio-8085-exec-8] DEBUG o.s.security.web.FilterChainProxy - Secured GET /api/v1/account
2026-03-26 12:52:15 [http-nio-8085-exec-8] INFO  c.k.s.config.RequestLoggingFilter - >>> Incoming Request: [GET] /api/v1/account 200 | Trace-ID: 57b3f3d4-8b9f-42de-9a2c-1ca80fd13f56 | Query: null
2026-03-26 12:52:15 [http-nio-8085-exec-8] DEBUG o.s.web.servlet.DispatcherServlet - GET "/api/v1/account", parameters={}
2026-03-26 12:52:15 [http-nio-8085-exec-8] DEBUG o.s.w.s.m.m.a.RequestMappingHandlerMapping - Mapped to com.kojo.stack.api.controller.AccountController#getCurrentUser(Authentication)
2026-03-26 12:52:15 [http-nio-8085-exec-8] INFO  c.kojo.stack.service.AccountService - Fetching user login by login: kojo
2026-03-26 12:52:15 [http-nio-8085-exec-8] DEBUG o.s.d.m.r.query.MongoQueryCreator - Created query Query: { "login" : "kojo"}, Fields: {}, Sort: {}
2026-03-26 12:52:15 [http-nio-8085-exec-8] DEBUG o.s.data.mongodb.core.MongoTemplate - find using query: { "login" : "kojo"} fields: Document{{}} for class: class com.kojo.stack.domain.model.Account in collection: user_logins
2026-03-26 12:52:15 [http-nio-8085-exec-8] DEBUG o.s.w.s.m.m.a.HttpEntityMethodProcessor - Using 'application/json', given [application/json, text/plain, */*] and supported [application/json, application/*+json]
2026-03-26 12:52:15 [http-nio-8085-exec-8] DEBUG o.s.w.s.m.m.a.HttpEntityMethodProcessor - Writing [AccountDTO(id=69c474967b33c079208cd8f3, login=kojo, email=kojo@jojoaddison.net, password=$2a$10$gyNJ (truncated)...]
2026-03-26 12:52:15 [http-nio-8085-exec-8] DEBUG o.s.web.servlet.DispatcherServlet - Completed 200 OK
2026-03-26 12:52:15 [http-nio-8085-exec-8] INFO  c.k.s.config.RequestLoggingFilter - <<< Response: [GET] /api/v1/account | Status: 200 | Duration: 43ms | Trace-ID: 57b3f3d4-8b9f-42de-9a2c-1ca80fd13f56
2026-03-26 12:52:15 [http-nio-8085-exec-6] DEBUG i.o.a.t.p.W3CTraceContextPropagator - Unparseable traceparent header. Returning INVALID span context.
2026-03-26 12:52:15 [http-nio-8085-exec-6] DEBUG o.s.security.web.FilterChainProxy - Securing GET /api/v1/profiles
2026-03-26 12:52:15 [http-nio-8085-exec-6] DEBUG c.k.s.s.JwtAuthenticationFilter - Set authentication for user: kojo
2026-03-26 12:52:15 [http-nio-8085-exec-6] DEBUG o.s.security.web.FilterChainProxy - Secured GET /api/v1/profiles
2026-03-26 12:52:15 [http-nio-8085-exec-6] INFO  c.k.s.config.RequestLoggingFilter - >>> Incoming Request: [GET] /api/v1/profiles 200 | Trace-ID: e7c3e492-2513-4227-b752-3431309bcc42 | Query: null
2026-03-26 12:52:15 [http-nio-8085-exec-6] DEBUG o.s.web.servlet.DispatcherServlet - GET "/api/v1/profiles", parameters={}
2026-03-26 12:52:15 [http-nio-8085-exec-6] DEBUG o.s.w.s.m.m.a.RequestMappingHandlerMapping - Mapped to com.kojo.stack.api.controller.ProfileController#getAll()
2026-03-26 12:52:15 [http-nio-8085-exec-6] DEBUG o.s.w.s.m.m.a.HttpEntityMethodProcessor - Using 'application/json', given [application/json, text/plain, */*] and supported [application/json, application/*+json]
2026-03-26 12:52:15 [http-nio-8085-exec-6] DEBUG o.s.w.s.m.m.a.HttpEntityMethodProcessor - Writing [[]]
2026-03-26 12:52:15 [http-nio-8085-exec-6] DEBUG o.s.web.servlet.DispatcherServlet - Completed 200 OK
2026-03-26 12:52:15 [http-nio-8085-exec-6] INFO  c.k.s.config.RequestLoggingFilter - <<< Response: [GET] /api/v1/profiles | Status: 200 | Duration: 11ms | Trace-ID: e7c3e492-2513-4227-b752-3431309bcc42
2026-03-26 12:52:27 [http-nio-8085-exec-3] DEBUG i.o.e.t.p.B3PropagatorExtractorMultipleHeaders - Invalid TraceId in B3 header: null'. Returning INVALID span context.
2026-03-26 12:52:27 [http-nio-8085-exec-3] DEBUG i.o.e.t.p.B3PropagatorExtractorMultipleHeaders - Invalid TraceId in B3 header: null'. Returning INVALID span context.
2026-03-26 12:52:27 [http-nio-8085-exec-3] DEBUG o.s.security.web.FilterChainProxy - Securing OPTIONS /api/v1/education
2026-03-26 12:52:27 [http-nio-8085-exec-4] DEBUG i.o.a.t.p.W3CTraceContextPropagator - Unparseable traceparent header. Returning INVALID span context.
2026-03-26 12:52:27 [http-nio-8085-exec-4] DEBUG o.s.security.web.FilterChainProxy - Securing GET /api/v1/education
2026-03-26 12:52:27 [http-nio-8085-exec-4] DEBUG c.k.s.s.JwtAuthenticationFilter - Set authentication for user: kojo
2026-03-26 12:52:27 [http-nio-8085-exec-4] DEBUG o.s.security.web.FilterChainProxy - Secured GET /api/v1/education
2026-03-26 12:52:27 [http-nio-8085-exec-4] INFO  c.k.s.config.RequestLoggingFilter - >>> Incoming Request: [GET] /api/v1/education 200 | Trace-ID: 5ad5a230-d322-41ce-88d5-6574eb7aefc2 | Query: null
2026-03-26 12:52:27 [http-nio-8085-exec-4] DEBUG o.s.web.servlet.DispatcherServlet - GET "/api/v1/education", parameters={}
2026-03-26 12:52:27 [http-nio-8085-exec-4] DEBUG o.s.w.s.m.m.a.RequestMappingHandlerMapping - Mapped to com.kojo.stack.api.controller.EducationController#getAll()
2026-03-26 12:52:27 [http-nio-8085-exec-4] INFO  c.k.stack.service.EducationService - Fetching all education records
2026-03-26 12:52:27 [http-nio-8085-exec-4] DEBUG o.s.data.mongodb.core.MongoTemplate - find using query: {} fields: Document{{}} for class: class com.kojo.stack.domain.model.Education in collection: education
2026-03-26 12:52:27 [http-nio-8085-exec-4] DEBUG o.s.w.s.m.m.a.HttpEntityMethodProcessor - Using 'application/json', given [application/json, text/plain, */*] and supported [application/json, application/*+json]
2026-03-26 12:52:27 [http-nio-8085-exec-4] DEBUG o.s.w.s.m.m.a.HttpEntityMethodProcessor - Writing [[EducationDTO(id=698f12ab10b62159b6f711db, institution=Computer, Munich - Germany, subjects=[Monitor (truncated)...]
2026-03-26 12:52:27 [http-nio-8085-exec-4] DEBUG o.s.web.servlet.DispatcherServlet - Completed 200 OK
2026-03-26 12:52:27 [http-nio-8085-exec-4] INFO  c.k.s.config.RequestLoggingFilter - <<< Response: [GET] /api/v1/education | Status: 200 | Duration: 13ms | Trace-ID: 5ad5a230-d322-41ce-88d5-6574eb7aefc2
2026-03-26 12:52:59 [http-nio-8085-exec-9] DEBUG i.o.a.t.p.W3CTraceContextPropagator - Unparseable traceparent header. Returning INVALID span context.
2026-03-26 12:52:59 [http-nio-8085-exec-9] DEBUG o.s.security.web.FilterChainProxy - Securing GET /api/v1/profiles
2026-03-26 12:52:59 [http-nio-8085-exec-9] DEBUG c.k.s.s.JwtAuthenticationFilter - Set authentication for user: kojo
2026-03-26 12:52:59 [http-nio-8085-exec-9] DEBUG o.s.security.web.FilterChainProxy - Secured GET /api/v1/profiles
2026-03-26 12:52:59 [http-nio-8085-exec-9] INFO  c.k.s.config.RequestLoggingFilter - >>> Incoming Request: [GET] /api/v1/profiles 200 | Trace-ID: 72a82499-8410-4a5f-84e6-4ab01e7e7360 | Query: null
2026-03-26 12:52:59 [http-nio-8085-exec-9] DEBUG o.s.web.servlet.DispatcherServlet - GET "/api/v1/profiles", parameters={}
2026-03-26 12:52:59 [http-nio-8085-exec-9] DEBUG o.s.w.s.m.m.a.RequestMappingHandlerMapping - Mapped to com.kojo.stack.api.controller.ProfileController#getAll()
2026-03-26 12:52:59 [http-nio-8085-exec-9] DEBUG o.s.w.s.m.m.a.HttpEntityMethodProcessor - Using 'application/json', given [application/json, text/plain, */*] and supported [application/json, application/*+json]
2026-03-26 12:52:59 [http-nio-8085-exec-9] DEBUG o.s.w.s.m.m.a.HttpEntityMethodProcessor - Writing [[]]
2026-03-26 12:52:59 [http-nio-8085-exec-9] DEBUG o.s.web.servlet.DispatcherServlet - Completed 200 OK
2026-03-26 12:52:59 [http-nio-8085-exec-9] INFO  c.k.s.config.RequestLoggingFilter - <<< Response: [GET] /api/v1/profiles | Status: 200 | Duration: 14ms | Trace-ID: 72a82499-8410-4a5f-84e6-4ab01e7e7360
2026-03-26 12:52:59 [http-nio-8085-exec-1] DEBUG i.o.a.t.p.W3CTraceContextPropagator - Unparseable traceparent header. Returning INVALID span context.
2026-03-26 12:52:59 [http-nio-8085-exec-1] DEBUG o.s.security.web.FilterChainProxy - Securing GET /api/v1/profiles
2026-03-26 12:52:59 [http-nio-8085-exec-1] DEBUG c.k.s.s.JwtAuthenticationFilter - Set authentication for user: kojo
2026-03-26 12:52:59 [http-nio-8085-exec-1] DEBUG o.s.security.web.FilterChainProxy - Secured GET /api/v1/profiles
2026-03-26 12:52:59 [http-nio-8085-exec-1] INFO  c.k.s.config.RequestLoggingFilter - >>> Incoming Request: [GET] /api/v1/profiles 200 | Trace-ID: 16090592-a26b-4266-9076-6967db993264 | Query: null
2026-03-26 12:52:59 [http-nio-8085-exec-1] DEBUG o.s.web.servlet.DispatcherServlet - GET "/api/v1/profiles", parameters={}
2026-03-26 12:52:59 [http-nio-8085-exec-1] DEBUG o.s.w.s.m.m.a.RequestMappingHandlerMapping - Mapped to com.kojo.stack.api.controller.ProfileController#getAll()
2026-03-26 12:52:59 [http-nio-8085-exec-1] DEBUG o.s.w.s.m.m.a.HttpEntityMethodProcessor - Using 'application/json', given [application/json, text/plain, */*] and supported [application/json, application/*+json]
2026-03-26 12:52:59 [http-nio-8085-exec-7] DEBUG i.o.a.t.p.W3CTraceContextPropagator - Unparseable traceparent header. Returning INVALID span context.
2026-03-26 12:52:59 [http-nio-8085-exec-7] DEBUG o.s.security.web.FilterChainProxy - Securing GET /api/v1/account
2026-03-26 12:52:59 [http-nio-8085-exec-1] DEBUG o.s.w.s.m.m.a.HttpEntityMethodProcessor - Writing [[]]
2026-03-26 12:52:59 [http-nio-8085-exec-1] DEBUG o.s.web.servlet.DispatcherServlet - Completed 200 OK
2026-03-26 12:52:59 [http-nio-8085-exec-1] INFO  c.k.s.config.RequestLoggingFilter - <<< Response: [GET] /api/v1/profiles | Status: 200 | Duration: 20ms | Trace-ID: 16090592-a26b-4266-9076-6967db993264
2026-03-26 12:52:59 [http-nio-8085-exec-7] DEBUG c.k.s.s.JwtAuthenticationFilter - Set authentication for user: kojo
2026-03-26 12:52:59 [http-nio-8085-exec-7] DEBUG o.s.security.web.FilterChainProxy - Secured GET /api/v1/account
2026-03-26 12:52:59 [http-nio-8085-exec-7] INFO  c.k.s.config.RequestLoggingFilter - >>> Incoming Request: [GET] /api/v1/account 200 | Trace-ID: 570ad347-db3e-411b-843f-251fff07938a | Query: null
2026-03-26 12:52:59 [http-nio-8085-exec-7] DEBUG o.s.web.servlet.DispatcherServlet - GET "/api/v1/account", parameters={}
2026-03-26 12:52:59 [http-nio-8085-exec-7] DEBUG o.s.w.s.m.m.a.RequestMappingHandlerMapping - Mapped to com.kojo.stack.api.controller.AccountController#getCurrentUser(Authentication)
2026-03-26 12:52:59 [http-nio-8085-exec-7] INFO  c.kojo.stack.service.AccountService - Fetching user login by login: kojo
2026-03-26 12:52:59 [http-nio-8085-exec-7] DEBUG o.s.d.m.r.query.MongoQueryCreator - Created query Query: { "login" : "kojo"}, Fields: {}, Sort: {}
2026-03-26 12:52:59 [http-nio-8085-exec-7] DEBUG o.s.data.mongodb.core.MongoTemplate - find using query: { "login" : "kojo"} fields: Document{{}} for class: class com.kojo.stack.domain.model.Account in collection: user_logins
2026-03-26 12:52:59 [http-nio-8085-exec-7] DEBUG o.s.w.s.m.m.a.HttpEntityMethodProcessor - Using 'application/json', given [application/json, text/plain, */*] and supported [application/json, application/*+json]
2026-03-26 12:52:59 [http-nio-8085-exec-7] DEBUG o.s.w.s.m.m.a.HttpEntityMethodProcessor - Writing [AccountDTO(id=69c474967b33c079208cd8f3, login=kojo, email=kojo@jojoaddison.net, password=$2a$10$gyNJ (truncated)...]
2026-03-26 12:52:59 [http-nio-8085-exec-7] DEBUG o.s.web.servlet.DispatcherServlet - Completed 200 OK
2026-03-26 12:52:59 [http-nio-8085-exec-7] INFO  c.k.s.config.RequestLoggingFilter - <<< Response: [GET] /api/v1/account | Status: 200 | Duration: 55ms | Trace-ID: 570ad347-db3e-411b-843f-251fff07938a
2026-03-26 12:52:59 [http-nio-8085-exec-5] DEBUG i.o.a.t.p.W3CTraceContextPropagator - Unparseable traceparent header. Returning INVALID span context.
2026-03-26 12:52:59 [http-nio-8085-exec-5] DEBUG o.s.security.web.FilterChainProxy - Securing GET /api/v1/education
2026-03-26 12:52:59 [http-nio-8085-exec-5] DEBUG c.k.s.s.JwtAuthenticationFilter - Set authentication for user: kojo
2026-03-26 12:52:59 [http-nio-8085-exec-5] DEBUG o.s.security.web.FilterChainProxy - Secured GET /api/v1/education
2026-03-26 12:52:59 [http-nio-8085-exec-5] INFO  c.k.s.config.RequestLoggingFilter - >>> Incoming Request: [GET] /api/v1/education 200 | Trace-ID: ac9ee92b-bacf-46d2-a504-f06b03e30800 | Query: null
2026-03-26 12:52:59 [http-nio-8085-exec-5] DEBUG o.s.web.servlet.DispatcherServlet - GET "/api/v1/education", parameters={}
2026-03-26 12:52:59 [http-nio-8085-exec-5] DEBUG o.s.w.s.m.m.a.RequestMappingHandlerMapping - Mapped to com.kojo.stack.api.controller.EducationController#getAll()
2026-03-26 12:52:59 [http-nio-8085-exec-5] DEBUG o.s.w.s.m.m.a.HttpEntityMethodProcessor - Using 'application/json', given [application/json, text/plain, */*] and supported [application/json, application/*+json]
2026-03-26 12:52:59 [http-nio-8085-exec-5] DEBUG o.s.w.s.m.m.a.HttpEntityMethodProcessor - Writing [[EducationDTO(id=698f12ab10b62159b6f711db, institution=Computer, Munich - Germany, subjects=[Monitor (truncated)...]
2026-03-26 12:52:59 [http-nio-8085-exec-5] DEBUG o.s.web.servlet.DispatcherServlet - Completed 200 OK
2026-03-26 12:52:59 [http-nio-8085-exec-5] INFO  c.k.s.config.RequestLoggingFilter - <<< Response: [GET] /api/v1/education | Status: 200 | Duration: 12ms | Trace-ID: ac9ee92b-bacf-46d2-a504-f06b03e30800
2026-03-26 12:55:22 [http-nio-8085-exec-6] DEBUG i.o.a.t.p.W3CTraceContextPropagator - Unparseable traceparent header. Returning INVALID span context.
2026-03-26 12:55:22 [http-nio-8085-exec-6] DEBUG o.s.security.web.FilterChainProxy - Securing GET /api/v1/education
2026-03-26 12:55:22 [http-nio-8085-exec-6] DEBUG c.k.s.s.JwtAuthenticationFilter - Set authentication for user: kojo
2026-03-26 12:55:22 [http-nio-8085-exec-6] DEBUG o.s.security.web.FilterChainProxy - Secured GET /api/v1/education
2026-03-26 12:55:22 [http-nio-8085-exec-6] INFO  c.k.s.config.RequestLoggingFilter - >>> Incoming Request: [GET] /api/v1/education 200 | Trace-ID: d7b5cf7d-43b1-41ad-90c7-7aee1d8054c8 | Query: null
2026-03-26 12:55:22 [http-nio-8085-exec-6] DEBUG o.s.web.servlet.DispatcherServlet - GET "/api/v1/education", parameters={}
2026-03-26 12:55:22 [http-nio-8085-exec-6] DEBUG o.s.w.s.m.m.a.RequestMappingHandlerMapping - Mapped to com.kojo.stack.api.controller.EducationController#getAll()
2026-03-26 12:55:22 [http-nio-8085-exec-6] DEBUG o.s.w.s.m.m.a.HttpEntityMethodProcessor - Using 'application/json', given [application/json, text/plain, */*] and supported [application/json, application/*+json]
2026-03-26 12:55:22 [http-nio-8085-exec-6] DEBUG o.s.w.s.m.m.a.HttpEntityMethodProcessor - Writing [[EducationDTO(id=698f12ab10b62159b6f711db, institution=Computer, Munich - Germany, subjects=[Monitor (truncated)...]
2026-03-26 12:55:22 [http-nio-8085-exec-6] DEBUG o.s.web.servlet.DispatcherServlet - Completed 200 OK
2026-03-26 12:55:22 [http-nio-8085-exec-6] INFO  c.k.s.config.RequestLoggingFilter - <<< Response: [GET] /api/v1/education | Status: 200 | Duration: 12ms | Trace-ID: d7b5cf7d-43b1-41ad-90c7-7aee1d8054c8
2026-03-26 12:55:26 [http-nio-8085-exec-3] DEBUG i.o.e.t.p.B3PropagatorExtractorMultipleHeaders - Invalid TraceId in B3 header: null'. Returning INVALID span context.
2026-03-26 12:55:26 [http-nio-8085-exec-3] DEBUG i.o.e.t.p.B3PropagatorExtractorMultipleHeaders - Invalid TraceId in B3 header: null'. Returning INVALID span context.
2026-03-26 12:55:26 [http-nio-8085-exec-3] DEBUG o.s.security.web.FilterChainProxy - Securing OPTIONS /api/v1/skills
2026-03-26 12:55:26 [http-nio-8085-exec-4] DEBUG i.o.a.t.p.W3CTraceContextPropagator - Unparseable traceparent header. Returning INVALID span context.
2026-03-26 12:55:26 [http-nio-8085-exec-4] DEBUG o.s.security.web.FilterChainProxy - Securing GET /api/v1/skills
2026-03-26 12:55:26 [http-nio-8085-exec-4] DEBUG c.k.s.s.JwtAuthenticationFilter - Set authentication for user: kojo
2026-03-26 12:55:26 [http-nio-8085-exec-4] DEBUG o.s.security.web.FilterChainProxy - Secured GET /api/v1/skills
2026-03-26 12:55:26 [http-nio-8085-exec-4] INFO  c.k.s.config.RequestLoggingFilter - >>> Incoming Request: [GET] /api/v1/skills 200 | Trace-ID: e6562455-c681-49f2-950e-353b8241f2b2 | Query: null
2026-03-26 12:55:26 [http-nio-8085-exec-4] DEBUG o.s.web.servlet.DispatcherServlet - GET "/api/v1/skills", parameters={}
2026-03-26 12:55:26 [http-nio-8085-exec-4] DEBUG o.s.w.s.m.m.a.RequestMappingHandlerMapping - Mapped to com.kojo.stack.api.controller.SkillController#getAll()
2026-03-26 12:55:26 [http-nio-8085-exec-4] INFO  com.kojo.stack.service.SkillService - Fetching all skills
2026-03-26 12:55:26 [http-nio-8085-exec-4] DEBUG o.s.data.mongodb.core.MongoTemplate - find using query: {} fields: Document{{}} for class: class com.kojo.stack.domain.model.TechSkill in collection: tech_skills
2026-03-26 12:55:26 [http-nio-8085-exec-4] DEBUG o.s.w.s.m.m.a.HttpEntityMethodProcessor - Using 'application/json', given [application/json, text/plain, */*] and supported [application/json, application/*+json]
2026-03-26 12:55:26 [http-nio-8085-exec-4] DEBUG o.s.w.s.m.m.a.HttpEntityMethodProcessor - Writing [[TechSkillDTO(id=698f12ab10b62159b6f711c7, name=Java 8/11/17/21, category=Backend, level=100, icon=j (truncated)...]
2026-03-26 12:55:26 [http-nio-8085-exec-4] DEBUG o.s.web.servlet.DispatcherServlet - Completed 200 OK
2026-03-26 12:55:26 [http-nio-8085-exec-4] INFO  c.k.s.config.RequestLoggingFilter - <<< Response: [GET] /api/v1/skills | Status: 200 | Duration: 38ms | Trace-ID: e6562455-c681-49f2-950e-353b8241f2b2
2026-03-26 12:55:33 [http-nio-8085-exec-9] DEBUG i.o.e.t.p.B3PropagatorExtractorMultipleHeaders - Invalid TraceId in B3 header: null'. Returning INVALID span context.
2026-03-26 12:55:33 [http-nio-8085-exec-9] DEBUG i.o.e.t.p.B3PropagatorExtractorMultipleHeaders - Invalid TraceId in B3 header: null'. Returning INVALID span context.
2026-03-26 12:55:33 [http-nio-8085-exec-9] DEBUG o.s.security.web.FilterChainProxy - Securing OPTIONS /api/v1/metrics
2026-03-26 12:55:33 [http-nio-8085-exec-1] DEBUG i.o.a.t.p.W3CTraceContextPropagator - Unparseable traceparent header. Returning INVALID span context.
2026-03-26 12:55:33 [http-nio-8085-exec-1] DEBUG o.s.security.web.FilterChainProxy - Securing GET /api/v1/metrics
2026-03-26 12:55:33 [http-nio-8085-exec-1] DEBUG c.k.s.s.JwtAuthenticationFilter - Set authentication for user: kojo
2026-03-26 12:55:33 [http-nio-8085-exec-1] DEBUG o.s.security.web.FilterChainProxy - Secured GET /api/v1/metrics
2026-03-26 12:55:33 [http-nio-8085-exec-1] INFO  c.k.s.config.RequestLoggingFilter - >>> Incoming Request: [GET] /api/v1/metrics 200 | Trace-ID: 76e9e748-7505-4404-be93-4a9990783b9a | Query: null
2026-03-26 12:55:33 [http-nio-8085-exec-1] DEBUG o.s.web.servlet.DispatcherServlet - GET "/api/v1/metrics", parameters={}
2026-03-26 12:55:33 [http-nio-8085-exec-1] DEBUG o.s.w.s.m.m.a.RequestMappingHandlerMapping - Mapped to com.kojo.stack.api.controller.MetricController#getAll()
2026-03-26 12:55:33 [http-nio-8085-exec-1] INFO  c.kojo.stack.service.MetricService - Fetching all metrics
2026-03-26 12:55:33 [http-nio-8085-exec-1] DEBUG o.s.data.mongodb.core.MongoTemplate - find using query: {} fields: Document{{}} for class: class com.kojo.stack.domain.model.Metric in collection: metrics
2026-03-26 12:55:33 [http-nio-8085-exec-1] DEBUG o.s.w.s.m.m.a.HttpEntityMethodProcessor - Using 'application/json', given [application/json, text/plain, */*] and supported [application/json, application/*+json]
2026-03-26 12:55:33 [http-nio-8085-exec-1] DEBUG o.s.w.s.m.m.a.HttpEntityMethodProcessor - Writing [[]]
2026-03-26 12:55:33 [http-nio-8085-exec-1] DEBUG o.s.web.servlet.DispatcherServlet - Completed 200 OK
2026-03-26 12:55:33 [http-nio-8085-exec-1] INFO  c.k.s.config.RequestLoggingFilter - <<< Response: [GET] /api/v1/metrics | Status: 200 | Duration: 14ms | Trace-ID: 76e9e748-7505-4404-be93-4a9990783b9a
2026-03-26 13:05:18 [http-nio-8085-exec-5] DEBUG i.o.a.t.p.W3CTraceContextPropagator - Unparseable traceparent header. Returning INVALID span context.
2026-03-26 13:05:18 [http-nio-8085-exec-5] DEBUG o.s.security.web.FilterChainProxy - Securing GET /api/v1/profiles
2026-03-26 13:05:18 [http-nio-8085-exec-5] DEBUG c.k.s.s.JwtAuthenticationFilter - Set authentication for user: kojo
2026-03-26 13:05:18 [http-nio-8085-exec-5] DEBUG o.s.security.web.FilterChainProxy - Secured GET /api/v1/profiles
2026-03-26 13:05:18 [http-nio-8085-exec-5] INFO  c.k.s.config.RequestLoggingFilter - >>> Incoming Request: [GET] /api/v1/profiles 200 | Trace-ID: d39b2f05-45cd-42c2-ac34-f12bdf64a8ed | Query: null
2026-03-26 13:05:18 [http-nio-8085-exec-5] DEBUG o.s.web.servlet.DispatcherServlet - GET "/api/v1/profiles", parameters={}
2026-03-26 13:05:18 [http-nio-8085-exec-5] DEBUG o.s.w.s.m.m.a.RequestMappingHandlerMapping - Mapped to com.kojo.stack.api.controller.ProfileController#getAll()
2026-03-26 13:05:18 [http-nio-8085-exec-5] DEBUG o.s.w.s.m.m.a.HttpEntityMethodProcessor - Using 'application/json', given [application/json, text/plain, */*] and supported [application/json, application/*+json]
2026-03-26 13:05:18 [http-nio-8085-exec-5] DEBUG o.s.w.s.m.m.a.HttpEntityMethodProcessor - Writing [[]]
2026-03-26 13:05:18 [http-nio-8085-exec-5] DEBUG o.s.web.servlet.DispatcherServlet - Completed 200 OK
2026-03-26 13:05:18 [http-nio-8085-exec-5] INFO  c.k.s.config.RequestLoggingFilter - <<< Response: [GET] /api/v1/profiles | Status: 200 | Duration: 26ms | Trace-ID: d39b2f05-45cd-42c2-ac34-f12bdf64a8ed
2026-03-26 13:05:18 [http-nio-8085-exec-10] DEBUG i.o.a.t.p.W3CTraceContextPropagator - Unparseable traceparent header. Returning INVALID span context.
2026-03-26 13:05:18 [http-nio-8085-exec-10] DEBUG o.s.security.web.FilterChainProxy - Securing GET /api/v1/profiles
2026-03-26 13:05:18 [http-nio-8085-exec-10] DEBUG c.k.s.s.JwtAuthenticationFilter - Set authentication for user: kojo
2026-03-26 13:05:18 [http-nio-8085-exec-10] DEBUG o.s.security.web.FilterChainProxy - Secured GET /api/v1/profiles
2026-03-26 13:05:18 [http-nio-8085-exec-10] INFO  c.k.s.config.RequestLoggingFilter - >>> Incoming Request: [GET] /api/v1/profiles 200 | Trace-ID: fbcb7872-b735-4c3b-a2cc-24d77042bdcf | Query: null
2026-03-26 13:05:18 [http-nio-8085-exec-10] DEBUG o.s.web.servlet.DispatcherServlet - GET "/api/v1/profiles", parameters={}
2026-03-26 13:05:18 [http-nio-8085-exec-10] DEBUG o.s.w.s.m.m.a.RequestMappingHandlerMapping - Mapped to com.kojo.stack.api.controller.ProfileController#getAll()
2026-03-26 13:05:18 [http-nio-8085-exec-10] DEBUG o.s.w.s.m.m.a.HttpEntityMethodProcessor - Using 'application/json', given [application/json, text/plain, */*] and supported [application/json, application/*+json]
2026-03-26 13:05:18 [http-nio-8085-exec-10] DEBUG o.s.w.s.m.m.a.HttpEntityMethodProcessor - Writing [[]]
2026-03-26 13:05:18 [http-nio-8085-exec-10] DEBUG o.s.web.servlet.DispatcherServlet - Completed 200 OK
2026-03-26 13:05:18 [http-nio-8085-exec-10] INFO  c.k.s.config.RequestLoggingFilter - <<< Response: [GET] /api/v1/profiles | Status: 200 | Duration: 14ms | Trace-ID: fbcb7872-b735-4c3b-a2cc-24d77042bdcf
2026-03-26 13:05:18 [http-nio-8085-exec-8] DEBUG i.o.a.t.p.W3CTraceContextPropagator - Unparseable traceparent header. Returning INVALID span context.
2026-03-26 13:05:18 [http-nio-8085-exec-8] DEBUG o.s.security.web.FilterChainProxy - Securing GET /api/v1/account
2026-03-26 13:05:18 [http-nio-8085-exec-8] DEBUG c.k.s.s.JwtAuthenticationFilter - Set authentication for user: kojo
2026-03-26 13:05:18 [http-nio-8085-exec-8] DEBUG o.s.security.web.FilterChainProxy - Secured GET /api/v1/account
2026-03-26 13:05:18 [http-nio-8085-exec-8] INFO  c.k.s.config.RequestLoggingFilter - >>> Incoming Request: [GET] /api/v1/account 200 | Trace-ID: ef1922a6-28b0-4834-a90b-024b8f853b92 | Query: null
2026-03-26 13:05:18 [http-nio-8085-exec-8] DEBUG o.s.web.servlet.DispatcherServlet - GET "/api/v1/account", parameters={}
2026-03-26 13:05:18 [http-nio-8085-exec-8] DEBUG o.s.w.s.m.m.a.RequestMappingHandlerMapping - Mapped to com.kojo.stack.api.controller.AccountController#getCurrentUser(Authentication)
2026-03-26 13:05:18 [http-nio-8085-exec-8] INFO  c.kojo.stack.service.AccountService - Fetching user login by login: kojo
2026-03-26 13:05:18 [http-nio-8085-exec-8] DEBUG o.s.d.m.r.query.MongoQueryCreator - Created query Query: { "login" : "kojo"}, Fields: {}, Sort: {}
2026-03-26 13:05:18 [http-nio-8085-exec-8] DEBUG o.s.data.mongodb.core.MongoTemplate - find using query: { "login" : "kojo"} fields: Document{{}} for class: class com.kojo.stack.domain.model.Account in collection: user_logins
2026-03-26 13:05:18 [http-nio-8085-exec-8] DEBUG o.s.w.s.m.m.a.HttpEntityMethodProcessor - Using 'application/json', given [application/json, text/plain, */*] and supported [application/json, application/*+json]
2026-03-26 13:05:18 [http-nio-8085-exec-8] DEBUG o.s.w.s.m.m.a.HttpEntityMethodProcessor - Writing [AccountDTO(id=69c474967b33c079208cd8f3, login=kojo, email=kojo@jojoaddison.net, password=$2a$10$gyNJ (truncated)...]
2026-03-26 13:05:18 [http-nio-8085-exec-8] DEBUG o.s.web.servlet.DispatcherServlet - Completed 200 OK
2026-03-26 13:05:18 [http-nio-8085-exec-8] INFO  c.k.s.config.RequestLoggingFilter - <<< Response: [GET] /api/v1/account | Status: 200 | Duration: 50ms | Trace-ID: ef1922a6-28b0-4834-a90b-024b8f853b92
2026-03-26 13:14:23 [http-nio-8085-exec-3] DEBUG i.o.a.t.p.W3CTraceContextPropagator - Unparseable traceparent header. Returning INVALID span context.
2026-03-26 13:14:23 [http-nio-8085-exec-3] DEBUG o.s.security.web.FilterChainProxy - Securing GET /api/v1/profiles
2026-03-26 13:14:23 [http-nio-8085-exec-3] DEBUG c.k.s.s.JwtAuthenticationFilter - Set authentication for user: kojo
2026-03-26 13:14:23 [http-nio-8085-exec-3] DEBUG o.s.security.web.FilterChainProxy - Secured GET /api/v1/profiles
2026-03-26 13:14:23 [http-nio-8085-exec-3] INFO  c.k.s.config.RequestLoggingFilter - >>> Incoming Request: [GET] /api/v1/profiles 200 | Trace-ID: 6fca8db7-7627-4e87-84b6-a9b47caa38f3 | Query: null
2026-03-26 13:14:23 [http-nio-8085-exec-3] DEBUG o.s.web.servlet.DispatcherServlet - GET "/api/v1/profiles", parameters={}
2026-03-26 13:14:23 [http-nio-8085-exec-3] DEBUG o.s.w.s.m.m.a.RequestMappingHandlerMapping - Mapped to com.kojo.stack.api.controller.ProfileController#getAll()
2026-03-26 13:14:23 [http-nio-8085-exec-3] DEBUG o.s.w.s.m.m.a.HttpEntityMethodProcessor - Using 'application/json', given [application/json, text/plain, */*] and supported [application/json, application/*+json]
2026-03-26 13:14:23 [http-nio-8085-exec-3] DEBUG o.s.w.s.m.m.a.HttpEntityMethodProcessor - Writing [[]]
2026-03-26 13:14:23 [http-nio-8085-exec-4] DEBUG i.o.a.t.p.W3CTraceContextPropagator - Unparseable traceparent header. Returning INVALID span context.
2026-03-26 13:14:23 [http-nio-8085-exec-4] DEBUG o.s.security.web.FilterChainProxy - Securing GET /api/v1/account
2026-03-26 13:14:23 [http-nio-8085-exec-3] DEBUG o.s.web.servlet.DispatcherServlet - Completed 200 OK
2026-03-26 13:14:23 [http-nio-8085-exec-3] INFO  c.k.s.config.RequestLoggingFilter - <<< Response: [GET] /api/v1/profiles | Status: 200 | Duration: 14ms | Trace-ID: 6fca8db7-7627-4e87-84b6-a9b47caa38f3
2026-03-26 13:14:23 [http-nio-8085-exec-4] DEBUG c.k.s.s.JwtAuthenticationFilter - Set authentication for user: kojo
2026-03-26 13:14:23 [http-nio-8085-exec-4] DEBUG o.s.security.web.FilterChainProxy - Secured GET /api/v1/account
2026-03-26 13:14:23 [http-nio-8085-exec-9] DEBUG i.o.a.t.p.W3CTraceContextPropagator - Unparseable traceparent header. Returning INVALID span context.
2026-03-26 13:14:23 [http-nio-8085-exec-9] DEBUG o.s.security.web.FilterChainProxy - Securing GET /api/v1/profiles
2026-03-26 13:14:23 [http-nio-8085-exec-4] INFO  c.k.s.config.RequestLoggingFilter - >>> Incoming Request: [GET] /api/v1/account 200 | Trace-ID: 905230d8-1d78-4297-b728-547d2f758625 | Query: null
2026-03-26 13:14:23 [http-nio-8085-exec-4] DEBUG o.s.web.servlet.DispatcherServlet - GET "/api/v1/account", parameters={}
2026-03-26 13:14:23 [http-nio-8085-exec-4] DEBUG o.s.w.s.m.m.a.RequestMappingHandlerMapping - Mapped to com.kojo.stack.api.controller.AccountController#getCurrentUser(Authentication)
2026-03-26 13:14:23 [http-nio-8085-exec-4] INFO  c.kojo.stack.service.AccountService - Fetching user login by login: kojo
2026-03-26 13:14:23 [http-nio-8085-exec-4] DEBUG o.s.d.m.r.query.MongoQueryCreator - Created query Query: { "login" : "kojo"}, Fields: {}, Sort: {}
2026-03-26 13:14:23 [http-nio-8085-exec-4] DEBUG o.s.data.mongodb.core.MongoTemplate - find using query: { "login" : "kojo"} fields: Document{{}} for class: class com.kojo.stack.domain.model.Account in collection: user_logins
2026-03-26 13:14:23 [http-nio-8085-exec-9] DEBUG c.k.s.s.JwtAuthenticationFilter - Set authentication for user: kojo
2026-03-26 13:14:23 [http-nio-8085-exec-9] DEBUG o.s.security.web.FilterChainProxy - Secured GET /api/v1/profiles
2026-03-26 13:14:23 [http-nio-8085-exec-9] INFO  c.k.s.config.RequestLoggingFilter - >>> Incoming Request: [GET] /api/v1/profiles 200 | Trace-ID: de772405-dd3f-416f-9c7e-f5cbcdea75a2 | Query: null
2026-03-26 13:14:23 [http-nio-8085-exec-9] DEBUG o.s.web.servlet.DispatcherServlet - GET "/api/v1/profiles", parameters={}
2026-03-26 13:14:23 [http-nio-8085-exec-9] DEBUG o.s.w.s.m.m.a.RequestMappingHandlerMapping - Mapped to com.kojo.stack.api.controller.ProfileController#getAll()
2026-03-26 13:14:23 [http-nio-8085-exec-9] DEBUG o.s.w.s.m.m.a.HttpEntityMethodProcessor - Using 'application/json', given [application/json, text/plain, */*] and supported [application/json, application/*+json]
2026-03-26 13:14:23 [http-nio-8085-exec-9] DEBUG o.s.w.s.m.m.a.HttpEntityMethodProcessor - Writing [[]]
2026-03-26 13:14:23 [http-nio-8085-exec-9] DEBUG o.s.web.servlet.DispatcherServlet - Completed 200 OK
2026-03-26 13:14:23 [http-nio-8085-exec-4] DEBUG o.s.w.s.m.m.a.HttpEntityMethodProcessor - Using 'application/json', given [application/json, text/plain, */*] and supported [application/json, application/*+json]
2026-03-26 13:14:23 [http-nio-8085-exec-9] INFO  c.k.s.config.RequestLoggingFilter - <<< Response: [GET] /api/v1/profiles | Status: 200 | Duration: 17ms | Trace-ID: de772405-dd3f-416f-9c7e-f5cbcdea75a2
2026-03-26 13:14:23 [http-nio-8085-exec-4] DEBUG o.s.w.s.m.m.a.HttpEntityMethodProcessor - Writing [AccountDTO(id=69c474967b33c079208cd8f3, login=kojo, email=kojo@jojoaddison.net, password=$2a$10$gyNJ (truncated)...]
2026-03-26 13:14:23 [http-nio-8085-exec-4] DEBUG o.s.web.servlet.DispatcherServlet - Completed 200 OK
2026-03-26 13:14:23 [http-nio-8085-exec-4] INFO  c.k.s.config.RequestLoggingFilter - <<< Response: [GET] /api/v1/account | Status: 200 | Duration: 51ms | Trace-ID: 905230d8-1d78-4297-b728-547d2f758625
2026-03-26 13:14:45 [http-nio-8085-exec-1] DEBUG i.o.a.t.p.W3CTraceContextPropagator - Unparseable traceparent header. Returning INVALID span context.
2026-03-26 13:14:45 [http-nio-8085-exec-1] DEBUG o.s.security.web.FilterChainProxy - Securing GET /api/v1/profiles
2026-03-26 13:14:45 [http-nio-8085-exec-1] DEBUG c.k.s.s.JwtAuthenticationFilter - Set authentication for user: kojo
2026-03-26 13:14:45 [http-nio-8085-exec-1] DEBUG o.s.security.web.FilterChainProxy - Secured GET /api/v1/profiles
2026-03-26 13:14:45 [http-nio-8085-exec-1] INFO  c.k.s.config.RequestLoggingFilter - >>> Incoming Request: [GET] /api/v1/profiles 200 | Trace-ID: 8304677f-4dd8-46e7-a933-c0676cd19cdb | Query: null
2026-03-26 13:14:45 [http-nio-8085-exec-1] DEBUG o.s.web.servlet.DispatcherServlet - GET "/api/v1/profiles", parameters={}
2026-03-26 13:14:45 [http-nio-8085-exec-1] DEBUG o.s.w.s.m.m.a.RequestMappingHandlerMapping - Mapped to com.kojo.stack.api.controller.ProfileController#getAll()
2026-03-26 13:14:45 [http-nio-8085-exec-1] DEBUG o.s.w.s.m.m.a.HttpEntityMethodProcessor - Using 'application/json', given [application/json, text/plain, */*] and supported [application/json, application/*+json]
2026-03-26 13:14:45 [http-nio-8085-exec-1] DEBUG o.s.w.s.m.m.a.HttpEntityMethodProcessor - Writing [[]]
2026-03-26 13:14:45 [http-nio-8085-exec-1] DEBUG o.s.web.servlet.DispatcherServlet - Completed 200 OK
2026-03-26 13:14:45 [http-nio-8085-exec-1] INFO  c.k.s.config.RequestLoggingFilter - <<< Response: [GET] /api/v1/profiles | Status: 200 | Duration: 16ms | Trace-ID: 8304677f-4dd8-46e7-a933-c0676cd19cdb
2026-03-26 13:14:45 [http-nio-8085-exec-1] DEBUG i.o.a.t.p.W3CTraceContextPropagator - Unparseable traceparent header. Returning INVALID span context.
2026-03-26 13:14:45 [http-nio-8085-exec-5] DEBUG i.o.a.t.p.W3CTraceContextPropagator - Unparseable traceparent header. Returning INVALID span context.
2026-03-26 13:14:45 [http-nio-8085-exec-1] DEBUG o.s.security.web.FilterChainProxy - Securing GET /api/v1/profiles
2026-03-26 13:14:45 [http-nio-8085-exec-5] DEBUG o.s.security.web.FilterChainProxy - Securing GET /api/v1/account
2026-03-26 13:14:45 [http-nio-8085-exec-1] DEBUG c.k.s.s.JwtAuthenticationFilter - Set authentication for user: kojo
2026-03-26 13:14:45 [http-nio-8085-exec-5] DEBUG c.k.s.s.JwtAuthenticationFilter - Set authentication for user: kojo
2026-03-26 13:14:45 [http-nio-8085-exec-1] DEBUG o.s.security.web.FilterChainProxy - Secured GET /api/v1/profiles
2026-03-26 13:14:45 [http-nio-8085-exec-1] INFO  c.k.s.config.RequestLoggingFilter - >>> Incoming Request: [GET] /api/v1/profiles 200 | Trace-ID: 4ffdb648-d5e2-4bf2-8fbe-92b2ccf5a35b | Query: null
2026-03-26 13:14:45 [http-nio-8085-exec-1] DEBUG o.s.web.servlet.DispatcherServlet - GET "/api/v1/profiles", parameters={}
2026-03-26 13:14:45 [http-nio-8085-exec-1] DEBUG o.s.w.s.m.m.a.RequestMappingHandlerMapping - Mapped to com.kojo.stack.api.controller.ProfileController#getAll()
2026-03-26 13:14:45 [http-nio-8085-exec-1] DEBUG o.s.w.s.m.m.a.HttpEntityMethodProcessor - Using 'application/json', given [application/json, text/plain, */*] and supported [application/json, application/*+json]
2026-03-26 13:14:45 [http-nio-8085-exec-5] DEBUG o.s.security.web.FilterChainProxy - Secured GET /api/v1/account
2026-03-26 13:14:45 [http-nio-8085-exec-5] INFO  c.k.s.config.RequestLoggingFilter - >>> Incoming Request: [GET] /api/v1/account 200 | Trace-ID: a8fe9f92-1f7f-478b-9b61-8f15474f0dd2 | Query: null
2026-03-26 13:14:45 [http-nio-8085-exec-5] DEBUG o.s.web.servlet.DispatcherServlet - GET "/api/v1/account", parameters={}
2026-03-26 13:14:45 [http-nio-8085-exec-1] DEBUG o.s.w.s.m.m.a.HttpEntityMethodProcessor - Writing [[]]
2026-03-26 13:14:45 [http-nio-8085-exec-5] DEBUG o.s.w.s.m.m.a.RequestMappingHandlerMapping - Mapped to com.kojo.stack.api.controller.AccountController#getCurrentUser(Authentication)
2026-03-26 13:14:45 [http-nio-8085-exec-5] INFO  c.kojo.stack.service.AccountService - Fetching user login by login: kojo
2026-03-26 13:14:45 [http-nio-8085-exec-5] DEBUG o.s.d.m.r.query.MongoQueryCreator - Created query Query: { "login" : "kojo"}, Fields: {}, Sort: {}
2026-03-26 13:14:45 [http-nio-8085-exec-5] DEBUG o.s.data.mongodb.core.MongoTemplate - find using query: { "login" : "kojo"} fields: Document{{}} for class: class com.kojo.stack.domain.model.Account in collection: user_logins
2026-03-26 13:14:45 [http-nio-8085-exec-1] DEBUG o.s.web.servlet.DispatcherServlet - Completed 200 OK
2026-03-26 13:14:45 [http-nio-8085-exec-1] INFO  c.k.s.config.RequestLoggingFilter - <<< Response: [GET] /api/v1/profiles | Status: 200 | Duration: 30ms | Trace-ID: 4ffdb648-d5e2-4bf2-8fbe-92b2ccf5a35b
2026-03-26 13:14:45 [http-nio-8085-exec-5] DEBUG o.s.w.s.m.m.a.HttpEntityMethodProcessor - Using 'application/json', given [application/json, text/plain, */*] and supported [application/json, application/*+json]
2026-03-26 13:14:45 [http-nio-8085-exec-5] DEBUG o.s.w.s.m.m.a.HttpEntityMethodProcessor - Writing [AccountDTO(id=69c474967b33c079208cd8f3, login=kojo, email=kojo@jojoaddison.net, password=$2a$10$gyNJ (truncated)...]
2026-03-26 13:14:45 [http-nio-8085-exec-5] DEBUG o.s.web.servlet.DispatcherServlet - Completed 200 OK
2026-03-26 13:14:45 [http-nio-8085-exec-5] INFO  c.k.s.config.RequestLoggingFilter - <<< Response: [GET] /api/v1/account | Status: 200 | Duration: 48ms | Trace-ID: a8fe9f92-1f7f-478b-9b61-8f15474f0dd2
2026-03-26 13:14:48 [http-nio-8085-exec-10] DEBUG i.o.a.t.p.W3CTraceContextPropagator - Unparseable traceparent header. Returning INVALID span context.
2026-03-26 13:14:48 [http-nio-8085-exec-10] DEBUG o.s.security.web.FilterChainProxy - Securing GET /api/v1/projects
2026-03-26 13:14:48 [http-nio-8085-exec-10] DEBUG c.k.s.s.JwtAuthenticationFilter - Set authentication for user: kojo
2026-03-26 13:14:48 [http-nio-8085-exec-10] DEBUG o.s.security.web.FilterChainProxy - Secured GET /api/v1/projects
2026-03-26 13:14:48 [http-nio-8085-exec-10] INFO  c.k.s.config.RequestLoggingFilter - >>> Incoming Request: [GET] /api/v1/projects 200 | Trace-ID: 10ddca59-8856-4128-b997-d4da6ca4e50b | Query: null
2026-03-26 13:14:48 [http-nio-8085-exec-10] DEBUG o.s.web.servlet.DispatcherServlet - GET "/api/v1/projects", parameters={}
2026-03-26 13:14:48 [http-nio-8085-exec-10] DEBUG o.s.w.s.m.m.a.RequestMappingHandlerMapping - Mapped to com.kojo.stack.api.controller.ProjectController#getAll()
2026-03-26 13:14:48 [http-nio-8085-exec-10] DEBUG o.s.w.s.m.m.a.HttpEntityMethodProcessor - Using 'application/json', given [application/json, text/plain, */*] and supported [application/json, application/*+json]
2026-03-26 13:14:48 [http-nio-8085-exec-10] DEBUG o.s.w.s.m.m.a.HttpEntityMethodProcessor - Writing [[ProjectDTO(id=698f12ab10b62159b6f711d5, name=Health Brokerage Platform, client=Abofonsa Mobile Heal (truncated)...]
2026-03-26 13:14:48 [http-nio-8085-exec-10] DEBUG o.s.web.servlet.DispatcherServlet - Completed 200 OK
2026-03-26 13:14:48 [http-nio-8085-exec-10] INFO  c.k.s.config.RequestLoggingFilter - <<< Response: [GET] /api/v1/projects | Status: 200 | Duration: 8ms | Trace-ID: 10ddca59-8856-4128-b997-d4da6ca4e50b
2026-03-26 13:14:52 [http-nio-8085-exec-8] DEBUG i.o.e.t.p.B3PropagatorExtractorMultipleHeaders - Invalid TraceId in B3 header: null'. Returning INVALID span context.
2026-03-26 13:14:52 [http-nio-8085-exec-8] DEBUG i.o.e.t.p.B3PropagatorExtractorMultipleHeaders - Invalid TraceId in B3 header: null'. Returning INVALID span context.
2026-03-26 13:14:52 [http-nio-8085-exec-8] DEBUG o.s.security.web.FilterChainProxy - Securing OPTIONS /api/v1/experiences
2026-03-26 13:14:52 [http-nio-8085-exec-6] DEBUG i.o.a.t.p.W3CTraceContextPropagator - Unparseable traceparent header. Returning INVALID span context.
2026-03-26 13:14:52 [http-nio-8085-exec-6] DEBUG o.s.security.web.FilterChainProxy - Securing GET /api/v1/experiences
2026-03-26 13:14:52 [http-nio-8085-exec-6] DEBUG c.k.s.s.JwtAuthenticationFilter - Set authentication for user: kojo
2026-03-26 13:14:52 [http-nio-8085-exec-6] DEBUG o.s.security.web.FilterChainProxy - Secured GET /api/v1/experiences
2026-03-26 13:14:52 [http-nio-8085-exec-6] INFO  c.k.s.config.RequestLoggingFilter - >>> Incoming Request: [GET] /api/v1/experiences 200 | Trace-ID: 0644c55a-e14e-4cd7-8673-0f21b3531c3d | Query: null
2026-03-26 13:14:52 [http-nio-8085-exec-6] DEBUG o.s.web.servlet.DispatcherServlet - GET "/api/v1/experiences", parameters={}
2026-03-26 13:14:52 [http-nio-8085-exec-6] DEBUG o.s.w.s.m.m.a.RequestMappingHandlerMapping - Mapped to com.kojo.stack.api.controller.ExperienceController#getAll()
2026-03-26 13:14:52 [http-nio-8085-exec-6] INFO  c.k.stack.service.ExperienceService - Fetching all experiences
2026-03-26 13:14:52 [http-nio-8085-exec-6] DEBUG o.s.data.mongodb.core.MongoTemplate - find using query: {} fields: Document{{}} for class: class com.kojo.stack.domain.model.Experience in collection: experiences
2026-03-26 13:14:52 [http-nio-8085-exec-6] DEBUG o.s.w.s.m.m.a.HttpEntityMethodProcessor - Using 'application/json', given [application/json, text/plain, */*] and supported [application/json, application/*+json]
2026-03-26 13:14:52 [http-nio-8085-exec-6] DEBUG o.s.w.s.m.m.a.HttpEntityMethodProcessor - Writing [[ExperienceDTO(id=698f12ab10b62159b6f711c2, company=Bundesrechenzentrum (BRZ), role=Software Develop (truncated)...]
2026-03-26 13:14:52 [http-nio-8085-exec-6] DEBUG o.s.web.servlet.DispatcherServlet - Completed 200 OK
2026-03-26 13:14:52 [http-nio-8085-exec-6] INFO  c.k.s.config.RequestLoggingFilter - <<< Response: [GET] /api/v1/experiences | Status: 200 | Duration: 19ms | Trace-ID: 0644c55a-e14e-4cd7-8673-0f21b3531c3d
2026-03-26 13:14:54 [http-nio-8085-exec-2] DEBUG i.o.a.t.p.W3CTraceContextPropagator - Unparseable traceparent header. Returning INVALID span context.
2026-03-26 13:14:54 [http-nio-8085-exec-2] DEBUG o.s.security.web.FilterChainProxy - Securing GET /api/v1/skills
2026-03-26 13:14:54 [http-nio-8085-exec-2] DEBUG c.k.s.s.JwtAuthenticationFilter - Set authentication for user: kojo
2026-03-26 13:14:54 [http-nio-8085-exec-2] DEBUG o.s.security.web.FilterChainProxy - Secured GET /api/v1/skills
2026-03-26 13:14:54 [http-nio-8085-exec-2] INFO  c.k.s.config.RequestLoggingFilter - >>> Incoming Request: [GET] /api/v1/skills 200 | Trace-ID: 8a01427e-59cd-4a3f-9076-acff9bdca1e6 | Query: null
2026-03-26 13:14:54 [http-nio-8085-exec-2] DEBUG o.s.web.servlet.DispatcherServlet - GET "/api/v1/skills", parameters={}
2026-03-26 13:14:54 [http-nio-8085-exec-2] DEBUG o.s.w.s.m.m.a.RequestMappingHandlerMapping - Mapped to com.kojo.stack.api.controller.SkillController#getAll()
2026-03-26 13:14:54 [http-nio-8085-exec-2] DEBUG o.s.w.s.m.m.a.HttpEntityMethodProcessor - Using 'application/json', given [application/json, text/plain, */*] and supported [application/json, application/*+json]
2026-03-26 13:14:54 [http-nio-8085-exec-2] DEBUG o.s.w.s.m.m.a.HttpEntityMethodProcessor - Writing [[TechSkillDTO(id=698f12ab10b62159b6f711c7, name=Java 8/11/17/21, category=Backend, level=100, icon=j (truncated)...]
2026-03-26 13:14:54 [http-nio-8085-exec-2] DEBUG o.s.web.servlet.DispatcherServlet - Completed 200 OK
2026-03-26 13:14:54 [http-nio-8085-exec-2] INFO  c.k.s.config.RequestLoggingFilter - <<< Response: [GET] /api/v1/skills | Status: 200 | Duration: 21ms | Trace-ID: 8a01427e-59cd-4a3f-9076-acff9bdca1e6
2026-03-26 13:15:04 [http-nio-8085-exec-3] DEBUG i.o.e.t.p.B3PropagatorExtractorMultipleHeaders - Invalid TraceId in B3 header: null'. Returning INVALID span context.
2026-03-26 13:15:04 [http-nio-8085-exec-3] DEBUG i.o.e.t.p.B3PropagatorExtractorMultipleHeaders - Invalid TraceId in B3 header: null'. Returning INVALID span context.
2026-03-26 13:15:04 [http-nio-8085-exec-3] DEBUG o.s.security.web.FilterChainProxy - Securing OPTIONS /api/v1/inquiries
2026-03-26 13:15:04 [http-nio-8085-exec-9] DEBUG i.o.a.t.p.W3CTraceContextPropagator - Unparseable traceparent header. Returning INVALID span context.
2026-03-26 13:15:04 [http-nio-8085-exec-9] DEBUG o.s.security.web.FilterChainProxy - Securing GET /api/v1/inquiries
2026-03-26 13:15:04 [http-nio-8085-exec-9] DEBUG c.k.s.s.JwtAuthenticationFilter - Set authentication for user: kojo
2026-03-26 13:15:04 [http-nio-8085-exec-9] DEBUG o.s.security.web.FilterChainProxy - Secured GET /api/v1/inquiries
2026-03-26 13:15:04 [http-nio-8085-exec-9] INFO  c.k.s.config.RequestLoggingFilter - >>> Incoming Request: [GET] /api/v1/inquiries 200 | Trace-ID: 191e0086-08d0-40cd-a70e-6f56ae40961e | Query: null
2026-03-26 13:15:04 [http-nio-8085-exec-9] DEBUG o.s.web.servlet.DispatcherServlet - GET "/api/v1/inquiries", parameters={}
2026-03-26 13:15:04 [http-nio-8085-exec-9] DEBUG o.s.w.s.m.m.a.RequestMappingHandlerMapping - Mapped to com.kojo.stack.api.controller.InquiryController#getAll()
2026-03-26 13:15:04 [http-nio-8085-exec-9] INFO  c.kojo.stack.service.InquiryService - Fetching all inquiries
2026-03-26 13:15:04 [http-nio-8085-exec-9] DEBUG o.s.data.mongodb.core.MongoTemplate - find using query: {} fields: Document{{}} for class: class com.kojo.stack.domain.model.Inquiry in collection: inquiries
2026-03-26 13:15:04 [http-nio-8085-exec-9] DEBUG o.s.w.s.m.m.a.HttpEntityMethodProcessor - Using 'application/json', given [application/json, text/plain, */*] and supported [application/json, application/*+json]
2026-03-26 13:15:04 [http-nio-8085-exec-9] DEBUG o.s.w.s.m.m.a.HttpEntityMethodProcessor - Writing [[]]
2026-03-26 13:15:04 [http-nio-8085-exec-9] DEBUG o.s.web.servlet.DispatcherServlet - Completed 200 OK
2026-03-26 13:15:04 [http-nio-8085-exec-9] INFO  c.k.s.config.RequestLoggingFilter - <<< Response: [GET] /api/v1/inquiries | Status: 200 | Duration: 22ms | Trace-ID: 191e0086-08d0-40cd-a70e-6f56ae40961e
2026-03-26 13:15:07 [http-nio-8085-exec-4] DEBUG i.o.a.t.p.W3CTraceContextPropagator - Unparseable traceparent header. Returning INVALID span context.
2026-03-26 13:15:07 [http-nio-8085-exec-4] DEBUG o.s.security.web.FilterChainProxy - Securing GET /api/v1/education
2026-03-26 13:15:07 [http-nio-8085-exec-4] DEBUG c.k.s.s.JwtAuthenticationFilter - Set authentication for user: kojo
2026-03-26 13:15:07 [http-nio-8085-exec-4] DEBUG o.s.security.web.FilterChainProxy - Secured GET /api/v1/education
2026-03-26 13:15:07 [http-nio-8085-exec-4] INFO  c.k.s.config.RequestLoggingFilter - >>> Incoming Request: [GET] /api/v1/education 200 | Trace-ID: 926cb88d-1eae-41f9-8883-75b890e94f8e | Query: null
2026-03-26 13:15:07 [http-nio-8085-exec-4] DEBUG o.s.web.servlet.DispatcherServlet - GET "/api/v1/education", parameters={}
2026-03-26 13:15:07 [http-nio-8085-exec-4] DEBUG o.s.w.s.m.m.a.RequestMappingHandlerMapping - Mapped to com.kojo.stack.api.controller.EducationController#getAll()
2026-03-26 13:15:07 [http-nio-8085-exec-4] DEBUG o.s.w.s.m.m.a.HttpEntityMethodProcessor - Using 'application/json', given [application/json, text/plain, */*] and supported [application/json, application/*+json]
2026-03-26 13:15:07 [http-nio-8085-exec-4] DEBUG o.s.w.s.m.m.a.HttpEntityMethodProcessor - Writing [[EducationDTO(id=698f12ab10b62159b6f711db, institution=Computer, Munich - Germany, subjects=[Monitor (truncated)...]
2026-03-26 13:15:07 [http-nio-8085-exec-4] DEBUG o.s.web.servlet.DispatcherServlet - Completed 200 OK
2026-03-26 13:15:07 [http-nio-8085-exec-4] INFO  c.k.s.config.RequestLoggingFilter - <<< Response: [GET] /api/v1/education | Status: 200 | Duration: 11ms | Trace-ID: 926cb88d-1eae-41f9-8883-75b890e94f8e
2026-03-26 13:15:28 [http-nio-8085-exec-7] DEBUG i.o.a.t.p.W3CTraceContextPropagator - Unparseable traceparent header. Returning INVALID span context.
2026-03-26 13:15:28 [http-nio-8085-exec-7] DEBUG o.s.security.web.FilterChainProxy - Securing GET /api/v1/profiles
2026-03-26 13:15:28 [http-nio-8085-exec-7] DEBUG c.k.s.s.JwtAuthenticationFilter - Set authentication for user: kojo
2026-03-26 13:15:28 [http-nio-8085-exec-7] DEBUG o.s.security.web.FilterChainProxy - Secured GET /api/v1/profiles
2026-03-26 13:15:28 [http-nio-8085-exec-7] INFO  c.k.s.config.RequestLoggingFilter - >>> Incoming Request: [GET] /api/v1/profiles 200 | Trace-ID: 48709ee5-942c-4b04-9f3c-5ee56feecc50 | Query: null
2026-03-26 13:15:28 [http-nio-8085-exec-7] DEBUG o.s.web.servlet.DispatcherServlet - GET "/api/v1/profiles", parameters={}
2026-03-26 13:15:28 [http-nio-8085-exec-7] DEBUG o.s.w.s.m.m.a.RequestMappingHandlerMapping - Mapped to com.kojo.stack.api.controller.ProfileController#getAll()
2026-03-26 13:15:28 [http-nio-8085-exec-7] DEBUG o.s.w.s.m.m.a.HttpEntityMethodProcessor - Using 'application/json', given [application/json, text/plain, */*] and supported [application/json, application/*+json]
2026-03-26 13:15:28 [http-nio-8085-exec-7] DEBUG o.s.w.s.m.m.a.HttpEntityMethodProcessor - Writing [[]]
2026-03-26 13:15:28 [http-nio-8085-exec-7] DEBUG o.s.web.servlet.DispatcherServlet - Completed 200 OK
2026-03-26 13:15:28 [http-nio-8085-exec-7] INFO  c.k.s.config.RequestLoggingFilter - <<< Response: [GET] /api/v1/profiles | Status: 200 | Duration: 12ms | Trace-ID: 48709ee5-942c-4b04-9f3c-5ee56feecc50
2026-03-26 13:15:31 [http-nio-8085-exec-1] DEBUG i.o.e.t.p.B3PropagatorExtractorMultipleHeaders - Invalid TraceId in B3 header: null'. Returning INVALID span context.
2026-03-26 13:15:31 [http-nio-8085-exec-1] DEBUG i.o.e.t.p.B3PropagatorExtractorMultipleHeaders - Invalid TraceId in B3 header: null'. Returning INVALID span context.
2026-03-26 13:15:31 [http-nio-8085-exec-1] DEBUG o.s.security.web.FilterChainProxy - Securing OPTIONS /api/v1/settings
2026-03-26 13:15:32 [http-nio-8085-exec-5] DEBUG i.o.a.t.p.W3CTraceContextPropagator - Unparseable traceparent header. Returning INVALID span context.
2026-03-26 13:15:32 [http-nio-8085-exec-5] DEBUG o.s.security.web.FilterChainProxy - Securing GET /api/v1/settings
2026-03-26 13:15:32 [http-nio-8085-exec-5] DEBUG c.k.s.s.JwtAuthenticationFilter - Set authentication for user: kojo
2026-03-26 13:15:32 [http-nio-8085-exec-5] DEBUG o.s.security.web.FilterChainProxy - Secured GET /api/v1/settings
2026-03-26 13:15:32 [http-nio-8085-exec-5] INFO  c.k.s.config.RequestLoggingFilter - >>> Incoming Request: [GET] /api/v1/settings 200 | Trace-ID: 665ae9ea-772b-4fa1-8c4a-5307e552f784 | Query: null
2026-03-26 13:15:32 [http-nio-8085-exec-5] DEBUG o.s.web.servlet.DispatcherServlet - GET "/api/v1/settings", parameters={}
2026-03-26 13:15:32 [http-nio-8085-exec-5] DEBUG o.s.w.s.m.m.a.RequestMappingHandlerMapping - Mapped to com.kojo.stack.api.controller.SettingsController#getAll()
2026-03-26 13:15:32 [http-nio-8085-exec-5] INFO  c.kojo.stack.service.SettingsService - Fetching all settings
2026-03-26 13:15:32 [http-nio-8085-exec-5] DEBUG o.s.data.mongodb.core.MongoTemplate - find using query: {} fields: Document{{}} for class: class com.kojo.stack.domain.model.Settings in collection: settings
2026-03-26 13:15:32 [http-nio-8085-exec-5] DEBUG o.s.w.s.m.m.a.HttpEntityMethodProcessor - Using 'application/json', given [application/json, text/plain, */*] and supported [application/json, application/*+json]
2026-03-26 13:15:32 [http-nio-8085-exec-5] DEBUG o.s.w.s.m.m.a.HttpEntityMethodProcessor - Writing [[]]
2026-03-26 13:15:32 [http-nio-8085-exec-5] DEBUG o.s.web.servlet.DispatcherServlet - Completed 200 OK
2026-03-26 13:15:32 [http-nio-8085-exec-5] INFO  c.k.s.config.RequestLoggingFilter - <<< Response: [GET] /api/v1/settings | Status: 200 | Duration: 15ms | Trace-ID: 665ae9ea-772b-4fa1-8c4a-5307e552f784
2026-03-26 13:15:35 [http-nio-8085-exec-10] DEBUG i.o.a.t.p.W3CTraceContextPropagator - Unparseable traceparent header. Returning INVALID span context.
2026-03-26 13:15:35 [http-nio-8085-exec-10] DEBUG o.s.security.web.FilterChainProxy - Securing GET /api/v1/metrics
2026-03-26 13:15:35 [http-nio-8085-exec-10] DEBUG c.k.s.s.JwtAuthenticationFilter - Set authentication for user: kojo
2026-03-26 13:15:35 [http-nio-8085-exec-10] DEBUG o.s.security.web.FilterChainProxy - Secured GET /api/v1/metrics
2026-03-26 13:15:35 [http-nio-8085-exec-10] INFO  c.k.s.config.RequestLoggingFilter - >>> Incoming Request: [GET] /api/v1/metrics 200 | Trace-ID: e9123d86-88e2-4a0a-967f-33b01a286d0f | Query: null
2026-03-26 13:15:35 [http-nio-8085-exec-10] DEBUG o.s.web.servlet.DispatcherServlet - GET "/api/v1/metrics", parameters={}
2026-03-26 13:15:35 [http-nio-8085-exec-10] DEBUG o.s.w.s.m.m.a.RequestMappingHandlerMapping - Mapped to com.kojo.stack.api.controller.MetricController#getAll()
2026-03-26 13:15:35 [http-nio-8085-exec-10] DEBUG o.s.w.s.m.m.a.HttpEntityMethodProcessor - Using 'application/json', given [application/json, text/plain, */*] and supported [application/json, application/*+json]
2026-03-26 13:15:35 [http-nio-8085-exec-10] DEBUG o.s.w.s.m.m.a.HttpEntityMethodProcessor - Writing [[]]
2026-03-26 13:15:35 [http-nio-8085-exec-10] DEBUG o.s.web.servlet.DispatcherServlet - Completed 200 OK
2026-03-26 13:15:35 [http-nio-8085-exec-10] INFO  c.k.s.config.RequestLoggingFilter - <<< Response: [GET] /api/v1/metrics | Status: 200 | Duration: 10ms | Trace-ID: e9123d86-88e2-4a0a-967f-33b01a286d0f
2026-03-26 13:16:28 [http-nio-8085-exec-2] DEBUG i.o.a.t.p.W3CTraceContextPropagator - Unparseable traceparent header. Returning INVALID span context.
2026-03-26 13:16:28 [http-nio-8085-exec-2] DEBUG o.s.security.web.FilterChainProxy - Securing GET /api/v1/settings
2026-03-26 13:16:28 [http-nio-8085-exec-2] DEBUG c.k.s.s.JwtAuthenticationFilter - Set authentication for user: kojo
2026-03-26 13:16:28 [http-nio-8085-exec-2] DEBUG o.s.security.web.FilterChainProxy - Secured GET /api/v1/settings
2026-03-26 13:16:28 [http-nio-8085-exec-2] INFO  c.k.s.config.RequestLoggingFilter - >>> Incoming Request: [GET] /api/v1/settings 200 | Trace-ID: ac3fd3a6-5ddf-4ae7-81e2-424aeef07d81 | Query: null
2026-03-26 13:16:28 [http-nio-8085-exec-2] DEBUG o.s.web.servlet.DispatcherServlet - GET "/api/v1/settings", parameters={}
2026-03-26 13:16:28 [http-nio-8085-exec-2] DEBUG o.s.w.s.m.m.a.RequestMappingHandlerMapping - Mapped to com.kojo.stack.api.controller.SettingsController#getAll()
2026-03-26 13:16:28 [http-nio-8085-exec-2] DEBUG o.s.w.s.m.m.a.HttpEntityMethodProcessor - Using 'application/json', given [application/json, text/plain, */*] and supported [application/json, application/*+json]
2026-03-26 13:16:28 [http-nio-8085-exec-2] DEBUG o.s.w.s.m.m.a.HttpEntityMethodProcessor - Writing [[]]
2026-03-26 13:16:28 [http-nio-8085-exec-2] DEBUG o.s.web.servlet.DispatcherServlet - Completed 200 OK
2026-03-26 13:16:28 [http-nio-8085-exec-2] INFO  c.k.s.config.RequestLoggingFilter - <<< Response: [GET] /api/v1/settings | Status: 200 | Duration: 6ms | Trace-ID: ac3fd3a6-5ddf-4ae7-81e2-424aeef07d81
